ERC report (2026-08-31T16:04:42, Encoding UTF8)
Report includes: Errors, Warnings

***** Sheet /
[pin_not_connected]: Pin not connected
    ; error
    @(70.66 mm, 265.23 mm): Symbol #PWR10062 Pin 1 [Power input, Line]
[pin_not_connected]: Pin not connected
    ; error
    @(78.28 mm, 261.42 mm): Symbol F1 Pin 1 [Passive, Line]
[pin_not_connected]: Pin not connected
    ; error
    @(78.28 mm, 269.04 mm): Symbol F1 Pin 2 [Passive, Line]
[label_dangling]: Label not connected
    ; error
    @(85.66 mm, 431.23 mm): Label '+12V'
[label_dangling]: Label not connected
    ; error
    @(87.28 mm, 433.23 mm): Label '+3.3VSB'
[pin_not_connected]: Pin not connected
    ; error
    @(89.47 mm, 431.23 mm): Symbol D6 Pin 1 [A1, Passive, Line]
[pin_not_connected]: Pin not connected
    ; error
    @(97.09 mm, 431.23 mm): Symbol D6 Pin 2 [A2, Passive, Line]
[label_dangling]: Label not connected
    ; error
    @(98.28 mm, 324.23 mm): Label 'VBUS'
[pin_not_connected]: Pin not connected
    ; error
    @(100.90 mm, 436.31 mm): Symbol #PWR10059 Pin 1 [Power input, Line]
[label_dangling]: Label not connected
    ; error
    @(103.28 mm, 275.73 mm): Label 'USB_DP'
[label_dangling]: Label not connected
    ; error
    @(103.28 mm, 326.73 mm): Label 'USB2_DP'
[pin_not_connected]: Pin not connected
    ; error
    @(105.28 mm, 273.23 mm): Symbol #PWR10048 Pin 1 [Power input, Line]
[pin_not_connected]: Pin not connected
    ; error
    @(105.28 mm, 324.23 mm): Symbol #PWR10072 Pin 1 [Power input, Line]
[pin_not_connected]: Pin not connected
    ; error
    @(105.28 mm, 373.23 mm): Symbol #PWR10046 Pin 1 [Power input, Line]
[pin_not_connected]: Pin not connected
    ; error
    @(114.39 mm, 278.23 mm): Symbol U24 Pin 1 [A1, Passive, Line]
[pin_not_connected]: Pin not connected
    ; error
    @(114.39 mm, 329.23 mm): Symbol U25 Pin 1 [A1, Passive, Line]
[pin_not_connected]: Pin not connected
    ; error
    @(114.39 mm, 379.23 mm): Symbol U26 Pin 1 [A1, Passive, Line]
[label_dangling]: Label not connected
    ; error
    @(115.66 mm, 280.77 mm): Label 'USB_DM'
[label_dangling]: Label not connected
    ; error
    @(115.66 mm, 331.77 mm): Label 'USB2_DM'
[label_dangling]: Label not connected
    ; error
    @(115.66 mm, 376.69 mm): Label 'USB3_DP'
[label_dangling]: Label not connected
    ; error
    @(115.66 mm, 381.77 mm): Label 'USB3_DM'
[pin_not_connected]: Pin not connected
    ; error
    @(123.28 mm, 282.04 mm): Symbol U24 Pin 3 [common, Passive, Line]
[pin_not_connected]: Pin not connected
    ; error
    @(123.28 mm, 333.04 mm): Symbol U25 Pin 3 [common, Passive, Line]
[pin_not_connected]: Pin not connected
    ; error
    @(123.28 mm, 383.04 mm): Symbol U26 Pin 3 [common, Passive, Line]
[pin_not_connected]: Pin not connected
    ; error
    @(123.28 mm, 458.23 mm): Symbol #PWR10060 Pin 1 [~, Power input, Line]
[pin_to_pin]: Pins of type Power output and Power output are connected
    ; error
    @(123.28 mm, 473.23 mm): Symbol #PWR0256 Pin 1 [Power output, Line]
    @(381.02 mm, 447.70 mm): Symbol #PWR09985 Pin 1 [Power output, Line]
[pin_not_connected]: Pin not connected
    ; error
    @(125.82 mm, 270.61 mm): Symbol #PWR09962 Pin 1 [Power input, Line]
[pin_not_connected]: Pin not connected
    ; error
    @(125.82 mm, 285.85 mm): Symbol #PWR09910 Pin 1 [Power input, Line]
[pin_not_connected]: Pin not connected
    ; error
    @(125.82 mm, 321.61 mm): Symbol #PWR10066 Pin 1 [Power input, Line]
[pin_not_connected]: Pin not connected
    ; error
    @(125.82 mm, 336.85 mm): Symbol #PWR09942 Pin 1 [Power input, Line]
[pin_not_connected]: Pin not connected
    ; error
    @(125.82 mm, 371.61 mm): Symbol #PWR10082 Pin 1 [Power input, Line]
[pin_not_connected]: Pin not connected
    ; error
    @(125.82 mm, 386.85 mm): Symbol #PWR10081 Pin 1 [Power input, Line]
[pin_not_connected]: Pin not connected
    ; error
    @(132.17 mm, 278.23 mm): Symbol U24 Pin 2 [A2, Passive, Line]
[pin_not_connected]: Pin not connected
    ; error
    @(132.17 mm, 329.23 mm): Symbol U25 Pin 2 [A2, Passive, Line]
[pin_not_connected]: Pin not connected
    ; error
    @(132.17 mm, 379.23 mm): Symbol U26 Pin 2 [A2, Passive, Line]
[label_dangling]: Label not connected
    ; error
    @(148.28 mm, 843.23 mm): Label 'VRM_CLKOUT'
[label_dangling]: Label not connected
    ; error
    @(148.28 mm, 845.77 mm): Label 'VRM_ISEN'
[label_dangling]: Label not connected
    ; error
    @(148.28 mm, 848.31 mm): Label 'VRM_CLKOUT2'
[label_dangling]: Label not connected
    ; error
    @(148.28 mm, 850.85 mm): Label 'VRM_ISEN2'
[label_dangling]: Label not connected
    ; error
    @(148.28 mm, 853.39 mm): Label 'VRM_CLKOUT3'
[label_dangling]: Label not connected
    ; error
    @(148.28 mm, 855.93 mm): Label 'VRM_ISEN3'
[label_dangling]: Label not connected
    ; error
    @(148.28 mm, 858.47 mm): Label 'VRM_CLKOUT4'
[label_dangling]: Label not connected
    ; error
    @(148.28 mm, 861.01 mm): Label 'VRM_ISEN4'
[label_dangling]: Label not connected
    ; error
    @(168.28 mm, 473.23 mm): Label 'RP2040_TX'
[label_dangling]: Label not connected
    ; error
    @(168.28 mm, 475.77 mm): Label 'RP2040_RX'
[label_dangling]: Label not connected
    ; error
    @(188.28 mm, 458.23 mm): Label 'GPU_DP_TX_P0'
[label_dangling]: Label not connected
    ; error
    @(188.28 mm, 463.31 mm): Label 'GPU_DP_TX_P1'
[label_dangling]: Label not connected
    ; error
    @(188.28 mm, 468.39 mm): Label 'GPU_DP_TX_P2'
[label_dangling]: Label not connected
    ; error
    @(188.28 mm, 483.63 mm): Label 'GPU_DP_AUX_P'
[label_dangling]: Label not connected
    ; error
    @(188.28 mm, 488.71 mm): Label 'GPU_DP_HPD'
[pin_not_connected]: Pin not connected
    ; error
    @(200.66 mm, 628.31 mm): Symbol #PWR10079 Pin 1 [Power input, Line]
[pin_not_connected]: Pin not connected
    ; error
    @(203.20 mm, 620.69 mm): Symbol J_UART1 Pin 1 [Pin_1, Passive, Line]
[pin_not_connected]: Pin not connected
    ; error
    @(203.20 mm, 623.23 mm): Symbol J_UART1 Pin 2 [Pin_2, Passive, Line]
[pin_not_connected]: Pin not connected
    ; error
    @(203.20 mm, 625.77 mm): Symbol J_UART1 Pin 3 [Pin_3, Passive, Line]
[label_dangling]: Label not connected
    ; error
    @(227.96 mm, 253.86 mm): Label 'DQ31_D1'
[label_dangling]: Label not connected
    ; error
    @(227.96 mm, 256.40 mm): Label 'DQ30_D1'
[label_dangling]: Label not connected
    ; error
    @(227.96 mm, 258.94 mm): Label 'DQ29_D1'
[label_dangling]: Label not connected
    ; error
    @(227.96 mm, 261.48 mm): Label 'DQ28_D1'
[label_dangling]: Label not connected
    ; error
    @(227.96 mm, 264.02 mm): Label 'DQ27_D1'
[label_dangling]: Label not connected
    ; error
    @(227.96 mm, 266.56 mm): Label 'DQ26_D1'
[label_dangling]: Label not connected
    ; error
    @(227.96 mm, 269.10 mm): Label 'DQ25_D1'
[label_dangling]: Label not connected
    ; error
    @(227.96 mm, 271.64 mm): Label 'DQ24_D1'
[label_dangling]: Label not connected
    ; error
    @(227.96 mm, 274.18 mm): Label 'DQ23_D1'
[label_dangling]: Label not connected
    ; error
    @(227.96 mm, 276.72 mm): Label 'DQ22_D1'
[label_dangling]: Label not connected
    ; error
    @(227.96 mm, 279.26 mm): Label 'DQ21_D1'
[label_dangling]: Label not connected
    ; error
    @(227.96 mm, 281.80 mm): Label 'DQ20_D1'
[label_dangling]: Label not connected
    ; error
    @(227.96 mm, 284.34 mm): Label 'DQ19_D1'
[label_dangling]: Label not connected
    ; error
    @(227.96 mm, 286.88 mm): Label 'DQ18_D1'
[label_dangling]: Label not connected
    ; error
    @(227.96 mm, 289.42 mm): Label 'DQ17_D1'
[label_dangling]: Label not connected
    ; error
    @(227.96 mm, 291.96 mm): Label 'DQ16_D1'
[label_dangling]: Label not connected
    ; error
    @(227.96 mm, 294.50 mm): Label 'DQ15_D1'
[label_dangling]: Label not connected
    ; error
    @(227.96 mm, 297.04 mm): Label 'DQ14_D1'
[label_dangling]: Label not connected
    ; error
    @(227.96 mm, 299.58 mm): Label 'DQ13_D1'
[label_dangling]: Label not connected
    ; error
    @(227.96 mm, 302.12 mm): Label 'DQ12_D1'
[label_dangling]: Label not connected
    ; error
    @(227.96 mm, 304.66 mm): Label 'DQ11_D1'
[label_dangling]: Label not connected
    ; error
    @(227.96 mm, 307.20 mm): Label 'DQ10_D1'
[label_dangling]: Label not connected
    ; error
    @(227.96 mm, 309.74 mm): Label 'DQ9_D1'
[label_dangling]: Label not connected
    ; error
    @(227.96 mm, 312.28 mm): Label 'DQ8_D1'
[label_dangling]: Label not connected
    ; error
    @(227.96 mm, 314.82 mm): Label 'DQ7_D1'
[label_dangling]: Label not connected
    ; error
    @(227.96 mm, 317.36 mm): Label 'DQ6_D1'
[label_dangling]: Label not connected
    ; error
    @(227.96 mm, 319.90 mm): Label 'DQ5_D1'
[label_dangling]: Label not connected
    ; error
    @(227.96 mm, 322.44 mm): Label 'DQ4_D1'
[label_dangling]: Label not connected
    ; error
    @(227.96 mm, 324.98 mm): Label 'DQ3_D1'
[label_dangling]: Label not connected
    ; error
    @(227.96 mm, 327.52 mm): Label 'DQ2_D1'
[label_dangling]: Label not connected
    ; error
    @(227.96 mm, 330.06 mm): Label 'DQ1_D1'
[label_dangling]: Label not connected
    ; error
    @(227.96 mm, 332.60 mm): Label 'DQ0_D1'
[label_dangling]: Label not connected
    ; error
    @(227.96 mm, 442.43 mm): Label 'DM8_n_DBI_n_NC_D1'
[label_dangling]: Label not connected
    ; error
    @(227.96 mm, 444.97 mm): Label 'DM7_n_DBI7_n_D1'
[label_dangling]: Label not connected
    ; error
    @(227.96 mm, 447.51 mm): Label 'DM6_n_DBI6_n_D1'
[label_dangling]: Label not connected
    ; error
    @(227.96 mm, 450.05 mm): Label 'DM5_n_DBI5_n_D1'
[label_dangling]: Label not connected
    ; error
    @(227.96 mm, 452.59 mm): Label 'DM4_n_DBI4_n_D1'
[label_dangling]: Label not connected
    ; error
    @(227.96 mm, 455.13 mm): Label 'DM3_n_DBI3_n_D1'
[label_dangling]: Label not connected
    ; error
    @(227.96 mm, 457.67 mm): Label 'DM2_n_DBI2_n_D1'
[label_dangling]: Label not connected
    ; error
    @(227.96 mm, 460.21 mm): Label 'DM1_n_DBI1_n_D1'
[label_dangling]: Label not connected
    ; error
    @(227.96 mm, 462.75 mm): Label 'DM0_n_DBI0_n_D1'
[label_dangling]: Label not connected
    ; error
    @(227.96 mm, 465.29 mm): Label 'DQ63_D1'
[label_dangling]: Label not connected
    ; error
    @(227.96 mm, 467.83 mm): Label 'DQ62_D1'
[label_dangling]: Label not connected
    ; error
    @(227.96 mm, 470.37 mm): Label 'DQ61_D1'
[label_dangling]: Label not connected
    ; error
    @(227.96 mm, 472.91 mm): Label 'DQ60_D1'
[label_dangling]: Label not connected
    ; error
    @(227.96 mm, 475.45 mm): Label 'DQ59_D1'
[label_dangling]: Label not connected
    ; error
    @(227.96 mm, 477.99 mm): Label 'DQ58_D1'
[label_dangling]: Label not connected
    ; error
    @(227.96 mm, 480.53 mm): Label 'DQ57_D1'
[label_dangling]: Label not connected
    ; error
    @(227.96 mm, 483.07 mm): Label 'DQ56_D1'
[label_dangling]: Label not connected
    ; error
    @(227.96 mm, 485.61 mm): Label 'DQ55_D1'
[label_dangling]: Label not connected
    ; error
    @(227.96 mm, 488.15 mm): Label 'DQ54_D1'
[label_dangling]: Label not connected
    ; error
    @(227.96 mm, 490.69 mm): Label 'DQ53_D1'
[label_dangling]: Label not connected
    ; error
    @(227.96 mm, 493.23 mm): Label 'DQ52_D1'
[label_dangling]: Label not connected
    ; error
    @(227.96 mm, 495.77 mm): Label 'DQ51_D1'
[label_dangling]: Label not connected
    ; error
    @(227.96 mm, 498.31 mm): Label 'DQ50_D1'
[label_dangling]: Label not connected
    ; error
    @(227.96 mm, 500.85 mm): Label 'DQ49_D1'
[label_dangling]: Label not connected
    ; error
    @(227.96 mm, 503.39 mm): Label 'DQ48_D1'
[label_dangling]: Label not connected
    ; error
    @(227.96 mm, 505.93 mm): Label 'DQ47_D1'
[label_dangling]: Label not connected
    ; error
    @(227.96 mm, 508.47 mm): Label 'DQ46_D1'
[label_dangling]: Label not connected
    ; error
    @(227.96 mm, 511.01 mm): Label 'DQ45_D1'
[label_dangling]: Label not connected
    ; error
    @(227.96 mm, 513.55 mm): Label 'DQ44_D1'
[label_dangling]: Label not connected
    ; error
    @(227.96 mm, 516.09 mm): Label 'DQ43_D1'
[label_dangling]: Label not connected
    ; error
    @(227.96 mm, 518.63 mm): Label 'DQ42_D1'
[label_dangling]: Label not connected
    ; error
    @(227.96 mm, 521.17 mm): Label 'DQ41_D1'
[label_dangling]: Label not connected
    ; error
    @(227.96 mm, 523.71 mm): Label 'DQ40_D1'
[label_dangling]: Label not connected
    ; error
    @(227.96 mm, 526.25 mm): Label 'DQ39_D1'
[label_dangling]: Label not connected
    ; error
    @(227.96 mm, 528.79 mm): Label 'DQ38_D1'
[label_dangling]: Label not connected
    ; error
    @(227.96 mm, 531.33 mm): Label 'DQ37_D1'
[label_dangling]: Label not connected
    ; error
    @(227.96 mm, 533.87 mm): Label 'DQ36_D1'
[label_dangling]: Label not connected
    ; error
    @(227.96 mm, 536.41 mm): Label 'DQ35_D1'
[label_dangling]: Label not connected
    ; error
    @(227.96 mm, 538.95 mm): Label 'DQ34_D1'
[label_dangling]: Label not connected
    ; error
    @(227.96 mm, 541.49 mm): Label 'DQ33_D1'
[label_dangling]: Label not connected
    ; error
    @(227.96 mm, 544.03 mm): Label 'DQ32_D1'
[label_dangling]: Label not connected
    ; error
    @(227.96 mm, 606.87 mm): Label 'C1_CS3_n_NC_D1'
[label_dangling]: Label not connected
    ; error
    @(227.96 mm, 609.41 mm): Label 'C0_CS2_n_NC_D1'
[label_dangling]: Label not connected
    ; error
    @(227.96 mm, 611.95 mm): Label 'CB7_NC_D1'
[label_dangling]: Label not connected
    ; error
    @(227.96 mm, 614.49 mm): Label 'CB6_NC_D1'
[label_dangling]: Label not connected
    ; error
    @(227.96 mm, 617.03 mm): Label 'CB5_NC_D1'
[label_dangling]: Label not connected
    ; error
    @(227.96 mm, 619.57 mm): Label 'CB4_NC_D1'
[label_dangling]: Label not connected
    ; error
    @(227.96 mm, 622.11 mm): Label 'CB3_NC_D1'
[label_dangling]: Label not connected
    ; error
    @(227.96 mm, 624.65 mm): Label 'CB2_NC_D1'
[label_dangling]: Label not connected
    ; error
    @(227.96 mm, 627.19 mm): Label 'CB1_NC_D1'
[label_dangling]: Label not connected
    ; error
    @(227.96 mm, 629.73 mm): Label 'CB0_NC_D1'
[label_dangling]: Label not connected
    ; error
    @(227.96 mm, 634.81 mm): Label 'SCL_SPD'
[label_dangling]: Label not connected
    ; error
    @(227.96 mm, 639.89 mm): Label 'DQS8_c_D1'
[label_dangling]: Label not connected
    ; error
    @(227.96 mm, 642.43 mm): Label 'DQS8_t_D1'
[label_dangling]: Label not connected
    ; error
    @(227.96 mm, 644.97 mm): Label 'DQS7_c_D1'
[label_dangling]: Label not connected
    ; error
    @(227.96 mm, 647.51 mm): Label 'DQS7_t_D1'
[label_dangling]: Label not connected
    ; error
    @(227.96 mm, 650.05 mm): Label 'DQS6_c_D1'
[label_dangling]: Label not connected
    ; error
    @(227.96 mm, 652.59 mm): Label 'DQS6_t_D1'
[label_dangling]: Label not connected
    ; error
    @(227.96 mm, 655.13 mm): Label 'DQS5_c_D1'
[label_dangling]: Label not connected
    ; error
    @(227.96 mm, 657.67 mm): Label 'DQS5_t_D1'
[label_dangling]: Label not connected
    ; error
    @(227.96 mm, 660.21 mm): Label 'DQS4_c_D1'
[label_dangling]: Label not connected
    ; error
    @(227.96 mm, 662.75 mm): Label 'DQS4_t_D1'
[label_dangling]: Label not connected
    ; error
    @(227.96 mm, 665.29 mm): Label 'DQS3_c_D1'
[label_dangling]: Label not connected
    ; error
    @(227.96 mm, 667.83 mm): Label 'DQS3_t_D1'
[label_dangling]: Label not connected
    ; error
    @(227.96 mm, 670.37 mm): Label 'DQS2_c_D1'
[label_dangling]: Label not connected
    ; error
    @(227.96 mm, 672.91 mm): Label 'DQS2_t_D1'
[label_dangling]: Label not connected
    ; error
    @(227.96 mm, 675.45 mm): Label 'DQS1_c_D1'
[label_dangling]: Label not connected
    ; error
    @(227.96 mm, 677.99 mm): Label 'DQS1_t_D1'
[label_dangling]: Label not connected
    ; error
    @(227.96 mm, 680.53 mm): Label 'DQS0_c_D1'
[label_dangling]: Label not connected
    ; error
    @(227.96 mm, 683.07 mm): Label 'DQS0_t_D1'
[label_dangling]: Label not connected
    ; error
    @(227.96 mm, 685.61 mm): Label 'RESET_n_D1'
[label_dangling]: Label not connected
    ; error
    @(227.96 mm, 688.15 mm): Label 'EVENT_n_NF_D1'
[label_dangling]: Label not connected
    ; error
    @(227.96 mm, 690.69 mm): Label 'PARITY_D1'
[label_dangling]: Label not connected
    ; error
    @(227.96 mm, 693.23 mm): Label 'ACT_n_D1'
[label_dangling]: Label not connected
    ; error
    @(227.96 mm, 695.77 mm): Label 'SA2_D1'
[label_dangling]: Label not connected
    ; error
    @(227.96 mm, 698.31 mm): Label 'SA1_D1'
[label_dangling]: Label not connected
    ; error
    @(227.96 mm, 700.85 mm): Label 'SA0_D1'
[label_dangling]: Label not connected
    ; error
    @(227.96 mm, 703.39 mm): Label 'CK1_c_NF_D1'
[label_dangling]: Label not connected
    ; error
    @(227.96 mm, 705.93 mm): Label 'CK1_t_NF_D1'
[label_dangling]: Label not connected
    ; error
    @(227.96 mm, 708.47 mm): Label 'CK0_c_D1'
[label_dangling]: Label not connected
    ; error
    @(227.96 mm, 711.01 mm): Label 'CK0_t_D1'
[label_dangling]: Label not connected
    ; error
    @(227.96 mm, 713.55 mm): Label 'ODT1_NC_D1'
[label_dangling]: Label not connected
    ; error
    @(227.96 mm, 716.09 mm): Label 'ODT0_D1'
[label_dangling]: Label not connected
    ; error
    @(227.96 mm, 718.63 mm): Label 'CKE1_NC_D1'
[label_dangling]: Label not connected
    ; error
    @(227.96 mm, 721.17 mm): Label 'CKE0_D1'
[label_dangling]: Label not connected
    ; error
    @(227.96 mm, 723.71 mm): Label 'CS1_n_NC_D1'
[label_dangling]: Label not connected
    ; error
    @(227.96 mm, 726.25 mm): Label 'CS0_n_D1'
[label_dangling]: Label not connected
    ; error
    @(227.96 mm, 728.79 mm): Label 'BG1_D1'
[label_dangling]: Label not connected
    ; error
    @(227.96 mm, 731.33 mm): Label 'BG0_D1'
[label_dangling]: Label not connected
    ; error
    @(227.96 mm, 733.87 mm): Label 'BA1_D1'
[label_dangling]: Label not connected
    ; error
    @(227.96 mm, 736.41 mm): Label 'BA0_D1'
[label_dangling]: Label not connected
    ; error
    @(227.96 mm, 738.95 mm): Label 'RAS_n_A16_D1'
[label_dangling]: Label not connected
    ; error
    @(227.96 mm, 741.49 mm): Label 'CAS_n_A15_D1'
[label_dangling]: Label not connected
    ; error
    @(227.96 mm, 744.03 mm): Label 'WE_n_A14_D1'
[label_dangling]: Label not connected
    ; error
    @(227.96 mm, 746.57 mm): Label 'A13_D1'
[label_dangling]: Label not connected
    ; error
    @(227.96 mm, 749.11 mm): Label 'A12_D1'
[label_dangling]: Label not connected
    ; error
    @(227.96 mm, 751.65 mm): Label 'A11_D1'
[label_dangling]: Label not connected
    ; error
    @(227.96 mm, 754.19 mm): Label 'A10_AP_D1'
[label_dangling]: Label not connected
    ; error
    @(227.96 mm, 756.73 mm): Label 'A9_D1'
[label_dangling]: Label not connected
    ; error
    @(227.96 mm, 759.27 mm): Label 'A8_D1'
[label_dangling]: Label not connected
    ; error
    @(227.96 mm, 761.81 mm): Label 'A7_D1'
[label_dangling]: Label not connected
    ; error
    @(227.96 mm, 764.35 mm): Label 'A6_D1'
[label_dangling]: Label not connected
    ; error
    @(227.96 mm, 766.89 mm): Label 'A5_D1'
[label_dangling]: Label not connected
    ; error
    @(227.96 mm, 769.43 mm): Label 'A4_D1'
[label_dangling]: Label not connected
    ; error
    @(227.96 mm, 771.97 mm): Label 'A3_D1'
[label_dangling]: Label not connected
    ; error
    @(227.96 mm, 774.51 mm): Label 'A2_D1'
[label_dangling]: Label not connected
    ; error
    @(227.96 mm, 777.05 mm): Label 'A1_D1'
[label_dangling]: Label not connected
    ; error
    @(227.96 mm, 779.59 mm): Label 'A0_D1'
[label_dangling]: Label not connected
    ; error
    @(227.96 mm, 809.41 mm): Label 'DQ2_B_D3'
[label_dangling]: Label not connected
    ; error
    @(227.96 mm, 811.95 mm): Label 'DQ1_B_D3'
[label_dangling]: Label not connected
    ; error
    @(227.96 mm, 814.49 mm): Label 'DQ0_B_D3'
[label_dangling]: Label not connected
    ; error
    @(227.96 mm, 819.57 mm): Label 'CS0_A_n_D3'
[label_dangling]: Label not connected
    ; error
    @(227.96 mm, 827.19 mm): Label 'CK0_A_c_D3'
[label_dangling]: Label not connected
    ; error
    @(227.96 mm, 834.81 mm): Label 'CA11_A_D3'
[label_dangling]: Label not connected
    ; error
    @(227.96 mm, 837.35 mm): Label 'CA10_A_D3'
[label_dangling]: Label not connected
    ; error
    @(227.96 mm, 839.89 mm): Label 'CA9_A_D3'
[label_dangling]: Label not connected
    ; error
    @(227.96 mm, 842.43 mm): Label 'CA8_A_D3'
[label_dangling]: Label not connected
    ; error
    @(227.96 mm, 847.51 mm): Label 'CA6_A_D3'
[label_dangling]: Label not connected
    ; error
    @(227.96 mm, 852.59 mm): Label 'CA4_A_D3'
[label_dangling]: Label not connected
    ; error
    @(227.96 mm, 855.13 mm): Label 'CA3_A_D3'
[label_dangling]: Label not connected
    ; error
    @(227.96 mm, 857.67 mm): Label 'CA2_A_D3'
[label_dangling]: Label not connected
    ; error
    @(227.96 mm, 862.75 mm): Label 'CA0_A_D3'
[label_dangling]: Label not connected
    ; error
    @(227.96 mm, 865.29 mm): Label 'DM3_A_n_D3'
[label_dangling]: Label not connected
    ; error
    @(227.96 mm, 870.37 mm): Label 'DM1_A_n_D3'
[label_dangling]: Label not connected
    ; error
    @(227.96 mm, 872.91 mm): Label 'DM0_A_n_D3'
[label_dangling]: Label not connected
    ; error
    @(227.96 mm, 875.45 mm): Label 'DQS4_A_c_D3'
[label_dangling]: Label not connected
    ; error
    @(227.96 mm, 880.53 mm): Label 'DQS2_A_c_D3'
[label_dangling]: Label not connected
    ; error
    @(227.96 mm, 883.07 mm): Label 'DQS1_A_c_D3'
[label_dangling]: Label not connected
    ; error
    @(227.96 mm, 885.61 mm): Label 'DQS0_A_c_D3'
[label_dangling]: Label not connected
    ; error
    @(227.96 mm, 890.69 mm): Label 'DQS3_A_t_D3'
[label_dangling]: Label not connected
    ; error
    @(227.96 mm, 893.23 mm): Label 'DQS2_A_t_D3'
[label_dangling]: Label not connected
    ; error
    @(227.96 mm, 895.77 mm): Label 'DQS1_A_t_D3'
[label_dangling]: Label not connected
    ; error
    @(227.96 mm, 903.39 mm): Label 'DQ30_A_D3'
[label_dangling]: Label not connected
    ; error
    @(227.96 mm, 905.93 mm): Label 'DQ29_A_D3'
[label_dangling]: Label not connected
    ; error
    @(227.96 mm, 908.47 mm): Label 'DQ28_A_D3'
[label_dangling]: Label not connected
    ; error
    @(227.96 mm, 911.01 mm): Label 'DQ27_A_D3'
[label_dangling]: Label not connected
    ; error
    @(227.96 mm, 918.63 mm): Label 'DQ24_A_D3'
[label_dangling]: Label not connected
    ; error
    @(227.96 mm, 921.17 mm): Label 'DQ23_A_D3'
[label_dangling]: Label not connected
    ; error
    @(227.96 mm, 928.79 mm): Label 'DQ20_A_D3'
[label_dangling]: Label not connected
    ; error
    @(227.96 mm, 931.33 mm): Label 'DQ19_A_D3'
[label_dangling]: Label not connected
    ; error
    @(227.96 mm, 933.87 mm): Label 'DQ18_A_D3'
[label_dangling]: Label not connected
    ; error
    @(227.96 mm, 941.49 mm): Label 'DQ15_A_D3'
[label_dangling]: Label not connected
    ; error
    @(227.96 mm, 944.03 mm): Label 'DQ14_A_D3'
[label_dangling]: Label not connected
    ; error
    @(227.96 mm, 946.57 mm): Label 'DQ13_A_D3'
[label_dangling]: Label not connected
    ; error
    @(227.96 mm, 951.65 mm): Label 'DQ11_A_D3'
[label_dangling]: Label not connected
    ; error
    @(227.96 mm, 966.89 mm): Label 'DQ5_A_D3'
[label_dangling]: Label not connected
    ; error
    @(227.96 mm, 969.43 mm): Label 'DQ4_A_D3'
[label_dangling]: Label not connected
    ; error
    @(227.96 mm, 971.97 mm): Label 'DQ3_A_D3'
[label_dangling]: Label not connected
    ; error
    @(227.96 mm, 974.51 mm): Label 'DQ2_A_D3'
[label_dangling]: Label not connected
    ; error
    @(227.96 mm, 979.59 mm): Label 'DQ0_A_D3'
[label_dangling]: Label not connected
    ; error
    @(227.96 mm, 1009.41 mm): Label 'DQ2_B_D4'
[label_dangling]: Label not connected
    ; error
    @(227.96 mm, 1011.95 mm): Label 'DQ1_B_D4'
[label_dangling]: Label not connected
    ; error
    @(227.96 mm, 1014.49 mm): Label 'DQ0_B_D4'
[label_dangling]: Label not connected
    ; error
    @(227.96 mm, 1022.11 mm): Label 'CK1_A_c_D4'
[label_dangling]: Label not connected
    ; error
    @(227.96 mm, 1027.19 mm): Label 'CK0_A_c_D4'
[label_dangling]: Label not connected
    ; error
    @(227.96 mm, 1034.81 mm): Label 'CA11_A_D4'
[label_dangling]: Label not connected
    ; error
    @(227.96 mm, 1037.35 mm): Label 'CA10_A_D4'
[label_dangling]: Label not connected
    ; error
    @(227.96 mm, 1039.89 mm): Label 'CA9_A_D4'
[label_dangling]: Label not connected
    ; error
    @(227.96 mm, 1042.43 mm): Label 'CA8_A_D4'
[label_dangling]: Label not connected
    ; error
    @(227.96 mm, 1044.97 mm): Label 'CA7_A_D4'
[label_dangling]: Label not connected
    ; error
    @(227.96 mm, 1047.51 mm): Label 'CA6_A_D4'
[label_dangling]: Label not connected
    ; error
    @(227.96 mm, 1052.59 mm): Label 'CA4_A_D4'
[label_dangling]: Label not connected
    ; error
    @(227.96 mm, 1055.13 mm): Label 'CA3_A_D4'
[label_dangling]: Label not connected
    ; error
    @(227.96 mm, 1072.91 mm): Label 'DM0_A_n_D4'
[label_dangling]: Label not connected
    ; error
    @(227.96 mm, 1080.53 mm): Label 'DQS2_A_c_D4'
[label_dangling]: Label not connected
    ; error
    @(227.96 mm, 1093.23 mm): Label 'DQS2_A_t_D4'
[label_dangling]: Label not connected
    ; error
    @(227.96 mm, 1095.77 mm): Label 'DQS1_A_t_D4'
[label_dangling]: Label not connected
    ; error
    @(227.96 mm, 1103.39 mm): Label 'DQ30_A_D4'
[label_dangling]: Label not connected
    ; error
    @(227.96 mm, 1111.01 mm): Label 'DQ27_A_D4'
[label_dangling]: Label not connected
    ; error
    @(227.96 mm, 1113.55 mm): Label 'DQ26_A_D4'
[label_dangling]: Label not connected
    ; error
    @(227.96 mm, 1116.09 mm): Label 'DQ25_A_D4'
[label_dangling]: Label not connected
    ; error
    @(227.96 mm, 1121.17 mm): Label 'DQ23_A_D4'
[label_dangling]: Label not connected
    ; error
    @(227.96 mm, 1126.25 mm): Label 'DQ21_A_D4'
[label_dangling]: Label not connected
    ; error
    @(227.96 mm, 1131.33 mm): Label 'DQ19_A_D4'
[label_dangling]: Label not connected
    ; error
    @(227.96 mm, 1136.41 mm): Label 'DQ17_A_D4'
[label_dangling]: Label not connected
    ; error
    @(227.96 mm, 1154.19 mm): Label 'DQ10_A_D4'
[label_dangling]: Label not connected
    ; error
    @(227.96 mm, 1159.27 mm): Label 'DQ8_A_D4'
[label_dangling]: Label not connected
    ; error
    @(227.96 mm, 1164.35 mm): Label 'DQ6_A_D4'
[label_dangling]: Label not connected
    ; error
    @(227.96 mm, 1169.43 mm): Label 'DQ4_A_D4'
[label_dangling]: Label not connected
    ; error
    @(227.96 mm, 1171.97 mm): Label 'DQ3_A_D4'
[label_dangling]: Label not connected
    ; error
    @(227.96 mm, 1174.51 mm): Label 'DQ2_A_D4'
[label_dangling]: Label not connected
    ; error
    @(227.96 mm, 1486.88 mm): Label 'ETH_REFCLK_n'
[label_dangling]: Label not connected
    ; error
    @(227.96 mm, 1669.10 mm): Label 'PS_ON'
[label_dangling]: Label not connected
    ; error
    @(227.96 mm, 1674.18 mm): Label 'PWROK_IN'
[label_dangling]: Label not connected
    ; error
    @(227.96 mm, 1679.26 mm): Label 'SUS_S3_n'
[label_dangling]: Label not connected
    ; error
    @(227.96 mm, 1684.34 mm): Label 'PLTRST_n'
[label_dangling]: Label not connected
    ; error
    @(227.96 mm, 1694.50 mm): Label 'SPI_MISO'
[label_dangling]: Label not connected
    ; error
    @(227.96 mm, 1699.58 mm): Label 'SPI_CLK'
[label_dangling]: Label not connected
    ; error
    @(227.96 mm, 1702.12 mm): Label 'LCLK'
[label_dangling]: Label not connected
    ; error
    @(227.96 mm, 1709.74 mm): Label 'LPC_AD3'
[label_dangling]: Label not connected
    ; error
    @(227.96 mm, 1714.82 mm): Label 'LPC_AD1'
[label_dangling]: Label not connected
    ; error
    @(227.96 mm, 1874.18 mm): Label 'J3_CC2'
[label_dangling]: Label not connected
    ; error
    @(227.96 mm, 1876.72 mm): Label 'J3_CC1'
[label_dangling]: Label not connected
    ; error
    @(227.96 mm, 1879.26 mm): Label 'J2_CC2'
[label_dangling]: Label not connected
    ; error
    @(227.96 mm, 1881.80 mm): Label 'J2_CC1'
[label_dangling]: Label not connected
    ; error
    @(227.96 mm, 1884.34 mm): Label 'J1_CC2'
[label_dangling]: Label not connected
    ; error
    @(227.96 mm, 1886.88 mm): Label 'J1_CC1'
[label_dangling]: Label not connected
    ; error
    @(227.96 mm, 1889.42 mm): Label 'GPIO_USB_DM'
[label_dangling]: Label not connected
    ; error
    @(227.96 mm, 1891.96 mm): Label 'GPIO_USB_DP'
[label_dangling]: Label not connected
    ; error
    @(227.96 mm, 1899.58 mm): Label 'HUB_D1_SS_TX_n'
[label_dangling]: Label not connected
    ; error
    @(227.96 mm, 1902.12 mm): Label 'HUB_D1_SS_TX_p'
[label_dangling]: Label not connected
    ; error
    @(227.96 mm, 1907.20 mm): Label 'USB_HUB_SS_RX_p'
[label_dangling]: Label not connected
    ; error
    @(227.96 mm, 1912.28 mm): Label 'USB_HUB_SS_TX_p'
[pin_not_connected]: Pin not connected
    ; error
    @(230.50 mm, 253.86 mm): Symbol U_CPU1 Pin 1L1 [DQ0_D1, Bidirectional, Line]
[pin_not_connected]: Pin not connected
    ; error
    @(230.50 mm, 256.40 mm): Symbol U_CPU1 Pin 1L2 [DQ1_D1, Bidirectional, Line]
[pin_not_connected]: Pin not connected
    ; error
    @(230.50 mm, 258.94 mm): Symbol U_CPU1 Pin 1L3 [DQ2_D1, Bidirectional, Line]
[pin_not_connected]: Pin not connected
    ; error
    @(230.50 mm, 261.48 mm): Symbol U_CPU1 Pin 1L4 [DQ3_D1, Bidirectional, Line]
[pin_not_connected]: Pin not connected
    ; error
    @(230.50 mm, 264.02 mm): Symbol U_CPU1 Pin 1L5 [DQ4_D1, Bidirectional, Line]
[pin_not_connected]: Pin not connected
    ; error
    @(230.50 mm, 266.56 mm): Symbol U_CPU1 Pin 1L6 [DQ5_D1, Bidirectional, Line]
[pin_not_connected]: Pin not connected
    ; error
    @(230.50 mm, 269.10 mm): Symbol U_CPU1 Pin 1L7 [DQ6_D1, Bidirectional, Line]
[pin_not_connected]: Pin not connected
    ; error
    @(230.50 mm, 271.64 mm): Symbol U_CPU1 Pin 1L8 [DQ7_D1, Bidirectional, Line]
[pin_not_connected]: Pin not connected
    ; error
    @(230.50 mm, 274.18 mm): Symbol U_CPU1 Pin 1L9 [DQ8_D1, Bidirectional, Line]
[pin_not_connected]: Pin not connected
    ; error
    @(230.50 mm, 276.72 mm): Symbol U_CPU1 Pin 1L10 [DQ9_D1, Bidirectional, Line]
[pin_not_connected]: Pin not connected
    ; error
    @(230.50 mm, 279.26 mm): Symbol U_CPU1 Pin 1L11 [DQ10_D1, Bidirectional, Line]
[pin_not_connected]: Pin not connected
    ; error
    @(230.50 mm, 281.80 mm): Symbol U_CPU1 Pin 1L12 [DQ11_D1, Bidirectional, Line]
[pin_not_connected]: Pin not connected
    ; error
    @(230.50 mm, 284.34 mm): Symbol U_CPU1 Pin 1L13 [DQ12_D1, Bidirectional, Line]
[pin_not_connected]: Pin not connected
    ; error
    @(230.50 mm, 286.88 mm): Symbol U_CPU1 Pin 1L14 [DQ13_D1, Bidirectional, Line]
[pin_not_connected]: Pin not connected
    ; error
    @(230.50 mm, 289.42 mm): Symbol U_CPU1 Pin 1L15 [DQ14_D1, Bidirectional, Line]
[pin_not_connected]: Pin not connected
    ; error
    @(230.50 mm, 291.96 mm): Symbol U_CPU1 Pin 1L16 [DQ15_D1, Bidirectional, Line]
[pin_not_connected]: Pin not connected
    ; error
    @(230.50 mm, 294.50 mm): Symbol U_CPU1 Pin 1L17 [DQ16_D1, Bidirectional, Line]
[pin_not_connected]: Pin not connected
    ; error
    @(230.50 mm, 297.04 mm): Symbol U_CPU1 Pin 1L18 [DQ17_D1, Bidirectional, Line]
[pin_not_connected]: Pin not connected
    ; error
    @(230.50 mm, 299.58 mm): Symbol U_CPU1 Pin 1L19 [DQ18_D1, Bidirectional, Line]
[pin_not_connected]: Pin not connected
    ; error
    @(230.50 mm, 302.12 mm): Symbol U_CPU1 Pin 1L20 [DQ19_D1, Bidirectional, Line]
[pin_not_connected]: Pin not connected
    ; error
    @(230.50 mm, 304.66 mm): Symbol U_CPU1 Pin 1L21 [DQ20_D1, Bidirectional, Line]
[pin_not_connected]: Pin not connected
    ; error
    @(230.50 mm, 307.20 mm): Symbol U_CPU1 Pin 1L22 [DQ21_D1, Bidirectional, Line]
[pin_not_connected]: Pin not connected
    ; error
    @(230.50 mm, 309.74 mm): Symbol U_CPU1 Pin 1L23 [DQ22_D1, Bidirectional, Line]
[pin_not_connected]: Pin not connected
    ; error
    @(230.50 mm, 312.28 mm): Symbol U_CPU1 Pin 1L24 [DQ23_D1, Bidirectional, Line]
[pin_not_connected]: Pin not connected
    ; error
    @(230.50 mm, 314.82 mm): Symbol U_CPU1 Pin 1L25 [DQ24_D1, Bidirectional, Line]
[pin_not_connected]: Pin not connected
    ; error
    @(230.50 mm, 317.36 mm): Symbol U_CPU1 Pin 1L26 [DQ25_D1, Bidirectional, Line]
[pin_not_connected]: Pin not connected
    ; error
    @(230.50 mm, 319.90 mm): Symbol U_CPU1 Pin 1L27 [DQ26_D1, Bidirectional, Line]
[pin_not_connected]: Pin not connected
    ; error
    @(230.50 mm, 322.44 mm): Symbol U_CPU1 Pin 1L28 [DQ27_D1, Bidirectional, Line]
[pin_not_connected]: Pin not connected
    ; error
    @(230.50 mm, 324.98 mm): Symbol U_CPU1 Pin 1L29 [DQ28_D1, Bidirectional, Line]
[pin_not_connected]: Pin not connected
    ; error
    @(230.50 mm, 327.52 mm): Symbol U_CPU1 Pin 1L30 [DQ29_D1, Bidirectional, Line]
[pin_not_connected]: Pin not connected
    ; error
    @(230.50 mm, 330.06 mm): Symbol U_CPU1 Pin 1L31 [DQ30_D1, Bidirectional, Line]
[pin_not_connected]: Pin not connected
    ; error
    @(230.50 mm, 332.60 mm): Symbol U_CPU1 Pin 1L32 [DQ31_D1, Bidirectional, Line]
[pin_not_connected]: Pin not connected
    ; error
    @(230.50 mm, 442.43 mm): Symbol U_CPU1 Pin 2L1 [DQ32_D1, Bidirectional, Line]
[pin_not_connected]: Pin not connected
    ; error
    @(230.50 mm, 444.97 mm): Symbol U_CPU1 Pin 2L2 [DQ33_D1, Bidirectional, Line]
[pin_not_connected]: Pin not connected
    ; error
    @(230.50 mm, 447.51 mm): Symbol U_CPU1 Pin 2L3 [DQ34_D1, Bidirectional, Line]
[pin_not_connected]: Pin not connected
    ; error
    @(230.50 mm, 450.05 mm): Symbol U_CPU1 Pin 2L4 [DQ35_D1, Bidirectional, Line]
[pin_not_connected]: Pin not connected
    ; error
    @(230.50 mm, 452.59 mm): Symbol U_CPU1 Pin 2L5 [DQ36_D1, Bidirectional, Line]
[pin_not_connected]: Pin not connected
    ; error
    @(230.50 mm, 455.13 mm): Symbol U_CPU1 Pin 2L6 [DQ37_D1, Bidirectional, Line]
[pin_not_connected]: Pin not connected
    ; error
    @(230.50 mm, 457.67 mm): Symbol U_CPU1 Pin 2L7 [DQ38_D1, Bidirectional, Line]
[pin_not_connected]: Pin not connected
    ; error
    @(230.50 mm, 460.21 mm): Symbol U_CPU1 Pin 2L8 [DQ39_D1, Bidirectional, Line]
[pin_not_connected]: Pin not connected
    ; error
    @(230.50 mm, 462.75 mm): Symbol U_CPU1 Pin 2L9 [DQ40_D1, Bidirectional, Line]
[pin_not_connected]: Pin not connected
    ; error
    @(230.50 mm, 465.29 mm): Symbol U_CPU1 Pin 2L10 [DQ41_D1, Bidirectional, Line]
[pin_not_connected]: Pin not connected
    ; error
    @(230.50 mm, 467.83 mm): Symbol U_CPU1 Pin 2L11 [DQ42_D1, Bidirectional, Line]
[pin_not_connected]: Pin not connected
    ; error
    @(230.50 mm, 470.37 mm): Symbol U_CPU1 Pin 2L12 [DQ43_D1, Bidirectional, Line]
[pin_not_connected]: Pin not connected
    ; error
    @(230.50 mm, 472.91 mm): Symbol U_CPU1 Pin 2L13 [DQ44_D1, Bidirectional, Line]
[pin_not_connected]: Pin not connected
    ; error
    @(230.50 mm, 475.45 mm): Symbol U_CPU1 Pin 2L14 [DQ45_D1, Bidirectional, Line]
[pin_not_connected]: Pin not connected
    ; error
    @(230.50 mm, 477.99 mm): Symbol U_CPU1 Pin 2L15 [DQ46_D1, Bidirectional, Line]
[pin_not_connected]: Pin not connected
    ; error
    @(230.50 mm, 480.53 mm): Symbol U_CPU1 Pin 2L16 [DQ47_D1, Bidirectional, Line]
[pin_not_connected]: Pin not connected
    ; error
    @(230.50 mm, 483.07 mm): Symbol U_CPU1 Pin 2L17 [DQ48_D1, Bidirectional, Line]
[pin_not_connected]: Pin not connected
    ; error
    @(230.50 mm, 485.61 mm): Symbol U_CPU1 Pin 2L18 [DQ49_D1, Bidirectional, Line]
[pin_not_connected]: Pin not connected
    ; error
    @(230.50 mm, 488.15 mm): Symbol U_CPU1 Pin 2L19 [DQ50_D1, Bidirectional, Line]
[pin_not_connected]: Pin not connected
    ; error
    @(230.50 mm, 490.69 mm): Symbol U_CPU1 Pin 2L20 [DQ51_D1, Bidirectional, Line]
[pin_not_connected]: Pin not connected
    ; error
    @(230.50 mm, 493.23 mm): Symbol U_CPU1 Pin 2L21 [DQ52_D1, Bidirectional, Line]
[pin_not_connected]: Pin not connected
    ; error
    @(230.50 mm, 495.77 mm): Symbol U_CPU1 Pin 2L22 [DQ53_D1, Bidirectional, Line]
[pin_not_connected]: Pin not connected
    ; error
    @(230.50 mm, 498.31 mm): Symbol U_CPU1 Pin 2L23 [DQ54_D1, Bidirectional, Line]
[pin_not_connected]: Pin not connected
    ; error
    @(230.50 mm, 500.85 mm): Symbol U_CPU1 Pin 2L24 [DQ55_D1, Bidirectional, Line]
[pin_not_connected]: Pin not connected
    ; error
    @(230.50 mm, 503.39 mm): Symbol U_CPU1 Pin 2L25 [DQ56_D1, Bidirectional, Line]
[pin_not_connected]: Pin not connected
    ; error
    @(230.50 mm, 505.93 mm): Symbol U_CPU1 Pin 2L26 [DQ57_D1, Bidirectional, Line]
[pin_not_connected]: Pin not connected
    ; error
    @(230.50 mm, 508.47 mm): Symbol U_CPU1 Pin 2L27 [DQ58_D1, Bidirectional, Line]
[pin_not_connected]: Pin not connected
    ; error
    @(230.50 mm, 511.01 mm): Symbol U_CPU1 Pin 2L28 [DQ59_D1, Bidirectional, Line]
[pin_not_connected]: Pin not connected
    ; error
    @(230.50 mm, 513.55 mm): Symbol U_CPU1 Pin 2L29 [DQ60_D1, Bidirectional, Line]
[pin_not_connected]: Pin not connected
    ; error
    @(230.50 mm, 516.09 mm): Symbol U_CPU1 Pin 2L30 [DQ61_D1, Bidirectional, Line]
[pin_not_connected]: Pin not connected
    ; error
    @(230.50 mm, 518.63 mm): Symbol U_CPU1 Pin 2L31 [DQ62_D1, Bidirectional, Line]
[pin_not_connected]: Pin not connected
    ; error
    @(230.50 mm, 521.17 mm): Symbol U_CPU1 Pin 2L32 [DQ63_D1, Bidirectional, Line]
[pin_not_connected]: Pin not connected
    ; error
    @(230.50 mm, 523.71 mm): Symbol U_CPU1 Pin 2L33 [DM0_n_DBI0_n_D1, Bidirectional, Line]
[pin_not_connected]: Pin not connected
    ; error
    @(230.50 mm, 526.25 mm): Symbol U_CPU1 Pin 2L34 [DM1_n_DBI1_n_D1, Bidirectional, Line]
[pin_not_connected]: Pin not connected
    ; error
    @(230.50 mm, 528.79 mm): Symbol U_CPU1 Pin 2L35 [DM2_n_DBI2_n_D1, Bidirectional, Line]
[pin_not_connected]: Pin not connected
    ; error
    @(230.50 mm, 531.33 mm): Symbol U_CPU1 Pin 2L36 [DM3_n_DBI3_n_D1, Bidirectional, Line]
[pin_not_connected]: Pin not connected
    ; error
    @(230.50 mm, 533.87 mm): Symbol U_CPU1 Pin 2L37 [DM4_n_DBI4_n_D1, Bidirectional, Line]
[pin_not_connected]: Pin not connected
    ; error
    @(230.50 mm, 536.41 mm): Symbol U_CPU1 Pin 2L38 [DM5_n_DBI5_n_D1, Bidirectional, Line]
[pin_not_connected]: Pin not connected
    ; error
    @(230.50 mm, 538.95 mm): Symbol U_CPU1 Pin 2L39 [DM6_n_DBI6_n_D1, Bidirectional, Line]
[pin_not_connected]: Pin not connected
    ; error
    @(230.50 mm, 541.49 mm): Symbol U_CPU1 Pin 2L40 [DM7_n_DBI7_n_D1, Bidirectional, Line]
[pin_not_connected]: Pin not connected
    ; error
    @(230.50 mm, 544.03 mm): Symbol U_CPU1 Pin 2L41 [DM8_n_DBI_n_NC_D1, Bidirectional, Line]
[pin_not_connected]: Pin not connected
    ; error
    @(230.50 mm, 606.87 mm): Symbol U_CPU1 Pin 3L1 [A0_D1, Output, Line]
[pin_not_connected]: Pin not connected
    ; error
    @(230.50 mm, 609.41 mm): Symbol U_CPU1 Pin 3L2 [A1_D1, Output, Line]
[pin_not_connected]: Pin not connected
    ; error
    @(230.50 mm, 611.95 mm): Symbol U_CPU1 Pin 3L3 [A2_D1, Output, Line]
[pin_not_connected]: Pin not connected
    ; error
    @(230.50 mm, 614.49 mm): Symbol U_CPU1 Pin 3L4 [A3_D1, Output, Line]
[pin_not_connected]: Pin not connected
    ; error
    @(230.50 mm, 617.03 mm): Symbol U_CPU1 Pin 3L5 [A4_D1, Output, Line]
[pin_not_connected]: Pin not connected
    ; error
    @(230.50 mm, 619.57 mm): Symbol U_CPU1 Pin 3L6 [A5_D1, Output, Line]
[pin_not_connected]: Pin not connected
    ; error
    @(230.50 mm, 622.11 mm): Symbol U_CPU1 Pin 3L7 [A6_D1, Output, Line]
[pin_not_connected]: Pin not connected
    ; error
    @(230.50 mm, 624.65 mm): Symbol U_CPU1 Pin 3L8 [A7_D1, Output, Line]
[pin_not_connected]: Pin not connected
    ; error
    @(230.50 mm, 627.19 mm): Symbol U_CPU1 Pin 3L9 [A8_D1, Output, Line]
[pin_not_connected]: Pin not connected
    ; error
    @(230.50 mm, 629.73 mm): Symbol U_CPU1 Pin 3L10 [A9_D1, Output, Line]
[pin_not_connected]: Pin not connected
    ; error
    @(230.50 mm, 632.27 mm): Symbol U_CPU1 Pin 3L11 [A10_AP_D1, Output, Line]
[pin_not_connected]: Pin not connected
    ; error
    @(230.50 mm, 634.81 mm): Symbol U_CPU1 Pin 3L12 [A11_D1, Output, Line]
[pin_not_connected]: Pin not connected
    ; error
    @(230.50 mm, 637.35 mm): Symbol U_CPU1 Pin 3L13 [A12_D1, Output, Line]
[pin_not_connected]: Pin not connected
    ; error
    @(230.50 mm, 639.89 mm): Symbol U_CPU1 Pin 3L14 [A13_D1, Output, Line]
[pin_not_connected]: Pin not connected
    ; error
    @(230.50 mm, 642.43 mm): Symbol U_CPU1 Pin 3L15 [WE_n_A14_D1, Output, Line]
[pin_not_connected]: Pin not connected
    ; error
    @(230.50 mm, 644.97 mm): Symbol U_CPU1 Pin 3L16 [CAS_n_A15_D1, Output, Line]
[pin_not_connected]: Pin not connected
    ; error
    @(230.50 mm, 647.51 mm): Symbol U_CPU1 Pin 3L17 [RAS_n_A16_D1, Output, Line]
[pin_not_connected]: Pin not connected
    ; error
    @(230.50 mm, 650.05 mm): Symbol U_CPU1 Pin 3L18 [BA0_D1, Output, Line]
[pin_not_connected]: Pin not connected
    ; error
    @(230.50 mm, 652.59 mm): Symbol U_CPU1 Pin 3L19 [BA1_D1, Output, Line]
[pin_not_connected]: Pin not connected
    ; error
    @(230.50 mm, 655.13 mm): Symbol U_CPU1 Pin 3L20 [BG0_D1, Output, Line]
[pin_not_connected]: Pin not connected
    ; error
    @(230.50 mm, 657.67 mm): Symbol U_CPU1 Pin 3L21 [BG1_D1, Output, Line]
[pin_not_connected]: Pin not connected
    ; error
    @(230.50 mm, 660.21 mm): Symbol U_CPU1 Pin 3L22 [CS0_n_D1, Output, Line]
[pin_not_connected]: Pin not connected
    ; error
    @(230.50 mm, 662.75 mm): Symbol U_CPU1 Pin 3L23 [CS1_n_NC_D1, Output, Line]
[pin_not_connected]: Pin not connected
    ; error
    @(230.50 mm, 665.29 mm): Symbol U_CPU1 Pin 3L24 [CKE0_D1, Output, Line]
[pin_not_connected]: Pin not connected
    ; error
    @(230.50 mm, 667.83 mm): Symbol U_CPU1 Pin 3L25 [CKE1_NC_D1, Output, Line]
[pin_not_connected]: Pin not connected
    ; error
    @(230.50 mm, 670.37 mm): Symbol U_CPU1 Pin 3L26 [ODT0_D1, Output, Line]
[pin_not_connected]: Pin not connected
    ; error
    @(230.50 mm, 672.91 mm): Symbol U_CPU1 Pin 3L27 [ODT1_NC_D1, Output, Line]
[pin_not_connected]: Pin not connected
    ; error
    @(230.50 mm, 675.45 mm): Symbol U_CPU1 Pin 3L28 [CK0_t_D1, Output, Line]
[pin_not_connected]: Pin not connected
    ; error
    @(230.50 mm, 677.99 mm): Symbol U_CPU1 Pin 3L29 [CK0_c_D1, Output, Line]
[pin_not_connected]: Pin not connected
    ; error
    @(230.50 mm, 680.53 mm): Symbol U_CPU1 Pin 3L30 [CK1_t_NF_D1, Output, Line]
[pin_not_connected]: Pin not connected
    ; error
    @(230.50 mm, 683.07 mm): Symbol U_CPU1 Pin 3L31 [CK1_c_NF_D1, Output, Line]
[pin_not_connected]: Pin not connected
    ; error
    @(230.50 mm, 685.61 mm): Symbol U_CPU1 Pin 3L32 [SA0_D1, Output, Line]
[pin_not_connected]: Pin not connected
    ; error
    @(230.50 mm, 688.15 mm): Symbol U_CPU1 Pin 3L33 [SA1_D1, Output, Line]
[pin_not_connected]: Pin not connected
    ; error
    @(230.50 mm, 690.69 mm): Symbol U_CPU1 Pin 3L34 [SA2_D1, Output, Line]
[pin_not_connected]: Pin not connected
    ; error
    @(230.50 mm, 693.23 mm): Symbol U_CPU1 Pin 3L35 [ACT_n_D1, Output, Line]
[pin_not_connected]: Pin not connected
    ; error
    @(230.50 mm, 695.77 mm): Symbol U_CPU1 Pin 3L36 [PARITY_D1, Output, Line]
[pin_not_connected]: Pin not connected
    ; error
    @(230.50 mm, 698.31 mm): Symbol U_CPU1 Pin 3L37 [EVENT_n_NF_D1, Output, Line]
[pin_not_connected]: Pin not connected
    ; error
    @(230.50 mm, 700.85 mm): Symbol U_CPU1 Pin 3L38 [RESET_n_D1, Output, Line]
[pin_not_connected]: Pin not connected
    ; error
    @(230.50 mm, 703.39 mm): Symbol U_CPU1 Pin 3L39 [DQS0_t_D1, Output, Line]
[pin_not_connected]: Pin not connected
    ; error
    @(230.50 mm, 705.93 mm): Symbol U_CPU1 Pin 3L40 [DQS0_c_D1, Output, Line]
[pin_not_connected]: Pin not connected
    ; error
    @(230.50 mm, 708.47 mm): Symbol U_CPU1 Pin 3L41 [DQS1_t_D1, Output, Line]
[pin_not_connected]: Pin not connected
    ; error
    @(230.50 mm, 711.01 mm): Symbol U_CPU1 Pin 3L42 [DQS1_c_D1, Output, Line]
[pin_not_connected]: Pin not connected
    ; error
    @(230.50 mm, 713.55 mm): Symbol U_CPU1 Pin 3L43 [DQS2_t_D1, Output, Line]
[pin_not_connected]: Pin not connected
    ; error
    @(230.50 mm, 716.09 mm): Symbol U_CPU1 Pin 3L44 [DQS2_c_D1, Output, Line]
[pin_not_connected]: Pin not connected
    ; error
    @(230.50 mm, 718.63 mm): Symbol U_CPU1 Pin 3L45 [DQS3_t_D1, Output, Line]
[pin_not_connected]: Pin not connected
    ; error
    @(230.50 mm, 721.17 mm): Symbol U_CPU1 Pin 3L46 [DQS3_c_D1, Output, Line]
[pin_not_connected]: Pin not connected
    ; error
    @(230.50 mm, 723.71 mm): Symbol U_CPU1 Pin 3L47 [DQS4_t_D1, Output, Line]
[pin_not_connected]: Pin not connected
    ; error
    @(230.50 mm, 726.25 mm): Symbol U_CPU1 Pin 3L48 [DQS4_c_D1, Output, Line]
[pin_not_connected]: Pin not connected
    ; error
    @(230.50 mm, 728.79 mm): Symbol U_CPU1 Pin 3L49 [DQS5_t_D1, Output, Line]
[pin_not_connected]: Pin not connected
    ; error
    @(230.50 mm, 731.33 mm): Symbol U_CPU1 Pin 3L50 [DQS5_c_D1, Output, Line]
[pin_not_connected]: Pin not connected
    ; error
    @(230.50 mm, 733.87 mm): Symbol U_CPU1 Pin 3L51 [DQS6_t_D1, Output, Line]
[pin_not_connected]: Pin not connected
    ; error
    @(230.50 mm, 736.41 mm): Symbol U_CPU1 Pin 3L52 [DQS6_c_D1, Output, Line]
[pin_not_connected]: Pin not connected
    ; error
    @(230.50 mm, 738.95 mm): Symbol U_CPU1 Pin 3L53 [DQS7_t_D1, Output, Line]
[pin_not_connected]: Pin not connected
    ; error
    @(230.50 mm, 741.49 mm): Symbol U_CPU1 Pin 3L54 [DQS7_c_D1, Output, Line]
[pin_not_connected]: Pin not connected
    ; error
    @(230.50 mm, 744.03 mm): Symbol U_CPU1 Pin 3L55 [DQS8_t_D1, Output, Line]
[pin_not_connected]: Pin not connected
    ; error
    @(230.50 mm, 746.57 mm): Symbol U_CPU1 Pin 3L56 [DQS8_c_D1, Output, Line]
[pin_not_connected]: Pin not connected
    ; error
    @(230.50 mm, 749.11 mm): Symbol U_CPU1 Pin 3L57 [VREFCA_D1, Input, Line]
[pin_not_driven]: Input pin not driven by any Output pins
    ; error
    @(230.50 mm, 749.11 mm): Symbol U_CPU1 Pin 3L57 [VREFCA_D1, Input, Line]
[pin_not_connected]: Pin not connected
    ; error
    @(230.50 mm, 751.65 mm): Symbol U_CPU1 Pin 3L58 [SCL_SPD, Input, Line]
[pin_not_driven]: Input pin not driven by any Output pins
    ; error
    @(230.50 mm, 751.65 mm): Symbol U_CPU1 Pin 3L58 [SCL_SPD, Input, Line]
[pin_not_connected]: Pin not connected
    ; error
    @(230.50 mm, 754.19 mm): Symbol U_CPU1 Pin 3L59 [SDA_SPD, Input, Line]
[pin_not_driven]: Input pin not driven by any Output pins
    ; error
    @(230.50 mm, 754.19 mm): Symbol U_CPU1 Pin 3L59 [SDA_SPD, Input, Line]
[pin_not_connected]: Pin not connected
    ; error
    @(230.50 mm, 756.73 mm): Symbol U_CPU1 Pin 3L60 [CB0_NC_D1, Input, Line]
[pin_not_driven]: Input pin not driven by any Output pins
    ; error
    @(230.50 mm, 756.73 mm): Symbol U_CPU1 Pin 3L60 [CB0_NC_D1, Input, Line]
[pin_not_connected]: Pin not connected
    ; error
    @(230.50 mm, 759.27 mm): Symbol U_CPU1 Pin 3L61 [CB1_NC_D1, Input, Line]
[pin_not_driven]: Input pin not driven by any Output pins
    ; error
    @(230.50 mm, 759.27 mm): Symbol U_CPU1 Pin 3L61 [CB1_NC_D1, Input, Line]
[pin_not_connected]: Pin not connected
    ; error
    @(230.50 mm, 761.81 mm): Symbol U_CPU1 Pin 3L62 [CB2_NC_D1, Input, Line]
[pin_not_driven]: Input pin not driven by any Output pins
    ; error
    @(230.50 mm, 761.81 mm): Symbol U_CPU1 Pin 3L62 [CB2_NC_D1, Input, Line]
[pin_not_connected]: Pin not connected
    ; error
    @(230.50 mm, 764.35 mm): Symbol U_CPU1 Pin 3L63 [CB3_NC_D1, Input, Line]
[pin_not_driven]: Input pin not driven by any Output pins
    ; error
    @(230.50 mm, 764.35 mm): Symbol U_CPU1 Pin 3L63 [CB3_NC_D1, Input, Line]
[pin_not_connected]: Pin not connected
    ; error
    @(230.50 mm, 766.89 mm): Symbol U_CPU1 Pin 3L64 [CB4_NC_D1, Input, Line]
[pin_not_driven]: Input pin not driven by any Output pins
    ; error
    @(230.50 mm, 766.89 mm): Symbol U_CPU1 Pin 3L64 [CB4_NC_D1, Input, Line]
[pin_not_connected]: Pin not connected
    ; error
    @(230.50 mm, 769.43 mm): Symbol U_CPU1 Pin 3L65 [CB5_NC_D1, Input, Line]
[pin_not_driven]: Input pin not driven by any Output pins
    ; error
    @(230.50 mm, 769.43 mm): Symbol U_CPU1 Pin 3L65 [CB5_NC_D1, Input, Line]
[pin_not_connected]: Pin not connected
    ; error
    @(230.50 mm, 771.97 mm): Symbol U_CPU1 Pin 3L66 [CB6_NC_D1, Input, Line]
[pin_not_driven]: Input pin not driven by any Output pins
    ; error
    @(230.50 mm, 771.97 mm): Symbol U_CPU1 Pin 3L66 [CB6_NC_D1, Input, Line]
[pin_not_connected]: Pin not connected
    ; error
    @(230.50 mm, 774.51 mm): Symbol U_CPU1 Pin 3L67 [CB7_NC_D1, Input, Line]
[pin_not_driven]: Input pin not driven by any Output pins
    ; error
    @(230.50 mm, 774.51 mm): Symbol U_CPU1 Pin 3L67 [CB7_NC_D1, Input, Line]
[pin_not_connected]: Pin not connected
    ; error
    @(230.50 mm, 777.05 mm): Symbol U_CPU1 Pin 3L68 [C0_CS2_n_NC_D1, Input, Line]
[pin_not_driven]: Input pin not driven by any Output pins
    ; error
    @(230.50 mm, 777.05 mm): Symbol U_CPU1 Pin 3L68 [C0_CS2_n_NC_D1, Input, Line]
[pin_not_connected]: Pin not connected
    ; error
    @(230.50 mm, 779.59 mm): Symbol U_CPU1 Pin 3L69 [C1_CS3_n_NC_D1, Input, Line]
[pin_not_driven]: Input pin not driven by any Output pins
    ; error
    @(230.50 mm, 779.59 mm): Symbol U_CPU1 Pin 3L69 [C1_CS3_n_NC_D1, Input, Line]
[pin_not_connected]: Pin not connected
    ; error
    @(230.50 mm, 806.87 mm): Symbol U_CPU1 Pin 4L1 [DQ0_A_D3, Bidirectional, Line]
[pin_not_connected]: Pin not connected
    ; error
    @(230.50 mm, 809.41 mm): Symbol U_CPU1 Pin 4L2 [DQ1_A_D3, Bidirectional, Line]
[pin_not_connected]: Pin not connected
    ; error
    @(230.50 mm, 811.95 mm): Symbol U_CPU1 Pin 4L3 [DQ2_A_D3, Bidirectional, Line]
[pin_not_connected]: Pin not connected
    ; error
    @(230.50 mm, 814.49 mm): Symbol U_CPU1 Pin 4L4 [DQ3_A_D3, Bidirectional, Line]
[pin_not_connected]: Pin not connected
    ; error
    @(230.50 mm, 817.03 mm): Symbol U_CPU1 Pin 4L5 [DQ4_A_D3, Bidirectional, Line]
[pin_not_connected]: Pin not connected
    ; error
    @(230.50 mm, 819.57 mm): Symbol U_CPU1 Pin 4L6 [DQ5_A_D3, Bidirectional, Line]
[pin_not_connected]: Pin not connected
    ; error
    @(230.50 mm, 822.11 mm): Symbol U_CPU1 Pin 4L7 [DQ6_A_D3, Bidirectional, Line]
[pin_not_connected]: Pin not connected
    ; error
    @(230.50 mm, 824.65 mm): Symbol U_CPU1 Pin 4L8 [DQ7_A_D3, Bidirectional, Line]
[pin_not_connected]: Pin not connected
    ; error
    @(230.50 mm, 827.19 mm): Symbol U_CPU1 Pin 4L9 [DQ8_A_D3, Bidirectional, Line]
[pin_not_connected]: Pin not connected
    ; error
    @(230.50 mm, 829.73 mm): Symbol U_CPU1 Pin 4L10 [DQ9_A_D3, Bidirectional, Line]
[pin_not_connected]: Pin not connected
    ; error
    @(230.50 mm, 832.27 mm): Symbol U_CPU1 Pin 4L11 [DQ10_A_D3, Bidirectional, Line]
[pin_not_connected]: Pin not connected
    ; error
    @(230.50 mm, 834.81 mm): Symbol U_CPU1 Pin 4L12 [DQ11_A_D3, Bidirectional, Line]
[pin_not_connected]: Pin not connected
    ; error
    @(230.50 mm, 837.35 mm): Symbol U_CPU1 Pin 4L13 [DQ12_A_D3, Bidirectional, Line]
[pin_not_connected]: Pin not connected
    ; error
    @(230.50 mm, 839.89 mm): Symbol U_CPU1 Pin 4L14 [DQ13_A_D3, Bidirectional, Line]
[pin_not_connected]: Pin not connected
    ; error
    @(230.50 mm, 842.43 mm): Symbol U_CPU1 Pin 4L15 [DQ14_A_D3, Bidirectional, Line]
[pin_not_connected]: Pin not connected
    ; error
    @(230.50 mm, 844.97 mm): Symbol U_CPU1 Pin 4L16 [DQ15_A_D3, Bidirectional, Line]
[pin_not_connected]: Pin not connected
    ; error
    @(230.50 mm, 847.51 mm): Symbol U_CPU1 Pin 4L17 [DQ16_A_D3, Bidirectional, Line]
[pin_not_connected]: Pin not connected
    ; error
    @(230.50 mm, 850.05 mm): Symbol U_CPU1 Pin 4L18 [DQ17_A_D3, Bidirectional, Line]
[pin_not_connected]: Pin not connected
    ; error
    @(230.50 mm, 852.59 mm): Symbol U_CPU1 Pin 4L19 [DQ18_A_D3, Bidirectional, Line]
[pin_not_connected]: Pin not connected
    ; error
    @(230.50 mm, 855.13 mm): Symbol U_CPU1 Pin 4L20 [DQ19_A_D3, Bidirectional, Line]
[pin_not_connected]: Pin not connected
    ; error
    @(230.50 mm, 857.67 mm): Symbol U_CPU1 Pin 4L21 [DQ20_A_D3, Bidirectional, Line]
[pin_not_connected]: Pin not connected
    ; error
    @(230.50 mm, 860.21 mm): Symbol U_CPU1 Pin 4L22 [DQ21_A_D3, Bidirectional, Line]
[pin_not_connected]: Pin not connected
    ; error
    @(230.50 mm, 862.75 mm): Symbol U_CPU1 Pin 4L23 [DQ22_A_D3, Bidirectional, Line]
[pin_not_connected]: Pin not connected
    ; error
    @(230.50 mm, 865.29 mm): Symbol U_CPU1 Pin 4L24 [DQ23_A_D3, Bidirectional, Line]
[pin_not_connected]: Pin not connected
    ; error
    @(230.50 mm, 867.83 mm): Symbol U_CPU1 Pin 4L25 [DQ24_A_D3, Bidirectional, Line]
[pin_not_connected]: Pin not connected
    ; error
    @(230.50 mm, 870.37 mm): Symbol U_CPU1 Pin 4L26 [DQ25_A_D3, Bidirectional, Line]
[pin_not_connected]: Pin not connected
    ; error
    @(230.50 mm, 872.91 mm): Symbol U_CPU1 Pin 4L27 [DQ26_A_D3, Bidirectional, Line]
[pin_not_connected]: Pin not connected
    ; error
    @(230.50 mm, 875.45 mm): Symbol U_CPU1 Pin 4L28 [DQ27_A_D3, Bidirectional, Line]
[pin_not_connected]: Pin not connected
    ; error
    @(230.50 mm, 877.99 mm): Symbol U_CPU1 Pin 4L29 [DQ28_A_D3, Bidirectional, Line]
[pin_not_connected]: Pin not connected
    ; error
    @(230.50 mm, 880.53 mm): Symbol U_CPU1 Pin 4L30 [DQ29_A_D3, Bidirectional, Line]
[pin_not_connected]: Pin not connected
    ; error
    @(230.50 mm, 883.07 mm): Symbol U_CPU1 Pin 4L31 [DQ30_A_D3, Bidirectional, Line]
[pin_not_connected]: Pin not connected
    ; error
    @(230.50 mm, 885.61 mm): Symbol U_CPU1 Pin 4L32 [DQ31_A_D3, Bidirectional, Line]
[pin_not_connected]: Pin not connected
    ; error
    @(230.50 mm, 888.15 mm): Symbol U_CPU1 Pin 4L33 [DQS0_A_t_D3, Bidirectional, Line]
[pin_not_connected]: Pin not connected
    ; error
    @(230.50 mm, 890.69 mm): Symbol U_CPU1 Pin 4L34 [DQS1_A_t_D3, Bidirectional, Line]
[pin_not_connected]: Pin not connected
    ; error
    @(230.50 mm, 893.23 mm): Symbol U_CPU1 Pin 4L35 [DQS2_A_t_D3, Bidirectional, Line]
[pin_not_connected]: Pin not connected
    ; error
    @(230.50 mm, 895.77 mm): Symbol U_CPU1 Pin 4L36 [DQS3_A_t_D3, Bidirectional, Line]
[pin_not_connected]: Pin not connected
    ; error
    @(230.50 mm, 898.31 mm): Symbol U_CPU1 Pin 4L37 [DQS4_A_t_D3, Bidirectional, Line]
[pin_not_connected]: Pin not connected
    ; error
    @(230.50 mm, 900.85 mm): Symbol U_CPU1 Pin 4L38 [DQS0_A_c_D3, Bidirectional, Line]
[pin_not_connected]: Pin not connected
    ; error
    @(230.50 mm, 903.39 mm): Symbol U_CPU1 Pin 4L39 [DQS1_A_c_D3, Bidirectional, Line]
[pin_not_connected]: Pin not connected
    ; error
    @(230.50 mm, 905.93 mm): Symbol U_CPU1 Pin 4L40 [DQS2_A_c_D3, Bidirectional, Line]
[pin_not_connected]: Pin not connected
    ; error
    @(230.50 mm, 908.47 mm): Symbol U_CPU1 Pin 4L41 [DQS3_A_c_D3, Bidirectional, Line]
[pin_not_connected]: Pin not connected
    ; error
    @(230.50 mm, 911.01 mm): Symbol U_CPU1 Pin 4L42 [DQS4_A_c_D3, Bidirectional, Line]
[pin_not_connected]: Pin not connected
    ; error
    @(230.50 mm, 913.55 mm): Symbol U_CPU1 Pin 4L43 [DM0_A_n_D3, Output, Line]
[pin_not_connected]: Pin not connected
    ; error
    @(230.50 mm, 916.09 mm): Symbol U_CPU1 Pin 4L44 [DM1_A_n_D3, Output, Line]
[pin_not_connected]: Pin not connected
    ; error
    @(230.50 mm, 918.63 mm): Symbol U_CPU1 Pin 4L45 [DM2_A_n_D3, Output, Line]
[pin_not_connected]: Pin not connected
    ; error
    @(230.50 mm, 921.17 mm): Symbol U_CPU1 Pin 4L46 [DM3_A_n_D3, Output, Line]
[pin_not_connected]: Pin not connected
    ; error
    @(230.50 mm, 923.71 mm): Symbol U_CPU1 Pin 4L47 [CA0_A_D3, Output, Line]
[pin_not_connected]: Pin not connected
    ; error
    @(230.50 mm, 926.25 mm): Symbol U_CPU1 Pin 4L48 [CA1_A_D3, Output, Line]
[pin_not_connected]: Pin not connected
    ; error
    @(230.50 mm, 928.79 mm): Symbol U_CPU1 Pin 4L49 [CA2_A_D3, Output, Line]
[pin_not_connected]: Pin not connected
    ; error
    @(230.50 mm, 931.33 mm): Symbol U_CPU1 Pin 4L50 [CA3_A_D3, Output, Line]
[pin_not_connected]: Pin not connected
    ; error
    @(230.50 mm, 933.87 mm): Symbol U_CPU1 Pin 4L51 [CA4_A_D3, Output, Line]
[pin_not_connected]: Pin not connected
    ; error
    @(230.50 mm, 936.41 mm): Symbol U_CPU1 Pin 4L52 [CA5_A_D3, Output, Line]
[pin_not_connected]: Pin not connected
    ; error
    @(230.50 mm, 938.95 mm): Symbol U_CPU1 Pin 4L53 [CA6_A_D3, Output, Line]
[pin_not_connected]: Pin not connected
    ; error
    @(230.50 mm, 941.49 mm): Symbol U_CPU1 Pin 4L54 [CA7_A_D3, Output, Line]
[pin_not_connected]: Pin not connected
    ; error
    @(230.50 mm, 944.03 mm): Symbol U_CPU1 Pin 4L55 [CA8_A_D3, Output, Line]
[pin_not_connected]: Pin not connected
    ; error
    @(230.50 mm, 946.57 mm): Symbol U_CPU1 Pin 4L56 [CA9_A_D3, Output, Line]
[pin_not_connected]: Pin not connected
    ; error
    @(230.50 mm, 949.11 mm): Symbol U_CPU1 Pin 4L57 [CA10_A_D3, Output, Line]
[pin_not_connected]: Pin not connected
    ; error
    @(230.50 mm, 951.65 mm): Symbol U_CPU1 Pin 4L58 [CA11_A_D3, Output, Line]
[pin_not_connected]: Pin not connected
    ; error
    @(230.50 mm, 954.19 mm): Symbol U_CPU1 Pin 4L59 [CA12_A_D3, Output, Line]
[pin_not_connected]: Pin not connected
    ; error
    @(230.50 mm, 956.73 mm): Symbol U_CPU1 Pin 4L60 [CK0_A_t_D3, Output, Line]
[pin_not_connected]: Pin not connected
    ; error
    @(230.50 mm, 959.27 mm): Symbol U_CPU1 Pin 4L61 [CK0_A_c_D3, Output, Line]
[pin_not_connected]: Pin not connected
    ; error
    @(230.50 mm, 961.81 mm): Symbol U_CPU1 Pin 4L62 [CK1_A_t_D3, Output, Line]
[pin_not_connected]: Pin not connected
    ; error
    @(230.50 mm, 964.35 mm): Symbol U_CPU1 Pin 4L63 [CK1_A_c_D3, Output, Line]
[pin_not_connected]: Pin not connected
    ; error
    @(230.50 mm, 966.89 mm): Symbol U_CPU1 Pin 4L64 [CS0_A_n_D3, Output, Line]
[pin_not_connected]: Pin not connected
    ; error
    @(230.50 mm, 969.43 mm): Symbol U_CPU1 Pin 4L65 [CS1_A_n_D3, Output, Line]
[pin_not_connected]: Pin not connected
    ; error
    @(230.50 mm, 971.97 mm): Symbol U_CPU1 Pin 4L66 [DQ0_B_D3, Bidirectional, Line]
[pin_not_connected]: Pin not connected
    ; error
    @(230.50 mm, 974.51 mm): Symbol U_CPU1 Pin 4L67 [DQ1_B_D3, Bidirectional, Line]
[pin_not_connected]: Pin not connected
    ; error
    @(230.50 mm, 977.05 mm): Symbol U_CPU1 Pin 4L68 [DQ2_B_D3, Bidirectional, Line]
[pin_not_connected]: Pin not connected
    ; error
    @(230.50 mm, 1006.87 mm): Symbol U_CPU1 Pin 5L1 [DQ0_A_D4, Bidirectional, Line]
[pin_not_connected]: Pin not connected
    ; error
    @(230.50 mm, 1009.41 mm): Symbol U_CPU1 Pin 5L2 [DQ1_A_D4, Bidirectional, Line]
[pin_not_connected]: Pin not connected
    ; error
    @(230.50 mm, 1011.95 mm): Symbol U_CPU1 Pin 5L3 [DQ2_A_D4, Bidirectional, Line]
[pin_not_connected]: Pin not connected
    ; error
    @(230.50 mm, 1014.49 mm): Symbol U_CPU1 Pin 5L4 [DQ3_A_D4, Bidirectional, Line]
[pin_not_connected]: Pin not connected
    ; error
    @(230.50 mm, 1017.03 mm): Symbol U_CPU1 Pin 5L5 [DQ4_A_D4, Bidirectional, Line]
[pin_not_connected]: Pin not connected
    ; error
    @(230.50 mm, 1019.57 mm): Symbol U_CPU1 Pin 5L6 [DQ5_A_D4, Bidirectional, Line]
[pin_not_connected]: Pin not connected
    ; error
    @(230.50 mm, 1022.11 mm): Symbol U_CPU1 Pin 5L7 [DQ6_A_D4, Bidirectional, Line]
[pin_not_connected]: Pin not connected
    ; error
    @(230.50 mm, 1024.65 mm): Symbol U_CPU1 Pin 5L8 [DQ7_A_D4, Bidirectional, Line]
[pin_not_connected]: Pin not connected
    ; error
    @(230.50 mm, 1027.19 mm): Symbol U_CPU1 Pin 5L9 [DQ8_A_D4, Bidirectional, Line]
[pin_not_connected]: Pin not connected
    ; error
    @(230.50 mm, 1029.73 mm): Symbol U_CPU1 Pin 5L10 [DQ9_A_D4, Bidirectional, Line]
[pin_not_connected]: Pin not connected
    ; error
    @(230.50 mm, 1032.27 mm): Symbol U_CPU1 Pin 5L11 [DQ10_A_D4, Bidirectional, Line]
[pin_not_connected]: Pin not connected
    ; error
    @(230.50 mm, 1034.81 mm): Symbol U_CPU1 Pin 5L12 [DQ11_A_D4, Bidirectional, Line]
[pin_not_connected]: Pin not connected
    ; error
    @(230.50 mm, 1037.35 mm): Symbol U_CPU1 Pin 5L13 [DQ12_A_D4, Bidirectional, Line]
[pin_not_connected]: Pin not connected
    ; error
    @(230.50 mm, 1039.89 mm): Symbol U_CPU1 Pin 5L14 [DQ13_A_D4, Bidirectional, Line]
[pin_not_connected]: Pin not connected
    ; error
    @(230.50 mm, 1042.43 mm): Symbol U_CPU1 Pin 5L15 [DQ14_A_D4, Bidirectional, Line]
[pin_not_connected]: Pin not connected
    ; error
    @(230.50 mm, 1044.97 mm): Symbol U_CPU1 Pin 5L16 [DQ15_A_D4, Bidirectional, Line]
[pin_not_connected]: Pin not connected
    ; error
    @(230.50 mm, 1047.51 mm): Symbol U_CPU1 Pin 5L17 [DQ16_A_D4, Bidirectional, Line]
[pin_not_connected]: Pin not connected
    ; error
    @(230.50 mm, 1050.05 mm): Symbol U_CPU1 Pin 5L18 [DQ17_A_D4, Bidirectional, Line]
[pin_not_connected]: Pin not connected
    ; error
    @(230.50 mm, 1052.59 mm): Symbol U_CPU1 Pin 5L19 [DQ18_A_D4, Bidirectional, Line]
[pin_not_connected]: Pin not connected
    ; error
    @(230.50 mm, 1055.13 mm): Symbol U_CPU1 Pin 5L20 [DQ19_A_D4, Bidirectional, Line]
[pin_not_connected]: Pin not connected
    ; error
    @(230.50 mm, 1057.67 mm): Symbol U_CPU1 Pin 5L21 [DQ20_A_D4, Bidirectional, Line]
[pin_not_connected]: Pin not connected
    ; error
    @(230.50 mm, 1060.21 mm): Symbol U_CPU1 Pin 5L22 [DQ21_A_D4, Bidirectional, Line]
[pin_not_connected]: Pin not connected
    ; error
    @(230.50 mm, 1062.75 mm): Symbol U_CPU1 Pin 5L23 [DQ22_A_D4, Bidirectional, Line]
[pin_not_connected]: Pin not connected
    ; error
    @(230.50 mm, 1065.29 mm): Symbol U_CPU1 Pin 5L24 [DQ23_A_D4, Bidirectional, Line]
[pin_not_connected]: Pin not connected
    ; error
    @(230.50 mm, 1067.83 mm): Symbol U_CPU1 Pin 5L25 [DQ24_A_D4, Bidirectional, Line]
[pin_not_connected]: Pin not connected
    ; error
    @(230.50 mm, 1070.37 mm): Symbol U_CPU1 Pin 5L26 [DQ25_A_D4, Bidirectional, Line]
[pin_not_connected]: Pin not connected
    ; error
    @(230.50 mm, 1072.91 mm): Symbol U_CPU1 Pin 5L27 [DQ26_A_D4, Bidirectional, Line]
[pin_not_connected]: Pin not connected
    ; error
    @(230.50 mm, 1075.45 mm): Symbol U_CPU1 Pin 5L28 [DQ27_A_D4, Bidirectional, Line]
[pin_not_connected]: Pin not connected
    ; error
    @(230.50 mm, 1077.99 mm): Symbol U_CPU1 Pin 5L29 [DQ28_A_D4, Bidirectional, Line]
[pin_not_connected]: Pin not connected
    ; error
    @(230.50 mm, 1080.53 mm): Symbol U_CPU1 Pin 5L30 [DQ29_A_D4, Bidirectional, Line]
[pin_not_connected]: Pin not connected
    ; error
    @(230.50 mm, 1083.07 mm): Symbol U_CPU1 Pin 5L31 [DQ30_A_D4, Bidirectional, Line]
[pin_not_connected]: Pin not connected
    ; error
    @(230.50 mm, 1085.61 mm): Symbol U_CPU1 Pin 5L32 [DQ31_A_D4, Bidirectional, Line]
[pin_not_connected]: Pin not connected
    ; error
    @(230.50 mm, 1088.15 mm): Symbol U_CPU1 Pin 5L33 [DQS0_A_t_D4, Bidirectional, Line]
[pin_not_connected]: Pin not connected
    ; error
    @(230.50 mm, 1090.69 mm): Symbol U_CPU1 Pin 5L34 [DQS1_A_t_D4, Bidirectional, Line]
[pin_not_connected]: Pin not connected
    ; error
    @(230.50 mm, 1093.23 mm): Symbol U_CPU1 Pin 5L35 [DQS2_A_t_D4, Bidirectional, Line]
[pin_not_connected]: Pin not connected
    ; error
    @(230.50 mm, 1095.77 mm): Symbol U_CPU1 Pin 5L36 [DQS3_A_t_D4, Bidirectional, Line]
[pin_not_connected]: Pin not connected
    ; error
    @(230.50 mm, 1098.31 mm): Symbol U_CPU1 Pin 5L37 [DQS4_A_t_D4, Bidirectional, Line]
[pin_not_connected]: Pin not connected
    ; error
    @(230.50 mm, 1100.85 mm): Symbol U_CPU1 Pin 5L38 [DQS0_A_c_D4, Bidirectional, Line]
[pin_not_connected]: Pin not connected
    ; error
    @(230.50 mm, 1103.39 mm): Symbol U_CPU1 Pin 5L39 [DQS1_A_c_D4, Bidirectional, Line]
[pin_not_connected]: Pin not connected
    ; error
    @(230.50 mm, 1105.93 mm): Symbol U_CPU1 Pin 5L40 [DQS2_A_c_D4, Bidirectional, Line]
[pin_not_connected]: Pin not connected
    ; error
    @(230.50 mm, 1108.47 mm): Symbol U_CPU1 Pin 5L41 [DQS3_A_c_D4, Bidirectional, Line]
[pin_not_connected]: Pin not connected
    ; error
    @(230.50 mm, 1111.01 mm): Symbol U_CPU1 Pin 5L42 [DQS4_A_c_D4, Bidirectional, Line]
[pin_not_connected]: Pin not connected
    ; error
    @(230.50 mm, 1113.55 mm): Symbol U_CPU1 Pin 5L43 [DM0_A_n_D4, Output, Line]
[pin_not_connected]: Pin not connected
    ; error
    @(230.50 mm, 1116.09 mm): Symbol U_CPU1 Pin 5L44 [DM1_A_n_D4, Output, Line]
[pin_not_connected]: Pin not connected
    ; error
    @(230.50 mm, 1118.63 mm): Symbol U_CPU1 Pin 5L45 [DM2_A_n_D4, Output, Line]
[pin_not_connected]: Pin not connected
    ; error
    @(230.50 mm, 1121.17 mm): Symbol U_CPU1 Pin 5L46 [DM3_A_n_D4, Output, Line]
[pin_not_connected]: Pin not connected
    ; error
    @(230.50 mm, 1123.71 mm): Symbol U_CPU1 Pin 5L47 [CA0_A_D4, Output, Line]
[pin_not_connected]: Pin not connected
    ; error
    @(230.50 mm, 1126.25 mm): Symbol U_CPU1 Pin 5L48 [CA1_A_D4, Output, Line]
[pin_not_connected]: Pin not connected
    ; error
    @(230.50 mm, 1128.79 mm): Symbol U_CPU1 Pin 5L49 [CA2_A_D4, Output, Line]
[pin_not_connected]: Pin not connected
    ; error
    @(230.50 mm, 1131.33 mm): Symbol U_CPU1 Pin 5L50 [CA3_A_D4, Output, Line]
[pin_not_connected]: Pin not connected
    ; error
    @(230.50 mm, 1133.87 mm): Symbol U_CPU1 Pin 5L51 [CA4_A_D4, Output, Line]
[pin_not_connected]: Pin not connected
    ; error
    @(230.50 mm, 1136.41 mm): Symbol U_CPU1 Pin 5L52 [CA5_A_D4, Output, Line]
[pin_not_connected]: Pin not connected
    ; error
    @(230.50 mm, 1138.95 mm): Symbol U_CPU1 Pin 5L53 [CA6_A_D4, Output, Line]
[pin_not_connected]: Pin not connected
    ; error
    @(230.50 mm, 1141.49 mm): Symbol U_CPU1 Pin 5L54 [CA7_A_D4, Output, Line]
[pin_not_connected]: Pin not connected
    ; error
    @(230.50 mm, 1144.03 mm): Symbol U_CPU1 Pin 5L55 [CA8_A_D4, Output, Line]
[pin_not_connected]: Pin not connected
    ; error
    @(230.50 mm, 1146.57 mm): Symbol U_CPU1 Pin 5L56 [CA9_A_D4, Output, Line]
[pin_not_connected]: Pin not connected
    ; error
    @(230.50 mm, 1149.11 mm): Symbol U_CPU1 Pin 5L57 [CA10_A_D4, Output, Line]
[pin_not_connected]: Pin not connected
    ; error
    @(230.50 mm, 1151.65 mm): Symbol U_CPU1 Pin 5L58 [CA11_A_D4, Output, Line]
[pin_not_connected]: Pin not connected
    ; error
    @(230.50 mm, 1154.19 mm): Symbol U_CPU1 Pin 5L59 [CA12_A_D4, Output, Line]
[pin_not_connected]: Pin not connected
    ; error
    @(230.50 mm, 1156.73 mm): Symbol U_CPU1 Pin 5L60 [CK0_A_t_D4, Output, Line]
[pin_not_connected]: Pin not connected
    ; error
    @(230.50 mm, 1159.27 mm): Symbol U_CPU1 Pin 5L61 [CK0_A_c_D4, Output, Line]
[pin_not_connected]: Pin not connected
    ; error
    @(230.50 mm, 1161.81 mm): Symbol U_CPU1 Pin 5L62 [CK1_A_t_D4, Output, Line]
[pin_not_connected]: Pin not connected
    ; error
    @(230.50 mm, 1164.35 mm): Symbol U_CPU1 Pin 5L63 [CK1_A_c_D4, Output, Line]
[pin_not_connected]: Pin not connected
    ; error
    @(230.50 mm, 1166.89 mm): Symbol U_CPU1 Pin 5L64 [CS0_A_n_D4, Output, Line]
[pin_not_connected]: Pin not connected
    ; error
    @(230.50 mm, 1169.43 mm): Symbol U_CPU1 Pin 5L65 [CS1_A_n_D4, Output, Line]
[pin_not_connected]: Pin not connected
    ; error
    @(230.50 mm, 1171.97 mm): Symbol U_CPU1 Pin 5L66 [DQ0_B_D4, Bidirectional, Line]
[pin_not_connected]: Pin not connected
    ; error
    @(230.50 mm, 1174.51 mm): Symbol U_CPU1 Pin 5L67 [DQ1_B_D4, Bidirectional, Line]
[pin_not_connected]: Pin not connected
    ; error
    @(230.50 mm, 1177.05 mm): Symbol U_CPU1 Pin 5L68 [DQ2_B_D4, Bidirectional, Line]
[pin_not_connected]: Pin not connected
    ; error
    @(230.50 mm, 1261.48 mm): Symbol U_CPU1 Pin 6L1 [PCIE_PET0_p, Output, Line]
[pin_not_connected]: Pin not connected
    ; error
    @(230.50 mm, 1264.02 mm): Symbol U_CPU1 Pin 6L2 [PCIE_PET1_p, Output, Line]
[pin_not_connected]: Pin not connected
    ; error
    @(230.50 mm, 1266.56 mm): Symbol U_CPU1 Pin 6L3 [PCIE_PET2_p, Output, Line]
[pin_not_connected]: Pin not connected
    ; error
    @(230.50 mm, 1269.10 mm): Symbol U_CPU1 Pin 6L4 [PCIE_PET3_p, Output, Line]
[pin_not_connected]: Pin not connected
    ; error
    @(230.50 mm, 1271.64 mm): Symbol U_CPU1 Pin 6L5 [PCIE_PET4_p, Output, Line]
[pin_not_connected]: Pin not connected
    ; error
    @(230.50 mm, 1274.18 mm): Symbol U_CPU1 Pin 6L6 [PCIE_PET5_p, Output, Line]
[pin_not_connected]: Pin not connected
    ; error
    @(230.50 mm, 1276.72 mm): Symbol U_CPU1 Pin 6L7 [PCIE_PET6_p, Output, Line]
[pin_not_connected]: Pin not connected
    ; error
    @(230.50 mm, 1279.26 mm): Symbol U_CPU1 Pin 6L8 [PCIE_PET7_p, Output, Line]
[pin_not_connected]: Pin not connected
    ; error
    @(230.50 mm, 1281.80 mm): Symbol U_CPU1 Pin 6L9 [PCIE_PET0_n, Output, Line]
[pin_not_connected]: Pin not connected
    ; error
    @(230.50 mm, 1284.34 mm): Symbol U_CPU1 Pin 6L10 [PCIE_PET1_n, Output, Line]
[pin_not_connected]: Pin not connected
    ; error
    @(230.50 mm, 1286.88 mm): Symbol U_CPU1 Pin 6L11 [PCIE_PET2_n, Output, Line]
[pin_not_connected]: Pin not connected
    ; error
    @(230.50 mm, 1289.42 mm): Symbol U_CPU1 Pin 6L12 [PCIE_PET3_n, Output, Line]
[pin_not_connected]: Pin not connected
    ; error
    @(230.50 mm, 1291.96 mm): Symbol U_CPU1 Pin 6L13 [PCIE_PET4_n, Output, Line]
[pin_not_connected]: Pin not connected
    ; error
    @(230.50 mm, 1294.50 mm): Symbol U_CPU1 Pin 6L14 [PCIE_PET5_n, Output, Line]
[pin_not_connected]: Pin not connected
    ; error
    @(230.50 mm, 1297.04 mm): Symbol U_CPU1 Pin 6L15 [PCIE_PET6_n, Output, Line]
[pin_not_connected]: Pin not connected
    ; error
    @(230.50 mm, 1299.58 mm): Symbol U_CPU1 Pin 6L16 [PCIE_PET7_n, Output, Line]
[pin_not_connected]: Pin not connected
    ; error
    @(230.50 mm, 1302.12 mm): Symbol U_CPU1 Pin 6L17 [PCIE_REFCLK_p, Output, Line]
[pin_not_connected]: Pin not connected
    ; error
    @(230.50 mm, 1304.66 mm): Symbol U_CPU1 Pin 6L18 [PCIE_REFCLK_n, Output, Line]
[pin_not_connected]: Pin not connected
    ; error
    @(230.50 mm, 1307.20 mm): Symbol U_CPU1 Pin 6L19 [PERST_GPU_n, Output, Line]
[pin_not_connected]: Pin not connected
    ; error
    @(230.50 mm, 1309.74 mm): Symbol U_CPU1 Pin 6L20 [PRSNT1_n, Input, Line]
[pin_not_driven]: Input pin not driven by any Output pins
    ; error
    @(230.50 mm, 1309.74 mm): Symbol U_CPU1 Pin 6L20 [PRSNT1_n, Input, Line]
[pin_not_connected]: Pin not connected
    ; error
    @(230.50 mm, 1312.28 mm): Symbol U_CPU1 Pin 6L21 [PRSNT2_n, Input, Line]
[pin_not_driven]: Input pin not driven by any Output pins
    ; error
    @(230.50 mm, 1312.28 mm): Symbol U_CPU1 Pin 6L21 [PRSNT2_n, Input, Line]
[pin_not_connected]: Pin not connected
    ; error
    @(230.50 mm, 1476.72 mm): Symbol U_CPU1 Pin 7L1 [ETH_PET0_p, Output, Line]
[pin_not_connected]: Pin not connected
    ; error
    @(230.50 mm, 1479.26 mm): Symbol U_CPU1 Pin 7L2 [ETH_PET1_p, Output, Line]
[pin_not_connected]: Pin not connected
    ; error
    @(230.50 mm, 1481.80 mm): Symbol U_CPU1 Pin 7L3 [ETH_PET2_p, Output, Line]
[pin_not_connected]: Pin not connected
    ; error
    @(230.50 mm, 1484.34 mm): Symbol U_CPU1 Pin 7L4 [ETH_PET3_p, Output, Line]
[pin_not_connected]: Pin not connected
    ; error
    @(230.50 mm, 1486.88 mm): Symbol U_CPU1 Pin 7L5 [ETH_PET0_n, Output, Line]
[pin_not_connected]: Pin not connected
    ; error
    @(230.50 mm, 1489.42 mm): Symbol U_CPU1 Pin 7L6 [ETH_PET1_n, Output, Line]
[pin_not_connected]: Pin not connected
    ; error
    @(230.50 mm, 1491.96 mm): Symbol U_CPU1 Pin 7L7 [ETH_PET2_n, Output, Line]
[pin_not_connected]: Pin not connected
    ; error
    @(230.50 mm, 1494.50 mm): Symbol U_CPU1 Pin 7L8 [ETH_PET3_n, Output, Line]
[pin_not_connected]: Pin not connected
    ; error
    @(230.50 mm, 1497.04 mm): Symbol U_CPU1 Pin 7L9 [ETH_REFCLK_p, Output, Line]
[pin_not_connected]: Pin not connected
    ; error
    @(230.50 mm, 1499.58 mm): Symbol U_CPU1 Pin 7L10 [ETH_REFCLK_n, Output, Line]
[pin_not_connected]: Pin not connected
    ; error
    @(230.50 mm, 1502.12 mm): Symbol U_CPU1 Pin 7L11 [ETH_PERST_N, Output, Line]
[pin_not_connected]: Pin not connected
    ; error
    @(230.50 mm, 1669.10 mm): Symbol U_CPU1 Pin 8L1 [LPC_AD0, Output, Line]
[pin_not_connected]: Pin not connected
    ; error
    @(230.50 mm, 1671.64 mm): Symbol U_CPU1 Pin 8L2 [LPC_AD1, Output, Line]
[pin_not_connected]: Pin not connected
    ; error
    @(230.50 mm, 1674.18 mm): Symbol U_CPU1 Pin 8L3 [LPC_AD2, Output, Line]
[pin_not_connected]: Pin not connected
    ; error
    @(230.50 mm, 1676.72 mm): Symbol U_CPU1 Pin 8L4 [LPC_AD3, Output, Line]
[pin_not_connected]: Pin not connected
    ; error
    @(230.50 mm, 1679.26 mm): Symbol U_CPU1 Pin 8L5 [LFRAME_n, Output, Line]
[pin_not_connected]: Pin not connected
    ; error
    @(230.50 mm, 1681.80 mm): Symbol U_CPU1 Pin 8L6 [LRESET_n, Output, Line]
[pin_not_connected]: Pin not connected
    ; error
    @(230.50 mm, 1684.34 mm): Symbol U_CPU1 Pin 8L7 [LCLK, Output, Line]
[pin_not_connected]: Pin not connected
    ; error
    @(230.50 mm, 1686.88 mm): Symbol U_CPU1 Pin 8L8 [SPI_CLK, Output, Line]
[pin_not_connected]: Pin not connected
    ; error
    @(230.50 mm, 1689.42 mm): Symbol U_CPU1 Pin 8L9 [SPI_MOSI, Output, Line]
[pin_not_connected]: Pin not connected
    ; error
    @(230.50 mm, 1691.96 mm): Symbol U_CPU1 Pin 8L10 [SPI_MISO, Input, Line]
[pin_not_driven]: Input pin not driven by any Output pins
    ; error
    @(230.50 mm, 1691.96 mm): Symbol U_CPU1 Pin 8L10 [SPI_MISO, Input, Line]
[pin_not_connected]: Pin not connected
    ; error
    @(230.50 mm, 1694.50 mm): Symbol U_CPU1 Pin 8L11 [EC_SPI_CS_n, Output, Line]
[pin_not_connected]: Pin not connected
    ; error
    @(230.50 mm, 1697.04 mm): Symbol U_CPU1 Pin 8L12 [PWRBTN_n, Output, Line]
[pin_not_connected]: Pin not connected
    ; error
    @(230.50 mm, 1699.58 mm): Symbol U_CPU1 Pin 8L13 [RSMRST_n, Output, Line]
[pin_not_connected]: Pin not connected
    ; error
    @(230.50 mm, 1702.12 mm): Symbol U_CPU1 Pin 8L14 [PLTRST_n, Output, Line]
[pin_not_connected]: Pin not connected
    ; error
    @(230.50 mm, 1704.66 mm): Symbol U_CPU1 Pin 8L15 [KBRST_n, Output, Line]
[pin_not_connected]: Pin not connected
    ; error
    @(230.50 mm, 1707.20 mm): Symbol U_CPU1 Pin 8L16 [SUS_S3_n, Output, Line]
[pin_not_connected]: Pin not connected
    ; error
    @(230.50 mm, 1709.74 mm): Symbol U_CPU1 Pin 8L17 [SUS_S5_n, Output, Line]
[pin_not_connected]: Pin not connected
    ; error
    @(230.50 mm, 1712.28 mm): Symbol U_CPU1 Pin 8L18 [PWROK_IN, Output, Line]
[pin_not_connected]: Pin not connected
    ; error
    @(230.50 mm, 1714.82 mm): Symbol U_CPU1 Pin 8L19 [PWROK_OUT, Input, Line]
[pin_not_driven]: Input pin not driven by any Output pins
    ; error
    @(230.50 mm, 1714.82 mm): Symbol U_CPU1 Pin 8L19 [PWROK_OUT, Input, Line]
[pin_not_connected]: Pin not connected
    ; error
    @(230.50 mm, 1717.36 mm): Symbol U_CPU1 Pin 8L20 [PS_ON, Output, Line]
[pin_not_connected]: Pin not connected
    ; error
    @(230.50 mm, 1874.18 mm): Symbol U_CPU1 Pin 9L1 [USB_HUB_SS_TX_p, Bidirectional, Line]
[pin_not_connected]: Pin not connected
    ; error
    @(230.50 mm, 1876.72 mm): Symbol U_CPU1 Pin 9L2 [USB_HUB_SS_TX_n, Bidirectional, Line]
[pin_not_connected]: Pin not connected
    ; error
    @(230.50 mm, 1879.26 mm): Symbol U_CPU1 Pin 9L3 [USB_HUB_SS_RX_p, Bidirectional, Line]
[pin_not_connected]: Pin not connected
    ; error
    @(230.50 mm, 1881.80 mm): Symbol U_CPU1 Pin 9L4 [USB_HUB_SS_RX_n, Bidirectional, Line]
[pin_not_connected]: Pin not connected
    ; error
    @(230.50 mm, 1884.34 mm): Symbol U_CPU1 Pin 9L5 [HUB_D1_SS_TX_p, Bidirectional, Line]
[pin_not_connected]: Pin not connected
    ; error
    @(230.50 mm, 1886.88 mm): Symbol U_CPU1 Pin 9L6 [HUB_D1_SS_TX_n, Bidirectional, Line]
[pin_not_connected]: Pin not connected
    ; error
    @(230.50 mm, 1889.42 mm): Symbol U_CPU1 Pin 9L7 [J2_DP, Bidirectional, Line]
[pin_not_connected]: Pin not connected
    ; error
    @(230.50 mm, 1891.96 mm): Symbol U_CPU1 Pin 9L8 [J2_DM, Bidirectional, Line]
[pin_not_connected]: Pin not connected
    ; error
    @(230.50 mm, 1894.50 mm): Symbol U_CPU1 Pin 9L9 [GPIO_USB_DP, Bidirectional, Line]
[pin_not_connected]: Pin not connected
    ; error
    @(230.50 mm, 1897.04 mm): Symbol U_CPU1 Pin 9L10 [GPIO_USB_DM, Bidirectional, Line]
[pin_not_connected]: Pin not connected
    ; error
    @(230.50 mm, 1899.58 mm): Symbol U_CPU1 Pin 9L11 [J1_CC1, Output, Line]
[pin_not_connected]: Pin not connected
    ; error
    @(230.50 mm, 1902.12 mm): Symbol U_CPU1 Pin 9L12 [J1_CC2, Output, Line]
[pin_not_connected]: Pin not connected
    ; error
    @(230.50 mm, 1904.66 mm): Symbol U_CPU1 Pin 9L13 [J2_CC1, Output, Line]
[pin_not_connected]: Pin not connected
    ; error
    @(230.50 mm, 1907.20 mm): Symbol U_CPU1 Pin 9L14 [J2_CC2, Output, Line]
[pin_not_connected]: Pin not connected
    ; error
    @(230.50 mm, 1909.74 mm): Symbol U_CPU1 Pin 9L15 [J3_CC1, Output, Line]
[pin_not_connected]: Pin not connected
    ; error
    @(230.50 mm, 1912.28 mm): Symbol U_CPU1 Pin 9L16 [J3_CC2, Output, Line]
[label_dangling]: Label not connected
    ; error
    @(233.04 mm, 1276.73 mm): Label 'PERST_PCIe1_n'
[label_dangling]: Label not connected
    ; error
    @(233.04 mm, 1281.73 mm): Label 'PERST_PCIE1_n'
[label_dangling]: Label not connected
    ; error
    @(233.04 mm, 1286.73 mm): Label 'SMI_n'
[label_dangling]: Label not connected
    ; error
    @(233.04 mm, 1291.73 mm): Label 'SERIRQ'
[label_dangling]: Label not connected
    ; error
    @(233.04 mm, 1312.28 mm): Label 'PCIE_PET5_p'
[label_dangling]: Label not connected
    ; error
    @(233.04 mm, 1484.34 mm): Label 'ETH_PERST_N'
[label_dangling]: Label not connected
    ; error
    @(233.04 mm, 1671.64 mm): Label 'PWROK_OUT'
[label_dangling]: Label not connected
    ; error
    @(233.04 mm, 1691.96 mm): Label 'EC_SPI_CS_n'
[label_dangling]: Label not connected
    ; error
    @(263.52 mm, 806.87 mm): Label 'HSDA_D3'
[label_dangling]: Label not connected
    ; error
    @(263.52 mm, 811.95 mm): Label 'HSA_D3'
[label_dangling]: Label not connected
    ; error
    @(263.52 mm, 822.11 mm): Label 'RESET_n_D3'
[label_dangling]: Label not connected
    ; error
    @(263.52 mm, 1009.41 mm): Label 'HSCL_D4'
[label_dangling]: Label not connected
    ; error
    @(263.52 mm, 1011.95 mm): Label 'HSA_D4'
[label_dangling]: Label not connected
    ; error
    @(263.52 mm, 1271.64 mm): Label 'CLKREQ_NVMe_n'
[label_dangling]: Label not connected
    ; error
    @(263.52 mm, 1284.34 mm): Label 'M2_PET0_p'
[label_dangling]: Label not connected
    ; error
    @(263.52 mm, 1897.04 mm): Label 'ETH_MDI2_n'
[label_dangling]: Label not connected
    ; error
    @(263.52 mm, 1899.58 mm): Label 'ETH_MDI2_p'
[label_dangling]: Label not connected
    ; error
    @(263.52 mm, 1904.66 mm): Label 'ETH_MDI1_p'
[label_dangling]: Label not connected
    ; error
    @(263.52 mm, 1907.20 mm): Label 'ETH_MDI0_n'
[label_dangling]: Label not connected
    ; error
    @(263.52 mm, 1909.74 mm): Label 'ETH_MDI0_p'
[label_dangling]: Label not connected
    ; error
    @(263.52 mm, 1912.28 mm): Label 'ETH_WAKE_N'
[pin_not_connected]: Pin not connected
    ; error
    @(266.06 mm, 253.86 mm): Symbol U_CPU1 Pin 1R1 [DQ0_D2, Bidirectional, Line]
[pin_not_connected]: Pin not connected
    ; error
    @(266.06 mm, 256.40 mm): Symbol U_CPU1 Pin 1R2 [DQ1_D2, Bidirectional, Line]
[pin_not_connected]: Pin not connected
    ; error
    @(266.06 mm, 258.94 mm): Symbol U_CPU1 Pin 1R3 [DQ2_D2, Bidirectional, Line]
[pin_not_connected]: Pin not connected
    ; error
    @(266.06 mm, 261.48 mm): Symbol U_CPU1 Pin 1R4 [DQ3_D2, Bidirectional, Line]
[pin_not_connected]: Pin not connected
    ; error
    @(266.06 mm, 264.02 mm): Symbol U_CPU1 Pin 1R5 [DQ4_D2, Bidirectional, Line]
[pin_not_connected]: Pin not connected
    ; error
    @(266.06 mm, 266.56 mm): Symbol U_CPU1 Pin 1R6 [DQ5_D2, Bidirectional, Line]
[pin_not_connected]: Pin not connected
    ; error
    @(266.06 mm, 269.10 mm): Symbol U_CPU1 Pin 1R7 [DQ6_D2, Bidirectional, Line]
[pin_not_connected]: Pin not connected
    ; error
    @(266.06 mm, 271.64 mm): Symbol U_CPU1 Pin 1R8 [DQ7_D2, Bidirectional, Line]
[pin_not_connected]: Pin not connected
    ; error
    @(266.06 mm, 274.18 mm): Symbol U_CPU1 Pin 1R9 [DQ8_D2, Bidirectional, Line]
[pin_not_connected]: Pin not connected
    ; error
    @(266.06 mm, 276.72 mm): Symbol U_CPU1 Pin 1R10 [DQ9_D2, Bidirectional, Line]
[pin_not_connected]: Pin not connected
    ; error
    @(266.06 mm, 279.26 mm): Symbol U_CPU1 Pin 1R11 [DQ10_D2, Bidirectional, Line]
[pin_not_connected]: Pin not connected
    ; error
    @(266.06 mm, 281.80 mm): Symbol U_CPU1 Pin 1R12 [DQ11_D2, Bidirectional, Line]
[pin_not_connected]: Pin not connected
    ; error
    @(266.06 mm, 284.34 mm): Symbol U_CPU1 Pin 1R13 [DQ12_D2, Bidirectional, Line]
[pin_not_connected]: Pin not connected
    ; error
    @(266.06 mm, 286.88 mm): Symbol U_CPU1 Pin 1R14 [DQ13_D2, Bidirectional, Line]
[pin_not_connected]: Pin not connected
    ; error
    @(266.06 mm, 289.42 mm): Symbol U_CPU1 Pin 1R15 [DQ14_D2, Bidirectional, Line]
[pin_not_connected]: Pin not connected
    ; error
    @(266.06 mm, 291.96 mm): Symbol U_CPU1 Pin 1R16 [DQ15_D2, Bidirectional, Line]
[pin_not_connected]: Pin not connected
    ; error
    @(266.06 mm, 294.50 mm): Symbol U_CPU1 Pin 1R17 [DQ16_D2, Bidirectional, Line]
[pin_not_connected]: Pin not connected
    ; error
    @(266.06 mm, 297.04 mm): Symbol U_CPU1 Pin 1R18 [DQ17_D2, Bidirectional, Line]
[pin_not_connected]: Pin not connected
    ; error
    @(266.06 mm, 299.58 mm): Symbol U_CPU1 Pin 1R19 [DQ18_D2, Bidirectional, Line]
[pin_not_connected]: Pin not connected
    ; error
    @(266.06 mm, 302.12 mm): Symbol U_CPU1 Pin 1R20 [DQ19_D2, Bidirectional, Line]
[pin_not_connected]: Pin not connected
    ; error
    @(266.06 mm, 304.66 mm): Symbol U_CPU1 Pin 1R21 [DQ20_D2, Bidirectional, Line]
[pin_not_connected]: Pin not connected
    ; error
    @(266.06 mm, 307.20 mm): Symbol U_CPU1 Pin 1R22 [DQ21_D2, Bidirectional, Line]
[pin_not_connected]: Pin not connected
    ; error
    @(266.06 mm, 309.74 mm): Symbol U_CPU1 Pin 1R23 [DQ22_D2, Bidirectional, Line]
[pin_not_connected]: Pin not connected
    ; error
    @(266.06 mm, 312.28 mm): Symbol U_CPU1 Pin 1R24 [DQ23_D2, Bidirectional, Line]
[pin_not_connected]: Pin not connected
    ; error
    @(266.06 mm, 314.82 mm): Symbol U_CPU1 Pin 1R25 [DQ24_D2, Bidirectional, Line]
[pin_not_connected]: Pin not connected
    ; error
    @(266.06 mm, 317.36 mm): Symbol U_CPU1 Pin 1R26 [DQ25_D2, Bidirectional, Line]
[pin_not_connected]: Pin not connected
    ; error
    @(266.06 mm, 319.90 mm): Symbol U_CPU1 Pin 1R27 [DQ26_D2, Bidirectional, Line]
[pin_not_connected]: Pin not connected
    ; error
    @(266.06 mm, 322.44 mm): Symbol U_CPU1 Pin 1R28 [DQ27_D2, Bidirectional, Line]
[pin_not_connected]: Pin not connected
    ; error
    @(266.06 mm, 324.98 mm): Symbol U_CPU1 Pin 1R29 [DQ28_D2, Bidirectional, Line]
[pin_not_connected]: Pin not connected
    ; error
    @(266.06 mm, 327.52 mm): Symbol U_CPU1 Pin 1R30 [DQ29_D2, Bidirectional, Line]
[pin_not_connected]: Pin not connected
    ; error
    @(266.06 mm, 330.06 mm): Symbol U_CPU1 Pin 1R31 [DQ30_D2, Bidirectional, Line]
[pin_not_connected]: Pin not connected
    ; error
    @(266.06 mm, 332.60 mm): Symbol U_CPU1 Pin 1R32 [DQ31_D2, Bidirectional, Line]
[pin_not_connected]: Pin not connected
    ; error
    @(266.06 mm, 442.43 mm): Symbol U_CPU1 Pin 2R1 [DQ32_D2, Bidirectional, Line]
[pin_not_connected]: Pin not connected
    ; error
    @(266.06 mm, 444.97 mm): Symbol U_CPU1 Pin 2R2 [DQ33_D2, Bidirectional, Line]
[pin_not_connected]: Pin not connected
    ; error
    @(266.06 mm, 447.51 mm): Symbol U_CPU1 Pin 2R3 [DQ34_D2, Bidirectional, Line]
[pin_not_connected]: Pin not connected
    ; error
    @(266.06 mm, 450.05 mm): Symbol U_CPU1 Pin 2R4 [DQ35_D2, Bidirectional, Line]
[pin_not_connected]: Pin not connected
    ; error
    @(266.06 mm, 452.59 mm): Symbol U_CPU1 Pin 2R5 [DQ36_D2, Bidirectional, Line]
[pin_not_connected]: Pin not connected
    ; error
    @(266.06 mm, 455.13 mm): Symbol U_CPU1 Pin 2R6 [DQ37_D2, Bidirectional, Line]
[pin_not_connected]: Pin not connected
    ; error
    @(266.06 mm, 457.67 mm): Symbol U_CPU1 Pin 2R7 [DQ38_D2, Bidirectional, Line]
[pin_not_connected]: Pin not connected
    ; error
    @(266.06 mm, 460.21 mm): Symbol U_CPU1 Pin 2R8 [DQ39_D2, Bidirectional, Line]
[pin_not_connected]: Pin not connected
    ; error
    @(266.06 mm, 462.75 mm): Symbol U_CPU1 Pin 2R9 [DQ40_D2, Bidirectional, Line]
[pin_not_connected]: Pin not connected
    ; error
    @(266.06 mm, 465.29 mm): Symbol U_CPU1 Pin 2R10 [DQ41_D2, Bidirectional, Line]
[pin_not_connected]: Pin not connected
    ; error
    @(266.06 mm, 467.83 mm): Symbol U_CPU1 Pin 2R11 [DQ42_D2, Bidirectional, Line]
[pin_not_connected]: Pin not connected
    ; error
    @(266.06 mm, 470.37 mm): Symbol U_CPU1 Pin 2R12 [DQ43_D2, Bidirectional, Line]
[pin_not_connected]: Pin not connected
    ; error
    @(266.06 mm, 472.91 mm): Symbol U_CPU1 Pin 2R13 [DQ44_D2, Bidirectional, Line]
[pin_not_connected]: Pin not connected
    ; error
    @(266.06 mm, 475.45 mm): Symbol U_CPU1 Pin 2R14 [DQ45_D2, Bidirectional, Line]
[pin_not_connected]: Pin not connected
    ; error
    @(266.06 mm, 477.99 mm): Symbol U_CPU1 Pin 2R15 [DQ46_D2, Bidirectional, Line]
[pin_not_connected]: Pin not connected
    ; error
    @(266.06 mm, 480.53 mm): Symbol U_CPU1 Pin 2R16 [DQ47_D2, Bidirectional, Line]
[pin_not_connected]: Pin not connected
    ; error
    @(266.06 mm, 483.07 mm): Symbol U_CPU1 Pin 2R17 [DQ48_D2, Bidirectional, Line]
[pin_not_connected]: Pin not connected
    ; error
    @(266.06 mm, 485.61 mm): Symbol U_CPU1 Pin 2R18 [DQ49_D2, Bidirectional, Line]
[pin_not_connected]: Pin not connected
    ; error
    @(266.06 mm, 488.15 mm): Symbol U_CPU1 Pin 2R19 [DQ50_D2, Bidirectional, Line]
[pin_not_connected]: Pin not connected
    ; error
    @(266.06 mm, 490.69 mm): Symbol U_CPU1 Pin 2R20 [DQ51_D2, Bidirectional, Line]
[pin_not_connected]: Pin not connected
    ; error
    @(266.06 mm, 493.23 mm): Symbol U_CPU1 Pin 2R21 [DQ52_D2, Bidirectional, Line]
[pin_not_connected]: Pin not connected
    ; error
    @(266.06 mm, 495.77 mm): Symbol U_CPU1 Pin 2R22 [DQ53_D2, Bidirectional, Line]
[pin_not_connected]: Pin not connected
    ; error
    @(266.06 mm, 498.31 mm): Symbol U_CPU1 Pin 2R23 [DQ54_D2, Bidirectional, Line]
[pin_not_connected]: Pin not connected
    ; error
    @(266.06 mm, 500.85 mm): Symbol U_CPU1 Pin 2R24 [DQ55_D2, Bidirectional, Line]
[pin_not_connected]: Pin not connected
    ; error
    @(266.06 mm, 503.39 mm): Symbol U_CPU1 Pin 2R25 [DQ56_D2, Bidirectional, Line]
[pin_not_connected]: Pin not connected
    ; error
    @(266.06 mm, 505.93 mm): Symbol U_CPU1 Pin 2R26 [DQ57_D2, Bidirectional, Line]
[pin_not_connected]: Pin not connected
    ; error
    @(266.06 mm, 508.47 mm): Symbol U_CPU1 Pin 2R27 [DQ58_D2, Bidirectional, Line]
[pin_not_connected]: Pin not connected
    ; error
    @(266.06 mm, 511.01 mm): Symbol U_CPU1 Pin 2R28 [DQ59_D2, Bidirectional, Line]
[pin_not_connected]: Pin not connected
    ; error
    @(266.06 mm, 513.55 mm): Symbol U_CPU1 Pin 2R29 [DQ60_D2, Bidirectional, Line]
[pin_not_connected]: Pin not connected
    ; error
    @(266.06 mm, 516.09 mm): Symbol U_CPU1 Pin 2R30 [DQ61_D2, Bidirectional, Line]
[pin_not_connected]: Pin not connected
    ; error
    @(266.06 mm, 518.63 mm): Symbol U_CPU1 Pin 2R31 [DQ62_D2, Bidirectional, Line]
[pin_not_connected]: Pin not connected
    ; error
    @(266.06 mm, 521.17 mm): Symbol U_CPU1 Pin 2R32 [DQ63_D2, Bidirectional, Line]
[pin_not_connected]: Pin not connected
    ; error
    @(266.06 mm, 523.71 mm): Symbol U_CPU1 Pin 2R33 [DM0_n_DBI0_n_D2, Bidirectional, Line]
[pin_not_connected]: Pin not connected
    ; error
    @(266.06 mm, 526.25 mm): Symbol U_CPU1 Pin 2R34 [DM1_n_DBI1_n_D2, Bidirectional, Line]
[pin_not_connected]: Pin not connected
    ; error
    @(266.06 mm, 528.79 mm): Symbol U_CPU1 Pin 2R35 [DM2_n_DBI2_n_D2, Bidirectional, Line]
[pin_not_connected]: Pin not connected
    ; error
    @(266.06 mm, 531.33 mm): Symbol U_CPU1 Pin 2R36 [DM3_n_DBI3_n_D2, Bidirectional, Line]
[pin_not_connected]: Pin not connected
    ; error
    @(266.06 mm, 533.87 mm): Symbol U_CPU1 Pin 2R37 [DM4_n_DBI4_n_D2, Bidirectional, Line]
[pin_not_connected]: Pin not connected
    ; error
    @(266.06 mm, 536.41 mm): Symbol U_CPU1 Pin 2R38 [DM5_n_DBI5_n_D2, Bidirectional, Line]
[pin_not_connected]: Pin not connected
    ; error
    @(266.06 mm, 538.95 mm): Symbol U_CPU1 Pin 2R39 [DM6_n_DBI6_n_D2, Bidirectional, Line]
[pin_not_connected]: Pin not connected
    ; error
    @(266.06 mm, 541.49 mm): Symbol U_CPU1 Pin 2R40 [DM7_n_DBI7_n_D2, Bidirectional, Line]
[pin_not_connected]: Pin not connected
    ; error
    @(266.06 mm, 544.03 mm): Symbol U_CPU1 Pin 2R41 [DM8_n_DBI_n_NC_D2, Bidirectional, Line]
[pin_not_connected]: Pin not connected
    ; error
    @(266.06 mm, 606.87 mm): Symbol U_CPU1 Pin 3R1 [A0_D2, Output, Line]
[pin_not_connected]: Pin not connected
    ; error
    @(266.06 mm, 609.41 mm): Symbol U_CPU1 Pin 3R2 [A1_D2, Output, Line]
[pin_not_connected]: Pin not connected
    ; error
    @(266.06 mm, 611.95 mm): Symbol U_CPU1 Pin 3R3 [A2_D2, Output, Line]
[pin_not_connected]: Pin not connected
    ; error
    @(266.06 mm, 614.49 mm): Symbol U_CPU1 Pin 3R4 [A3_D2, Output, Line]
[pin_not_connected]: Pin not connected
    ; error
    @(266.06 mm, 617.03 mm): Symbol U_CPU1 Pin 3R5 [A4_D2, Output, Line]
[pin_not_connected]: Pin not connected
    ; error
    @(266.06 mm, 619.57 mm): Symbol U_CPU1 Pin 3R6 [A5_D2, Output, Line]
[pin_not_connected]: Pin not connected
    ; error
    @(266.06 mm, 622.11 mm): Symbol U_CPU1 Pin 3R7 [A6_D2, Output, Line]
[pin_not_connected]: Pin not connected
    ; error
    @(266.06 mm, 624.65 mm): Symbol U_CPU1 Pin 3R8 [A7_D2, Output, Line]
[pin_not_connected]: Pin not connected
    ; error
    @(266.06 mm, 627.19 mm): Symbol U_CPU1 Pin 3R9 [A8_D2, Output, Line]
[pin_not_connected]: Pin not connected
    ; error
    @(266.06 mm, 629.73 mm): Symbol U_CPU1 Pin 3R10 [A9_D2, Output, Line]
[pin_not_connected]: Pin not connected
    ; error
    @(266.06 mm, 632.27 mm): Symbol U_CPU1 Pin 3R11 [A10_AP_D2, Output, Line]
[pin_not_connected]: Pin not connected
    ; error
    @(266.06 mm, 634.81 mm): Symbol U_CPU1 Pin 3R12 [A11_D2, Output, Line]
[pin_not_connected]: Pin not connected
    ; error
    @(266.06 mm, 637.35 mm): Symbol U_CPU1 Pin 3R13 [A12_D2, Output, Line]
[pin_not_connected]: Pin not connected
    ; error
    @(266.06 mm, 639.89 mm): Symbol U_CPU1 Pin 3R14 [A13_D2, Output, Line]
[pin_not_connected]: Pin not connected
    ; error
    @(266.06 mm, 642.43 mm): Symbol U_CPU1 Pin 3R15 [WE_n_A14_D2, Output, Line]
[pin_not_connected]: Pin not connected
    ; error
    @(266.06 mm, 644.97 mm): Symbol U_CPU1 Pin 3R16 [CAS_n_A15_D2, Output, Line]
[pin_not_connected]: Pin not connected
    ; error
    @(266.06 mm, 647.51 mm): Symbol U_CPU1 Pin 3R17 [RAS_n_A16_D2, Output, Line]
[pin_not_connected]: Pin not connected
    ; error
    @(266.06 mm, 650.05 mm): Symbol U_CPU1 Pin 3R18 [BA0_D2, Output, Line]
[pin_not_connected]: Pin not connected
    ; error
    @(266.06 mm, 652.59 mm): Symbol U_CPU1 Pin 3R19 [BA1_D2, Output, Line]
[pin_not_connected]: Pin not connected
    ; error
    @(266.06 mm, 655.13 mm): Symbol U_CPU1 Pin 3R20 [BG0_D2, Output, Line]
[pin_not_connected]: Pin not connected
    ; error
    @(266.06 mm, 657.67 mm): Symbol U_CPU1 Pin 3R21 [BG1_D2, Output, Line]
[pin_not_connected]: Pin not connected
    ; error
    @(266.06 mm, 660.21 mm): Symbol U_CPU1 Pin 3R22 [CS0_n_D2, Output, Line]
[pin_not_connected]: Pin not connected
    ; error
    @(266.06 mm, 662.75 mm): Symbol U_CPU1 Pin 3R23 [CS1_n_NC_D2, Output, Line]
[pin_not_connected]: Pin not connected
    ; error
    @(266.06 mm, 665.29 mm): Symbol U_CPU1 Pin 3R24 [CKE0_D2, Output, Line]
[pin_not_connected]: Pin not connected
    ; error
    @(266.06 mm, 667.83 mm): Symbol U_CPU1 Pin 3R25 [CKE1_NC_D2, Output, Line]
[pin_not_connected]: Pin not connected
    ; error
    @(266.06 mm, 670.37 mm): Symbol U_CPU1 Pin 3R26 [ODT0_D2, Output, Line]
[pin_not_connected]: Pin not connected
    ; error
    @(266.06 mm, 672.91 mm): Symbol U_CPU1 Pin 3R27 [ODT1_NC_D2, Output, Line]
[pin_not_connected]: Pin not connected
    ; error
    @(266.06 mm, 675.45 mm): Symbol U_CPU1 Pin 3R28 [CK0_t_D2, Output, Line]
[pin_not_connected]: Pin not connected
    ; error
    @(266.06 mm, 677.99 mm): Symbol U_CPU1 Pin 3R29 [CK0_c_D2, Output, Line]
[pin_not_connected]: Pin not connected
    ; error
    @(266.06 mm, 680.53 mm): Symbol U_CPU1 Pin 3R30 [CK1_t_NF_D2, Output, Line]
[pin_not_connected]: Pin not connected
    ; error
    @(266.06 mm, 683.07 mm): Symbol U_CPU1 Pin 3R31 [CK1_c_NF_D2, Output, Line]
[pin_not_connected]: Pin not connected
    ; error
    @(266.06 mm, 685.61 mm): Symbol U_CPU1 Pin 3R32 [SA0_D2, Output, Line]
[pin_not_connected]: Pin not connected
    ; error
    @(266.06 mm, 688.15 mm): Symbol U_CPU1 Pin 3R33 [SA1_D2, Output, Line]
[pin_not_connected]: Pin not connected
    ; error
    @(266.06 mm, 690.69 mm): Symbol U_CPU1 Pin 3R34 [SA2_D2, Output, Line]
[pin_not_connected]: Pin not connected
    ; error
    @(266.06 mm, 693.23 mm): Symbol U_CPU1 Pin 3R35 [ACT_n_D2, Output, Line]
[pin_not_connected]: Pin not connected
    ; error
    @(266.06 mm, 695.77 mm): Symbol U_CPU1 Pin 3R36 [PARITY_D2, Output, Line]
[pin_not_connected]: Pin not connected
    ; error
    @(266.06 mm, 698.31 mm): Symbol U_CPU1 Pin 3R37 [EVENT_n_NF_D2, Output, Line]
[pin_not_connected]: Pin not connected
    ; error
    @(266.06 mm, 700.85 mm): Symbol U_CPU1 Pin 3R38 [RESET_n_D2, Output, Line]
[pin_not_connected]: Pin not connected
    ; error
    @(266.06 mm, 703.39 mm): Symbol U_CPU1 Pin 3R39 [DQS0_t_D2, Output, Line]
[pin_not_connected]: Pin not connected
    ; error
    @(266.06 mm, 705.93 mm): Symbol U_CPU1 Pin 3R40 [DQS0_c_D2, Output, Line]
[pin_not_connected]: Pin not connected
    ; error
    @(266.06 mm, 708.47 mm): Symbol U_CPU1 Pin 3R41 [DQS1_t_D2, Output, Line]
[pin_not_connected]: Pin not connected
    ; error
    @(266.06 mm, 711.01 mm): Symbol U_CPU1 Pin 3R42 [DQS1_c_D2, Output, Line]
[pin_not_connected]: Pin not connected
    ; error
    @(266.06 mm, 713.55 mm): Symbol U_CPU1 Pin 3R43 [DQS2_t_D2, Output, Line]
[pin_not_connected]: Pin not connected
    ; error
    @(266.06 mm, 716.09 mm): Symbol U_CPU1 Pin 3R44 [DQS2_c_D2, Output, Line]
[pin_not_connected]: Pin not connected
    ; error
    @(266.06 mm, 718.63 mm): Symbol U_CPU1 Pin 3R45 [DQS3_t_D2, Output, Line]
[pin_not_connected]: Pin not connected
    ; error
    @(266.06 mm, 721.17 mm): Symbol U_CPU1 Pin 3R46 [DQS3_c_D2, Output, Line]
[pin_not_connected]: Pin not connected
    ; error
    @(266.06 mm, 723.71 mm): Symbol U_CPU1 Pin 3R47 [DQS4_t_D2, Output, Line]
[pin_not_connected]: Pin not connected
    ; error
    @(266.06 mm, 726.25 mm): Symbol U_CPU1 Pin 3R48 [DQS4_c_D2, Output, Line]
[pin_not_connected]: Pin not connected
    ; error
    @(266.06 mm, 728.79 mm): Symbol U_CPU1 Pin 3R49 [DQS5_t_D2, Output, Line]
[pin_not_connected]: Pin not connected
    ; error
    @(266.06 mm, 731.33 mm): Symbol U_CPU1 Pin 3R50 [DQS5_c_D2, Output, Line]
[pin_not_connected]: Pin not connected
    ; error
    @(266.06 mm, 733.87 mm): Symbol U_CPU1 Pin 3R51 [DQS6_t_D2, Output, Line]
[pin_not_connected]: Pin not connected
    ; error
    @(266.06 mm, 736.41 mm): Symbol U_CPU1 Pin 3R52 [DQS6_c_D2, Output, Line]
[pin_not_connected]: Pin not connected
    ; error
    @(266.06 mm, 738.95 mm): Symbol U_CPU1 Pin 3R53 [DQS7_t_D2, Output, Line]
[pin_not_connected]: Pin not connected
    ; error
    @(266.06 mm, 741.49 mm): Symbol U_CPU1 Pin 3R54 [DQS7_c_D2, Output, Line]
[pin_not_connected]: Pin not connected
    ; error
    @(266.06 mm, 744.03 mm): Symbol U_CPU1 Pin 3R55 [DQS8_t_D2, Output, Line]
[pin_not_connected]: Pin not connected
    ; error
    @(266.06 mm, 746.57 mm): Symbol U_CPU1 Pin 3R56 [DQS8_c_D2, Output, Line]
[pin_not_connected]: Pin not connected
    ; error
    @(266.06 mm, 749.11 mm): Symbol U_CPU1 Pin 3R57 [VREFCA_D2, Input, Line]
[pin_not_driven]: Input pin not driven by any Output pins
    ; error
    @(266.06 mm, 749.11 mm): Symbol U_CPU1 Pin 3R57 [VREFCA_D2, Input, Line]
[pin_not_connected]: Pin not connected
    ; error
    @(266.06 mm, 751.65 mm): Symbol U_CPU1 Pin 3R58 [SCL_SPD, Input, Line]
[pin_not_driven]: Input pin not driven by any Output pins
    ; error
    @(266.06 mm, 751.65 mm): Symbol U_CPU1 Pin 3R58 [SCL_SPD, Input, Line]
[pin_not_connected]: Pin not connected
    ; error
    @(266.06 mm, 754.19 mm): Symbol U_CPU1 Pin 3R59 [SDA_SPD, Input, Line]
[pin_not_driven]: Input pin not driven by any Output pins
    ; error
    @(266.06 mm, 754.19 mm): Symbol U_CPU1 Pin 3R59 [SDA_SPD, Input, Line]
[pin_not_connected]: Pin not connected
    ; error
    @(266.06 mm, 756.73 mm): Symbol U_CPU1 Pin 3R60 [CB0_NC_D2, Input, Line]
[pin_not_driven]: Input pin not driven by any Output pins
    ; error
    @(266.06 mm, 756.73 mm): Symbol U_CPU1 Pin 3R60 [CB0_NC_D2, Input, Line]
[pin_not_connected]: Pin not connected
    ; error
    @(266.06 mm, 759.27 mm): Symbol U_CPU1 Pin 3R61 [CB1_NC_D2, Input, Line]
[pin_not_driven]: Input pin not driven by any Output pins
    ; error
    @(266.06 mm, 759.27 mm): Symbol U_CPU1 Pin 3R61 [CB1_NC_D2, Input, Line]
[pin_not_connected]: Pin not connected
    ; error
    @(266.06 mm, 761.81 mm): Symbol U_CPU1 Pin 3R62 [CB2_NC_D2, Input, Line]
[pin_not_driven]: Input pin not driven by any Output pins
    ; error
    @(266.06 mm, 761.81 mm): Symbol U_CPU1 Pin 3R62 [CB2_NC_D2, Input, Line]
[pin_not_connected]: Pin not connected
    ; error
    @(266.06 mm, 764.35 mm): Symbol U_CPU1 Pin 3R63 [CB3_NC_D2, Input, Line]
[pin_not_driven]: Input pin not driven by any Output pins
    ; error
    @(266.06 mm, 764.35 mm): Symbol U_CPU1 Pin 3R63 [CB3_NC_D2, Input, Line]
[pin_not_connected]: Pin not connected
    ; error
    @(266.06 mm, 766.89 mm): Symbol U_CPU1 Pin 3R64 [CB4_NC_D2, Input, Line]
[pin_not_driven]: Input pin not driven by any Output pins
    ; error
    @(266.06 mm, 766.89 mm): Symbol U_CPU1 Pin 3R64 [CB4_NC_D2, Input, Line]
[pin_not_connected]: Pin not connected
    ; error
    @(266.06 mm, 769.43 mm): Symbol U_CPU1 Pin 3R65 [CB5_NC_D2, Input, Line]
[pin_not_driven]: Input pin not driven by any Output pins
    ; error
    @(266.06 mm, 769.43 mm): Symbol U_CPU1 Pin 3R65 [CB5_NC_D2, Input, Line]
[pin_not_connected]: Pin not connected
    ; error
    @(266.06 mm, 771.97 mm): Symbol U_CPU1 Pin 3R66 [CB6_NC_D2, Input, Line]
[pin_not_driven]: Input pin not driven by any Output pins
    ; error
    @(266.06 mm, 771.97 mm): Symbol U_CPU1 Pin 3R66 [CB6_NC_D2, Input, Line]
[pin_not_connected]: Pin not connected
    ; error
    @(266.06 mm, 774.51 mm): Symbol U_CPU1 Pin 3R67 [CB7_NC_D2, Input, Line]
[pin_not_driven]: Input pin not driven by any Output pins
    ; error
    @(266.06 mm, 774.51 mm): Symbol U_CPU1 Pin 3R67 [CB7_NC_D2, Input, Line]
[pin_not_connected]: Pin not connected
    ; error
    @(266.06 mm, 777.05 mm): Symbol U_CPU1 Pin 3R68 [C0_CS2_n_NC_D2, Input, Line]
[pin_not_driven]: Input pin not driven by any Output pins
    ; error
    @(266.06 mm, 777.05 mm): Symbol U_CPU1 Pin 3R68 [C0_CS2_n_NC_D2, Input, Line]
[pin_not_connected]: Pin not connected
    ; error
    @(266.06 mm, 779.59 mm): Symbol U_CPU1 Pin 3R69 [C1_CS3_n_NC_D2, Input, Line]
[pin_not_driven]: Input pin not driven by any Output pins
    ; error
    @(266.06 mm, 779.59 mm): Symbol U_CPU1 Pin 3R69 [C1_CS3_n_NC_D2, Input, Line]
[pin_not_connected]: Pin not connected
    ; error
    @(266.06 mm, 806.87 mm): Symbol U_CPU1 Pin 4R1 [DQ3_B_D3, Bidirectional, Line]
[pin_not_connected]: Pin not connected
    ; error
    @(266.06 mm, 809.41 mm): Symbol U_CPU1 Pin 4R2 [DQ4_B_D3, Bidirectional, Line]
[pin_not_connected]: Pin not connected
    ; error
    @(266.06 mm, 811.95 mm): Symbol U_CPU1 Pin 4R3 [DQ5_B_D3, Bidirectional, Line]
[pin_not_connected]: Pin not connected
    ; error
    @(266.06 mm, 814.49 mm): Symbol U_CPU1 Pin 4R4 [DQ6_B_D3, Bidirectional, Line]
[pin_not_connected]: Pin not connected
    ; error
    @(266.06 mm, 817.03 mm): Symbol U_CPU1 Pin 4R5 [DQ7_B_D3, Bidirectional, Line]
[pin_not_connected]: Pin not connected
    ; error
    @(266.06 mm, 819.57 mm): Symbol U_CPU1 Pin 4R6 [DQ8_B_D3, Bidirectional, Line]
[pin_not_connected]: Pin not connected
    ; error
    @(266.06 mm, 822.11 mm): Symbol U_CPU1 Pin 4R7 [DQ9_B_D3, Bidirectional, Line]
[pin_not_connected]: Pin not connected
    ; error
    @(266.06 mm, 824.65 mm): Symbol U_CPU1 Pin 4R8 [DQ10_B_D3, Bidirectional, Line]
[pin_not_connected]: Pin not connected
    ; error
    @(266.06 mm, 827.19 mm): Symbol U_CPU1 Pin 4R9 [DQ11_B_D3, Bidirectional, Line]
[pin_not_connected]: Pin not connected
    ; error
    @(266.06 mm, 829.73 mm): Symbol U_CPU1 Pin 4R10 [DQ12_B_D3, Bidirectional, Line]
[pin_not_connected]: Pin not connected
    ; error
    @(266.06 mm, 832.27 mm): Symbol U_CPU1 Pin 4R11 [DQ13_B_D3, Bidirectional, Line]
[pin_not_connected]: Pin not connected
    ; error
    @(266.06 mm, 834.81 mm): Symbol U_CPU1 Pin 4R12 [DQ14_B_D3, Bidirectional, Line]
[pin_not_connected]: Pin not connected
    ; error
    @(266.06 mm, 837.35 mm): Symbol U_CPU1 Pin 4R13 [DQ15_B_D3, Bidirectional, Line]
[pin_not_connected]: Pin not connected
    ; error
    @(266.06 mm, 839.89 mm): Symbol U_CPU1 Pin 4R14 [DQ16_B_D3, Bidirectional, Line]
[pin_not_connected]: Pin not connected
    ; error
    @(266.06 mm, 842.43 mm): Symbol U_CPU1 Pin 4R15 [DQ17_B_D3, Bidirectional, Line]
[pin_not_connected]: Pin not connected
    ; error
    @(266.06 mm, 844.97 mm): Symbol U_CPU1 Pin 4R16 [DQ18_B_D3, Bidirectional, Line]
[pin_not_connected]: Pin not connected
    ; error
    @(266.06 mm, 847.51 mm): Symbol U_CPU1 Pin 4R17 [DQ19_B_D3, Bidirectional, Line]
[pin_not_connected]: Pin not connected
    ; error
    @(266.06 mm, 850.05 mm): Symbol U_CPU1 Pin 4R18 [DQ20_B_D3, Bidirectional, Line]
[pin_not_connected]: Pin not connected
    ; error
    @(266.06 mm, 852.59 mm): Symbol U_CPU1 Pin 4R19 [DQ21_B_D3, Bidirectional, Line]
[pin_not_connected]: Pin not connected
    ; error
    @(266.06 mm, 855.13 mm): Symbol U_CPU1 Pin 4R20 [DQ22_B_D3, Bidirectional, Line]
[pin_not_connected]: Pin not connected
    ; error
    @(266.06 mm, 857.67 mm): Symbol U_CPU1 Pin 4R21 [DQ23_B_D3, Bidirectional, Line]
[pin_not_connected]: Pin not connected
    ; error
    @(266.06 mm, 860.21 mm): Symbol U_CPU1 Pin 4R22 [DQ24_B_D3, Bidirectional, Line]
[pin_not_connected]: Pin not connected
    ; error
    @(266.06 mm, 862.75 mm): Symbol U_CPU1 Pin 4R23 [DQ25_B_D3, Bidirectional, Line]
[pin_not_connected]: Pin not connected
    ; error
    @(266.06 mm, 865.29 mm): Symbol U_CPU1 Pin 4R24 [DQ26_B_D3, Bidirectional, Line]
[pin_not_connected]: Pin not connected
    ; error
    @(266.06 mm, 867.83 mm): Symbol U_CPU1 Pin 4R25 [DQ27_B_D3, Bidirectional, Line]
[pin_not_connected]: Pin not connected
    ; error
    @(266.06 mm, 870.37 mm): Symbol U_CPU1 Pin 4R26 [DQ28_B_D3, Bidirectional, Line]
[pin_not_connected]: Pin not connected
    ; error
    @(266.06 mm, 872.91 mm): Symbol U_CPU1 Pin 4R27 [DQ29_B_D3, Bidirectional, Line]
[pin_not_connected]: Pin not connected
    ; error
    @(266.06 mm, 875.45 mm): Symbol U_CPU1 Pin 4R28 [DQ30_B_D3, Bidirectional, Line]
[pin_not_connected]: Pin not connected
    ; error
    @(266.06 mm, 877.99 mm): Symbol U_CPU1 Pin 4R29 [DQ31_B_D3, Bidirectional, Line]
[pin_not_connected]: Pin not connected
    ; error
    @(266.06 mm, 880.53 mm): Symbol U_CPU1 Pin 4R30 [DQS0_B_t_D3, Bidirectional, Line]
[pin_not_connected]: Pin not connected
    ; error
    @(266.06 mm, 883.07 mm): Symbol U_CPU1 Pin 4R31 [DQS1_B_t_D3, Bidirectional, Line]
[pin_not_connected]: Pin not connected
    ; error
    @(266.06 mm, 885.61 mm): Symbol U_CPU1 Pin 4R32 [DQS2_B_t_D3, Bidirectional, Line]
[pin_not_connected]: Pin not connected
    ; error
    @(266.06 mm, 888.15 mm): Symbol U_CPU1 Pin 4R33 [DQS3_B_t_D3, Bidirectional, Line]
[pin_not_connected]: Pin not connected
    ; error
    @(266.06 mm, 890.69 mm): Symbol U_CPU1 Pin 4R34 [DQS4_B_t_D3, Bidirectional, Line]
[pin_not_connected]: Pin not connected
    ; error
    @(266.06 mm, 893.23 mm): Symbol U_CPU1 Pin 4R35 [DQS0_B_c_D3, Bidirectional, Line]
[pin_not_connected]: Pin not connected
    ; error
    @(266.06 mm, 895.77 mm): Symbol U_CPU1 Pin 4R36 [DQS1_B_c_D3, Bidirectional, Line]
[pin_not_connected]: Pin not connected
    ; error
    @(266.06 mm, 898.31 mm): Symbol U_CPU1 Pin 4R37 [DQS2_B_c_D3, Bidirectional, Line]
[pin_not_connected]: Pin not connected
    ; error
    @(266.06 mm, 900.85 mm): Symbol U_CPU1 Pin 4R38 [DQS3_B_c_D3, Bidirectional, Line]
[pin_not_connected]: Pin not connected
    ; error
    @(266.06 mm, 903.39 mm): Symbol U_CPU1 Pin 4R39 [DQS4_B_c_D3, Bidirectional, Line]
[pin_not_connected]: Pin not connected
    ; error
    @(266.06 mm, 905.93 mm): Symbol U_CPU1 Pin 4R40 [DM0_B_n_D3, Output, Line]
[pin_not_connected]: Pin not connected
    ; error
    @(266.06 mm, 908.47 mm): Symbol U_CPU1 Pin 4R41 [DM1_B_n_D3, Output, Line]
[pin_not_connected]: Pin not connected
    ; error
    @(266.06 mm, 911.01 mm): Symbol U_CPU1 Pin 4R42 [DM2_B_n_D3, Output, Line]
[pin_not_connected]: Pin not connected
    ; error
    @(266.06 mm, 913.55 mm): Symbol U_CPU1 Pin 4R43 [DM3_B_n_D3, Output, Line]
[pin_not_connected]: Pin not connected
    ; error
    @(266.06 mm, 916.09 mm): Symbol U_CPU1 Pin 4R44 [CA0_B_D3, Output, Line]
[pin_not_connected]: Pin not connected
    ; error
    @(266.06 mm, 918.63 mm): Symbol U_CPU1 Pin 4R45 [CA1_B_D3, Output, Line]
[pin_not_connected]: Pin not connected
    ; error
    @(266.06 mm, 921.17 mm): Symbol U_CPU1 Pin 4R46 [CA2_B_D3, Output, Line]
[pin_not_connected]: Pin not connected
    ; error
    @(266.06 mm, 923.71 mm): Symbol U_CPU1 Pin 4R47 [CA3_B_D3, Output, Line]
[pin_not_connected]: Pin not connected
    ; error
    @(266.06 mm, 926.25 mm): Symbol U_CPU1 Pin 4R48 [CA4_B_D3, Output, Line]
[pin_not_connected]: Pin not connected
    ; error
    @(266.06 mm, 928.79 mm): Symbol U_CPU1 Pin 4R49 [CA5_B_D3, Output, Line]
[pin_not_connected]: Pin not connected
    ; error
    @(266.06 mm, 931.33 mm): Symbol U_CPU1 Pin 4R50 [CA6_B_D3, Output, Line]
[pin_not_connected]: Pin not connected
    ; error
    @(266.06 mm, 933.87 mm): Symbol U_CPU1 Pin 4R51 [CA7_B_D3, Output, Line]
[pin_not_connected]: Pin not connected
    ; error
    @(266.06 mm, 936.41 mm): Symbol U_CPU1 Pin 4R52 [CA8_B_D3, Output, Line]
[pin_not_connected]: Pin not connected
    ; error
    @(266.06 mm, 938.95 mm): Symbol U_CPU1 Pin 4R53 [CA9_B_D3, Output, Line]
[pin_not_connected]: Pin not connected
    ; error
    @(266.06 mm, 941.49 mm): Symbol U_CPU1 Pin 4R54 [CA10_B_D3, Output, Line]
[pin_not_connected]: Pin not connected
    ; error
    @(266.06 mm, 944.03 mm): Symbol U_CPU1 Pin 4R55 [CA11_B_D3, Output, Line]
[pin_not_connected]: Pin not connected
    ; error
    @(266.06 mm, 946.57 mm): Symbol U_CPU1 Pin 4R56 [CA12_B_D3, Output, Line]
[pin_not_connected]: Pin not connected
    ; error
    @(266.06 mm, 949.11 mm): Symbol U_CPU1 Pin 4R57 [CK0_B_t_D3, Output, Line]
[pin_not_connected]: Pin not connected
    ; error
    @(266.06 mm, 951.65 mm): Symbol U_CPU1 Pin 4R58 [CK0_B_c_D3, Output, Line]
[pin_not_connected]: Pin not connected
    ; error
    @(266.06 mm, 954.19 mm): Symbol U_CPU1 Pin 4R59 [CK1_B_t_D3, Output, Line]
[pin_not_connected]: Pin not connected
    ; error
    @(266.06 mm, 956.73 mm): Symbol U_CPU1 Pin 4R60 [CK1_B_c_D3, Output, Line]
[pin_not_connected]: Pin not connected
    ; error
    @(266.06 mm, 959.27 mm): Symbol U_CPU1 Pin 4R61 [CS0_B_n_D3, Output, Line]
[pin_not_connected]: Pin not connected
    ; error
    @(266.06 mm, 961.81 mm): Symbol U_CPU1 Pin 4R62 [CS1_B_n_D3, Output, Line]
[pin_not_connected]: Pin not connected
    ; error
    @(266.06 mm, 964.35 mm): Symbol U_CPU1 Pin 4R63 [RESET_n_D3, Output, Line]
[pin_not_connected]: Pin not connected
    ; error
    @(266.06 mm, 966.89 mm): Symbol U_CPU1 Pin 4R64 [ALERT_n_D3, Output, Line]
[pin_not_connected]: Pin not connected
    ; error
    @(266.06 mm, 969.43 mm): Symbol U_CPU1 Pin 4R65 [PWR_EN_D3, Input, Line]
[pin_not_driven]: Input pin not driven by any Output pins
    ; error
    @(266.06 mm, 969.43 mm): Symbol U_CPU1 Pin 4R65 [PWR_EN_D3, Input, Line]
[pin_not_connected]: Pin not connected
    ; error
    @(266.06 mm, 971.97 mm): Symbol U_CPU1 Pin 4R66 [PWR_GOOD_D3, Output, Line]
[pin_not_connected]: Pin not connected
    ; error
    @(266.06 mm, 974.51 mm): Symbol U_CPU1 Pin 4R67 [HSA_D3, Input, Line]
[pin_not_driven]: Input pin not driven by any Output pins
    ; error
    @(266.06 mm, 974.51 mm): Symbol U_CPU1 Pin 4R67 [HSA_D3, Input, Line]
[pin_not_connected]: Pin not connected
    ; error
    @(266.06 mm, 977.05 mm): Symbol U_CPU1 Pin 4R68 [HSCL_D3, Input, Line]
[pin_not_driven]: Input pin not driven by any Output pins
    ; error
    @(266.06 mm, 977.05 mm): Symbol U_CPU1 Pin 4R68 [HSCL_D3, Input, Line]
[pin_not_connected]: Pin not connected
    ; error
    @(266.06 mm, 979.59 mm): Symbol U_CPU1 Pin 4R69 [HSDA_D3, Input, Line]
[pin_not_driven]: Input pin not driven by any Output pins
    ; error
    @(266.06 mm, 979.59 mm): Symbol U_CPU1 Pin 4R69 [HSDA_D3, Input, Line]
[pin_not_connected]: Pin not connected
    ; error
    @(266.06 mm, 1006.87 mm): Symbol U_CPU1 Pin 5R1 [DQ3_B_D4, Bidirectional, Line]
[pin_not_connected]: Pin not connected
    ; error
    @(266.06 mm, 1009.41 mm): Symbol U_CPU1 Pin 5R2 [DQ4_B_D4, Bidirectional, Line]
[pin_not_connected]: Pin not connected
    ; error
    @(266.06 mm, 1011.95 mm): Symbol U_CPU1 Pin 5R3 [DQ5_B_D4, Bidirectional, Line]
[pin_not_connected]: Pin not connected
    ; error
    @(266.06 mm, 1014.49 mm): Symbol U_CPU1 Pin 5R4 [DQ6_B_D4, Bidirectional, Line]
[pin_not_connected]: Pin not connected
    ; error
    @(266.06 mm, 1017.03 mm): Symbol U_CPU1 Pin 5R5 [DQ7_B_D4, Bidirectional, Line]
[pin_not_connected]: Pin not connected
    ; error
    @(266.06 mm, 1019.57 mm): Symbol U_CPU1 Pin 5R6 [DQ8_B_D4, Bidirectional, Line]
[pin_not_connected]: Pin not connected
    ; error
    @(266.06 mm, 1022.11 mm): Symbol U_CPU1 Pin 5R7 [DQ9_B_D4, Bidirectional, Line]
[pin_not_connected]: Pin not connected
    ; error
    @(266.06 mm, 1024.65 mm): Symbol U_CPU1 Pin 5R8 [DQ10_B_D4, Bidirectional, Line]
[pin_not_connected]: Pin not connected
    ; error
    @(266.06 mm, 1027.19 mm): Symbol U_CPU1 Pin 5R9 [DQ11_B_D4, Bidirectional, Line]
[pin_not_connected]: Pin not connected
    ; error
    @(266.06 mm, 1029.73 mm): Symbol U_CPU1 Pin 5R10 [DQ12_B_D4, Bidirectional, Line]
[pin_not_connected]: Pin not connected
    ; error
    @(266.06 mm, 1032.27 mm): Symbol U_CPU1 Pin 5R11 [DQ13_B_D4, Bidirectional, Line]
[pin_not_connected]: Pin not connected
    ; error
    @(266.06 mm, 1034.81 mm): Symbol U_CPU1 Pin 5R12 [DQ14_B_D4, Bidirectional, Line]
[pin_not_connected]: Pin not connected
    ; error
    @(266.06 mm, 1037.35 mm): Symbol U_CPU1 Pin 5R13 [DQ15_B_D4, Bidirectional, Line]
[pin_not_connected]: Pin not connected
    ; error
    @(266.06 mm, 1039.89 mm): Symbol U_CPU1 Pin 5R14 [DQ16_B_D4, Bidirectional, Line]
[pin_not_connected]: Pin not connected
    ; error
    @(266.06 mm, 1042.43 mm): Symbol U_CPU1 Pin 5R15 [DQ17_B_D4, Bidirectional, Line]
[pin_not_connected]: Pin not connected
    ; error
    @(266.06 mm, 1044.97 mm): Symbol U_CPU1 Pin 5R16 [DQ18_B_D4, Bidirectional, Line]
[pin_not_connected]: Pin not connected
    ; error
    @(266.06 mm, 1047.51 mm): Symbol U_CPU1 Pin 5R17 [DQ19_B_D4, Bidirectional, Line]
[pin_not_connected]: Pin not connected
    ; error
    @(266.06 mm, 1050.05 mm): Symbol U_CPU1 Pin 5R18 [DQ20_B_D4, Bidirectional, Line]
[pin_not_connected]: Pin not connected
    ; error
    @(266.06 mm, 1052.59 mm): Symbol U_CPU1 Pin 5R19 [DQ21_B_D4, Bidirectional, Line]
[pin_not_connected]: Pin not connected
    ; error
    @(266.06 mm, 1055.13 mm): Symbol U_CPU1 Pin 5R20 [DQ22_B_D4, Bidirectional, Line]
[pin_not_connected]: Pin not connected
    ; error
    @(266.06 mm, 1057.67 mm): Symbol U_CPU1 Pin 5R21 [DQ23_B_D4, Bidirectional, Line]
[pin_not_connected]: Pin not connected
    ; error
    @(266.06 mm, 1060.21 mm): Symbol U_CPU1 Pin 5R22 [DQ24_B_D4, Bidirectional, Line]
[pin_not_connected]: Pin not connected
    ; error
    @(266.06 mm, 1062.75 mm): Symbol U_CPU1 Pin 5R23 [DQ25_B_D4, Bidirectional, Line]
[pin_not_connected]: Pin not connected
    ; error
    @(266.06 mm, 1065.29 mm): Symbol U_CPU1 Pin 5R24 [DQ26_B_D4, Bidirectional, Line]
[pin_not_connected]: Pin not connected
    ; error
    @(266.06 mm, 1067.83 mm): Symbol U_CPU1 Pin 5R25 [DQ27_B_D4, Bidirectional, Line]
[pin_not_connected]: Pin not connected
    ; error
    @(266.06 mm, 1070.37 mm): Symbol U_CPU1 Pin 5R26 [DQ28_B_D4, Bidirectional, Line]
[pin_not_connected]: Pin not connected
    ; error
    @(266.06 mm, 1072.91 mm): Symbol U_CPU1 Pin 5R27 [DQ29_B_D4, Bidirectional, Line]
[pin_not_connected]: Pin not connected
    ; error
    @(266.06 mm, 1075.45 mm): Symbol U_CPU1 Pin 5R28 [DQ30_B_D4, Bidirectional, Line]
[pin_not_connected]: Pin not connected
    ; error
    @(266.06 mm, 1077.99 mm): Symbol U_CPU1 Pin 5R29 [DQ31_B_D4, Bidirectional, Line]
[pin_not_connected]: Pin not connected
    ; error
    @(266.06 mm, 1080.53 mm): Symbol U_CPU1 Pin 5R30 [DQS0_B_t_D4, Bidirectional, Line]
[pin_not_connected]: Pin not connected
    ; error
    @(266.06 mm, 1083.07 mm): Symbol U_CPU1 Pin 5R31 [DQS1_B_t_D4, Bidirectional, Line]
[pin_not_connected]: Pin not connected
    ; error
    @(266.06 mm, 1085.61 mm): Symbol U_CPU1 Pin 5R32 [DQS2_B_t_D4, Bidirectional, Line]
[pin_not_connected]: Pin not connected
    ; error
    @(266.06 mm, 1088.15 mm): Symbol U_CPU1 Pin 5R33 [DQS3_B_t_D4, Bidirectional, Line]
[pin_not_connected]: Pin not connected
    ; error
    @(266.06 mm, 1090.69 mm): Symbol U_CPU1 Pin 5R34 [DQS4_B_t_D4, Bidirectional, Line]
[pin_not_connected]: Pin not connected
    ; error
    @(266.06 mm, 1093.23 mm): Symbol U_CPU1 Pin 5R35 [DQS0_B_c_D4, Bidirectional, Line]
[pin_not_connected]: Pin not connected
    ; error
    @(266.06 mm, 1095.77 mm): Symbol U_CPU1 Pin 5R36 [DQS1_B_c_D4, Bidirectional, Line]
[pin_not_connected]: Pin not connected
    ; error
    @(266.06 mm, 1098.31 mm): Symbol U_CPU1 Pin 5R37 [DQS2_B_c_D4, Bidirectional, Line]
[pin_not_connected]: Pin not connected
    ; error
    @(266.06 mm, 1100.85 mm): Symbol U_CPU1 Pin 5R38 [DQS3_B_c_D4, Bidirectional, Line]
[pin_not_connected]: Pin not connected
    ; error
    @(266.06 mm, 1103.39 mm): Symbol U_CPU1 Pin 5R39 [DQS4_B_c_D4, Bidirectional, Line]
[pin_not_connected]: Pin not connected
    ; error
    @(266.06 mm, 1105.93 mm): Symbol U_CPU1 Pin 5R40 [DM0_B_n_D4, Output, Line]
[pin_not_connected]: Pin not connected
    ; error
    @(266.06 mm, 1108.47 mm): Symbol U_CPU1 Pin 5R41 [DM1_B_n_D4, Output, Line]
[pin_not_connected]: Pin not connected
    ; error
    @(266.06 mm, 1111.01 mm): Symbol U_CPU1 Pin 5R42 [DM2_B_n_D4, Output, Line]
[pin_not_connected]: Pin not connected
    ; error
    @(266.06 mm, 1113.55 mm): Symbol U_CPU1 Pin 5R43 [DM3_B_n_D4, Output, Line]
[pin_not_connected]: Pin not connected
    ; error
    @(266.06 mm, 1116.09 mm): Symbol U_CPU1 Pin 5R44 [CA0_B_D4, Output, Line]
[pin_not_connected]: Pin not connected
    ; error
    @(266.06 mm, 1118.63 mm): Symbol U_CPU1 Pin 5R45 [CA1_B_D4, Output, Line]
[pin_not_connected]: Pin not connected
    ; error
    @(266.06 mm, 1121.17 mm): Symbol U_CPU1 Pin 5R46 [CA2_B_D4, Output, Line]
[pin_not_connected]: Pin not connected
    ; error
    @(266.06 mm, 1123.71 mm): Symbol U_CPU1 Pin 5R47 [CA3_B_D4, Output, Line]
[pin_not_connected]: Pin not connected
    ; error
    @(266.06 mm, 1126.25 mm): Symbol U_CPU1 Pin 5R48 [CA4_B_D4, Output, Line]
[pin_not_connected]: Pin not connected
    ; error
    @(266.06 mm, 1128.79 mm): Symbol U_CPU1 Pin 5R49 [CA5_B_D4, Output, Line]
[pin_not_connected]: Pin not connected
    ; error
    @(266.06 mm, 1131.33 mm): Symbol U_CPU1 Pin 5R50 [CA6_B_D4, Output, Line]
[pin_not_connected]: Pin not connected
    ; error
    @(266.06 mm, 1133.87 mm): Symbol U_CPU1 Pin 5R51 [CA7_B_D4, Output, Line]
[pin_not_connected]: Pin not connected
    ; error
    @(266.06 mm, 1136.41 mm): Symbol U_CPU1 Pin 5R52 [CA8_B_D4, Output, Line]
[pin_not_connected]: Pin not connected
    ; error
    @(266.06 mm, 1138.95 mm): Symbol U_CPU1 Pin 5R53 [CA9_B_D4, Output, Line]
[pin_not_connected]: Pin not connected
    ; error
    @(266.06 mm, 1141.49 mm): Symbol U_CPU1 Pin 5R54 [CA10_B_D4, Output, Line]
[pin_not_connected]: Pin not connected
    ; error
    @(266.06 mm, 1144.03 mm): Symbol U_CPU1 Pin 5R55 [CA11_B_D4, Output, Line]
[pin_not_connected]: Pin not connected
    ; error
    @(266.06 mm, 1146.57 mm): Symbol U_CPU1 Pin 5R56 [CA12_B_D4, Output, Line]
[pin_not_connected]: Pin not connected
    ; error
    @(266.06 mm, 1149.11 mm): Symbol U_CPU1 Pin 5R57 [CK0_B_t_D4, Output, Line]
[pin_not_connected]: Pin not connected
    ; error
    @(266.06 mm, 1151.65 mm): Symbol U_CPU1 Pin 5R58 [CK0_B_c_D4, Output, Line]
[pin_not_connected]: Pin not connected
    ; error
    @(266.06 mm, 1154.19 mm): Symbol U_CPU1 Pin 5R59 [CK1_B_t_D4, Output, Line]
[pin_not_connected]: Pin not connected
    ; error
    @(266.06 mm, 1156.73 mm): Symbol U_CPU1 Pin 5R60 [CK1_B_c_D4, Output, Line]
[pin_not_connected]: Pin not connected
    ; error
    @(266.06 mm, 1159.27 mm): Symbol U_CPU1 Pin 5R61 [CS0_B_n_D4, Output, Line]
[pin_not_connected]: Pin not connected
    ; error
    @(266.06 mm, 1161.81 mm): Symbol U_CPU1 Pin 5R62 [CS1_B_n_D4, Output, Line]
[pin_not_connected]: Pin not connected
    ; error
    @(266.06 mm, 1164.35 mm): Symbol U_CPU1 Pin 5R63 [RESET_n_D4, Output, Line]
[pin_not_connected]: Pin not connected
    ; error
    @(266.06 mm, 1166.89 mm): Symbol U_CPU1 Pin 5R64 [ALERT_n_D4, Output, Line]
[pin_not_connected]: Pin not connected
    ; error
    @(266.06 mm, 1169.43 mm): Symbol U_CPU1 Pin 5R65 [PWR_EN_D4, Input, Line]
[pin_not_driven]: Input pin not driven by any Output pins
    ; error
    @(266.06 mm, 1169.43 mm): Symbol U_CPU1 Pin 5R65 [PWR_EN_D4, Input, Line]
[pin_not_connected]: Pin not connected
    ; error
    @(266.06 mm, 1171.97 mm): Symbol U_CPU1 Pin 5R66 [PWR_GOOD_D4, Output, Line]
[pin_not_connected]: Pin not connected
    ; error
    @(266.06 mm, 1174.51 mm): Symbol U_CPU1 Pin 5R67 [HSA_D4, Input, Line]
[pin_not_driven]: Input pin not driven by any Output pins
    ; error
    @(266.06 mm, 1174.51 mm): Symbol U_CPU1 Pin 5R67 [HSA_D4, Input, Line]
[pin_not_connected]: Pin not connected
    ; error
    @(266.06 mm, 1177.05 mm): Symbol U_CPU1 Pin 5R68 [HSCL_D4, Input, Line]
[pin_not_driven]: Input pin not driven by any Output pins
    ; error
    @(266.06 mm, 1177.05 mm): Symbol U_CPU1 Pin 5R68 [HSCL_D4, Input, Line]
[pin_not_connected]: Pin not connected
    ; error
    @(266.06 mm, 1179.59 mm): Symbol U_CPU1 Pin 5R69 [HSDA_D4, Input, Line]
[pin_not_driven]: Input pin not driven by any Output pins
    ; error
    @(266.06 mm, 1179.59 mm): Symbol U_CPU1 Pin 5R69 [HSDA_D4, Input, Line]
[pin_not_connected]: Pin not connected
    ; error
    @(266.06 mm, 1261.48 mm): Symbol U_CPU1 Pin 6R1 [PCIE_PER0_p, Input, Line]
[pin_not_driven]: Input pin not driven by any Output pins
    ; error
    @(266.06 mm, 1261.48 mm): Symbol U_CPU1 Pin 6R1 [PCIE_PER0_p, Input, Line]
[pin_not_connected]: Pin not connected
    ; error
    @(266.06 mm, 1264.02 mm): Symbol U_CPU1 Pin 6R2 [PCIE_PER1_p, Input, Line]
[pin_not_driven]: Input pin not driven by any Output pins
    ; error
    @(266.06 mm, 1264.02 mm): Symbol U_CPU1 Pin 6R2 [PCIE_PER1_p, Input, Line]
[pin_not_connected]: Pin not connected
    ; error
    @(266.06 mm, 1266.56 mm): Symbol U_CPU1 Pin 6R3 [PCIE_PER2_p, Input, Line]
[pin_not_driven]: Input pin not driven by any Output pins
    ; error
    @(266.06 mm, 1266.56 mm): Symbol U_CPU1 Pin 6R3 [PCIE_PER2_p, Input, Line]
[pin_not_connected]: Pin not connected
    ; error
    @(266.06 mm, 1269.10 mm): Symbol U_CPU1 Pin 6R4 [PCIE_PER3_p, Input, Line]
[pin_not_driven]: Input pin not driven by any Output pins
    ; error
    @(266.06 mm, 1269.10 mm): Symbol U_CPU1 Pin 6R4 [PCIE_PER3_p, Input, Line]
[pin_not_connected]: Pin not connected
    ; error
    @(266.06 mm, 1271.64 mm): Symbol U_CPU1 Pin 6R5 [PCIE_PER4_p, Input, Line]
[pin_not_driven]: Input pin not driven by any Output pins
    ; error
    @(266.06 mm, 1271.64 mm): Symbol U_CPU1 Pin 6R5 [PCIE_PER4_p, Input, Line]
[pin_not_connected]: Pin not connected
    ; error
    @(266.06 mm, 1274.18 mm): Symbol U_CPU1 Pin 6R6 [PCIE_PER5_p, Input, Line]
[pin_not_driven]: Input pin not driven by any Output pins
    ; error
    @(266.06 mm, 1274.18 mm): Symbol U_CPU1 Pin 6R6 [PCIE_PER5_p, Input, Line]
[pin_not_connected]: Pin not connected
    ; error
    @(266.06 mm, 1276.72 mm): Symbol U_CPU1 Pin 6R7 [PCIE_PER6_p, Input, Line]
[pin_not_driven]: Input pin not driven by any Output pins
    ; error
    @(266.06 mm, 1276.72 mm): Symbol U_CPU1 Pin 6R7 [PCIE_PER6_p, Input, Line]
[pin_not_connected]: Pin not connected
    ; error
    @(266.06 mm, 1279.26 mm): Symbol U_CPU1 Pin 6R8 [PCIE_PER7_p, Input, Line]
[pin_not_driven]: Input pin not driven by any Output pins
    ; error
    @(266.06 mm, 1279.26 mm): Symbol U_CPU1 Pin 6R8 [PCIE_PER7_p, Input, Line]
[pin_not_connected]: Pin not connected
    ; error
    @(266.06 mm, 1281.80 mm): Symbol U_CPU1 Pin 6R9 [PCIE_PER0_n, Input, Line]
[pin_not_driven]: Input pin not driven by any Output pins
    ; error
    @(266.06 mm, 1281.80 mm): Symbol U_CPU1 Pin 6R9 [PCIE_PER0_n, Input, Line]
[pin_not_connected]: Pin not connected
    ; error
    @(266.06 mm, 1284.34 mm): Symbol U_CPU1 Pin 6R10 [PCIE_PER1_n, Input, Line]
[pin_not_driven]: Input pin not driven by any Output pins
    ; error
    @(266.06 mm, 1284.34 mm): Symbol U_CPU1 Pin 6R10 [PCIE_PER1_n, Input, Line]
[pin_not_connected]: Pin not connected
    ; error
    @(266.06 mm, 1286.88 mm): Symbol U_CPU1 Pin 6R11 [PCIE_PER2_n, Input, Line]
[pin_not_driven]: Input pin not driven by any Output pins
    ; error
    @(266.06 mm, 1286.88 mm): Symbol U_CPU1 Pin 6R11 [PCIE_PER2_n, Input, Line]
[pin_not_connected]: Pin not connected
    ; error
    @(266.06 mm, 1289.42 mm): Symbol U_CPU1 Pin 6R12 [PCIE_PER3_n, Input, Line]
[pin_not_driven]: Input pin not driven by any Output pins
    ; error
    @(266.06 mm, 1289.42 mm): Symbol U_CPU1 Pin 6R12 [PCIE_PER3_n, Input, Line]
[pin_not_connected]: Pin not connected
    ; error
    @(266.06 mm, 1291.96 mm): Symbol U_CPU1 Pin 6R13 [PCIE_PER4_n, Input, Line]
[pin_not_driven]: Input pin not driven by any Output pins
    ; error
    @(266.06 mm, 1291.96 mm): Symbol U_CPU1 Pin 6R13 [PCIE_PER4_n, Input, Line]
[pin_not_connected]: Pin not connected
    ; error
    @(266.06 mm, 1294.50 mm): Symbol U_CPU1 Pin 6R14 [PCIE_PER5_n, Input, Line]
[pin_not_driven]: Input pin not driven by any Output pins
    ; error
    @(266.06 mm, 1294.50 mm): Symbol U_CPU1 Pin 6R14 [PCIE_PER5_n, Input, Line]
[pin_not_connected]: Pin not connected
    ; error
    @(266.06 mm, 1297.04 mm): Symbol U_CPU1 Pin 6R15 [PCIE_PER6_n, Input, Line]
[pin_not_driven]: Input pin not driven by any Output pins
    ; error
    @(266.06 mm, 1297.04 mm): Symbol U_CPU1 Pin 6R15 [PCIE_PER6_n, Input, Line]
[pin_not_connected]: Pin not connected
    ; error
    @(266.06 mm, 1299.58 mm): Symbol U_CPU1 Pin 6R16 [PCIE_PER7_n, Input, Line]
[pin_not_driven]: Input pin not driven by any Output pins
    ; error
    @(266.06 mm, 1299.58 mm): Symbol U_CPU1 Pin 6R16 [PCIE_PER7_n, Input, Line]
[pin_not_connected]: Pin not connected
    ; error
    @(266.06 mm, 1302.12 mm): Symbol U_CPU1 Pin 6R17 [M2_PET0_p, Output, Line]
[pin_not_connected]: Pin not connected
    ; error
    @(266.06 mm, 1304.66 mm): Symbol U_CPU1 Pin 6R18 [M2_PET0_n, Output, Line]
[pin_not_connected]: Pin not connected
    ; error
    @(266.06 mm, 1307.20 mm): Symbol U_CPU1 Pin 6R19 [M2_REFCLK_p, Output, Line]
[pin_not_connected]: Pin not connected
    ; error
    @(266.06 mm, 1309.74 mm): Symbol U_CPU1 Pin 6R20 [M2_REFCLK_n, Output, Line]
[pin_not_connected]: Pin not connected
    ; error
    @(266.06 mm, 1312.28 mm): Symbol U_CPU1 Pin 6R21 [PERST_NVMe_n, Output, Line]
[pin_not_connected]: Pin not connected
    ; error
    @(266.06 mm, 1314.82 mm): Symbol U_CPU1 Pin 6R22 [CLKREQ_NVMe_n, Input, Line]
[pin_not_driven]: Input pin not driven by any Output pins
    ; error
    @(266.06 mm, 1314.82 mm): Symbol U_CPU1 Pin 6R22 [CLKREQ_NVMe_n, Input, Line]
[pin_not_connected]: Pin not connected
    ; error
    @(266.06 mm, 1317.36 mm): Symbol U_CPU1 Pin 6R23 [PEWAKE_NVMe_n, Input, Line]
[pin_not_driven]: Input pin not driven by any Output pins
    ; error
    @(266.06 mm, 1317.36 mm): Symbol U_CPU1 Pin 6R23 [PEWAKE_NVMe_n, Input, Line]
[pin_not_connected]: Pin not connected
    ; error
    @(266.06 mm, 1319.90 mm): Symbol U_CPU1 Pin 6R24 [M2_DEVSLP, Output, Line]
[pin_not_connected]: Pin not connected
    ; error
    @(266.06 mm, 1322.44 mm): Symbol U_CPU1 Pin 6R25 [M2_SUSCLK, Output, Line]
[pin_not_connected]: Pin not connected
    ; error
    @(266.06 mm, 1324.98 mm): Symbol U_CPU1 Pin 6R26 [M2_LED_n, Input, Line]
[pin_not_driven]: Input pin not driven by any Output pins
    ; error
    @(266.06 mm, 1324.98 mm): Symbol U_CPU1 Pin 6R26 [M2_LED_n, Input, Line]
[pin_not_connected]: Pin not connected
    ; error
    @(266.06 mm, 1476.72 mm): Symbol U_CPU1 Pin 7R1 [ETH_PER0_p, Input, Line]
[pin_not_driven]: Input pin not driven by any Output pins
    ; error
    @(266.06 mm, 1476.72 mm): Symbol U_CPU1 Pin 7R1 [ETH_PER0_p, Input, Line]
[pin_not_connected]: Pin not connected
    ; error
    @(266.06 mm, 1479.26 mm): Symbol U_CPU1 Pin 7R2 [ETH_PER1_p, Input, Line]
[pin_not_driven]: Input pin not driven by any Output pins
    ; error
    @(266.06 mm, 1479.26 mm): Symbol U_CPU1 Pin 7R2 [ETH_PER1_p, Input, Line]
[pin_not_connected]: Pin not connected
    ; error
    @(266.06 mm, 1481.80 mm): Symbol U_CPU1 Pin 7R3 [ETH_PER2_p, Input, Line]
[pin_not_driven]: Input pin not driven by any Output pins
    ; error
    @(266.06 mm, 1481.80 mm): Symbol U_CPU1 Pin 7R3 [ETH_PER2_p, Input, Line]
[pin_not_connected]: Pin not connected
    ; error
    @(266.06 mm, 1484.34 mm): Symbol U_CPU1 Pin 7R4 [ETH_PER3_p, Input, Line]
[pin_not_driven]: Input pin not driven by any Output pins
    ; error
    @(266.06 mm, 1484.34 mm): Symbol U_CPU1 Pin 7R4 [ETH_PER3_p, Input, Line]
[pin_not_connected]: Pin not connected
    ; error
    @(266.06 mm, 1486.88 mm): Symbol U_CPU1 Pin 7R5 [ETH_PER0_n, Input, Line]
[pin_not_driven]: Input pin not driven by any Output pins
    ; error
    @(266.06 mm, 1486.88 mm): Symbol U_CPU1 Pin 7R5 [ETH_PER0_n, Input, Line]
[pin_not_connected]: Pin not connected
    ; error
    @(266.06 mm, 1489.42 mm): Symbol U_CPU1 Pin 7R6 [ETH_PER1_n, Input, Line]
[pin_not_driven]: Input pin not driven by any Output pins
    ; error
    @(266.06 mm, 1489.42 mm): Symbol U_CPU1 Pin 7R6 [ETH_PER1_n, Input, Line]
[pin_not_connected]: Pin not connected
    ; error
    @(266.06 mm, 1491.96 mm): Symbol U_CPU1 Pin 7R7 [ETH_PER2_n, Input, Line]
[pin_not_driven]: Input pin not driven by any Output pins
    ; error
    @(266.06 mm, 1491.96 mm): Symbol U_CPU1 Pin 7R7 [ETH_PER2_n, Input, Line]
[pin_not_connected]: Pin not connected
    ; error
    @(266.06 mm, 1494.50 mm): Symbol U_CPU1 Pin 7R8 [ETH_PER3_n, Input, Line]
[pin_not_driven]: Input pin not driven by any Output pins
    ; error
    @(266.06 mm, 1494.50 mm): Symbol U_CPU1 Pin 7R8 [ETH_PER3_n, Input, Line]
[pin_not_connected]: Pin not connected
    ; error
    @(266.06 mm, 1497.04 mm): Symbol U_CPU1 Pin 7R9 [VCORE, Power input, Line]
[power_pin_not_driven]: Input Power pin not driven by any Output Power pins
    ; error
    @(266.06 mm, 1497.04 mm): Symbol U_CPU1 Pin 7R9 [VCORE, Power input, Line]
[pin_not_connected]: Pin not connected
    ; error
    @(266.06 mm, 1499.58 mm): Symbol U_CPU1 Pin 7R10 [+3V3, Power input, Line]
[power_pin_not_driven]: Input Power pin not driven by any Output Power pins
    ; error
    @(266.06 mm, 1499.58 mm): Symbol U_CPU1 Pin 7R10 [+3V3, Power input, Line]
[pin_not_connected]: Pin not connected
    ; error
    @(266.06 mm, 1502.12 mm): Symbol U_CPU1 Pin 7R11 [+5V, Power input, Line]
[power_pin_not_driven]: Input Power pin not driven by any Output Power pins
    ; error
    @(266.06 mm, 1502.12 mm): Symbol U_CPU1 Pin 7R11 [+5V, Power input, Line]
[pin_not_connected]: Pin not connected
    ; error
    @(266.06 mm, 1504.66 mm): Symbol U_CPU1 Pin 7R12 [GND, Power input, Line]
[power_pin_not_driven]: Input Power pin not driven by any Output Power pins
    ; error
    @(266.06 mm, 1504.66 mm): Symbol U_CPU1 Pin 7R12 [GND, Power input, Line]
[pin_not_connected]: Pin not connected
    ; error
    @(266.06 mm, 1507.20 mm): Symbol U_CPU1 Pin 7R13 [GND, Power input, Line]
[power_pin_not_driven]: Input Power pin not driven by any Output Power pins
    ; error
    @(266.06 mm, 1507.20 mm): Symbol U_CPU1 Pin 7R13 [GND, Power input, Line]
[pin_not_connected]: Pin not connected
    ; error
    @(266.06 mm, 1509.74 mm): Symbol U_CPU1 Pin 7R14 [GND, Power input, Line]
[power_pin_not_driven]: Input Power pin not driven by any Output Power pins
    ; error
    @(266.06 mm, 1509.74 mm): Symbol U_CPU1 Pin 7R14 [GND, Power input, Line]
[pin_not_connected]: Pin not connected
    ; error
    @(266.06 mm, 1669.10 mm): Symbol U_CPU1 Pin 8R1 [THRM_n, Output, Line]
[pin_not_connected]: Pin not connected
    ; error
    @(266.06 mm, 1671.64 mm): Symbol U_CPU1 Pin 8R2 [T_IN1, Input, Line]
[pin_not_driven]: Input pin not driven by any Output pins
    ; error
    @(266.06 mm, 1671.64 mm): Symbol U_CPU1 Pin 8R2 [T_IN1, Input, Line]
[pin_not_connected]: Pin not connected
    ; error
    @(266.06 mm, 1674.18 mm): Symbol U_CPU1 Pin 8R3 [T_IN2, Input, Line]
[pin_not_driven]: Input pin not driven by any Output pins
    ; error
    @(266.06 mm, 1674.18 mm): Symbol U_CPU1 Pin 8R3 [T_IN2, Input, Line]
[pin_not_connected]: Pin not connected
    ; error
    @(266.06 mm, 1676.72 mm): Symbol U_CPU1 Pin 8R4 [VRM_PGOOD, Output, Line]
[pin_not_connected]: Pin not connected
    ; error
    @(266.06 mm, 1679.26 mm): Symbol U_CPU1 Pin 8R5 [VCORE, Input, Line]
[pin_not_driven]: Input pin not driven by any Output pins
    ; error
    @(266.06 mm, 1679.26 mm): Symbol U_CPU1 Pin 8R5 [VCORE, Input, Line]
[pin_not_connected]: Pin not connected
    ; error
    @(266.06 mm, 1681.80 mm): Symbol U_CPU1 Pin 8R6 [EC_GPIO0, Output, Line]
[pin_not_connected]: Pin not connected
    ; error
    @(266.06 mm, 1684.34 mm): Symbol U_CPU1 Pin 8R7 [PWR_OK, Output, Line]
[pin_not_connected]: Pin not connected
    ; error
    @(266.06 mm, 1874.18 mm): Symbol U_CPU1 Pin 9R1 [ETH_WAKE_N, Output, Line]
[pin_not_connected]: Pin not connected
    ; error
    @(266.06 mm, 1876.72 mm): Symbol U_CPU1 Pin 9R2 [ETH_MDI0_p, Output, Line]
[pin_not_connected]: Pin not connected
    ; error
    @(266.06 mm, 1879.26 mm): Symbol U_CPU1 Pin 9R3 [ETH_MDI0_n, Output, Line]
[pin_not_connected]: Pin not connected
    ; error
    @(266.06 mm, 1881.80 mm): Symbol U_CPU1 Pin 9R4 [ETH_MDI1_p, Output, Line]
[pin_not_connected]: Pin not connected
    ; error
    @(266.06 mm, 1884.34 mm): Symbol U_CPU1 Pin 9R5 [ETH_MDI1_n, Output, Line]
[pin_not_connected]: Pin not connected
    ; error
    @(266.06 mm, 1886.88 mm): Symbol U_CPU1 Pin 9R6 [ETH_MDI2_p, Output, Line]
[pin_not_connected]: Pin not connected
    ; error
    @(266.06 mm, 1889.42 mm): Symbol U_CPU1 Pin 9R7 [ETH_MDI2_n, Output, Line]
[pin_not_connected]: Pin not connected
    ; error
    @(266.06 mm, 1891.96 mm): Symbol U_CPU1 Pin 9R8 [ETH_MDI3_p, Output, Line]
[pin_not_connected]: Pin not connected
    ; error
    @(266.06 mm, 1894.50 mm): Symbol U_CPU1 Pin 9R9 [ETH_MDI3_n, Output, Line]
[label_dangling]: Label not connected
    ; error
    @(268.60 mm, 253.86 mm): Label 'DQ31_D2'
[label_dangling]: Label not connected
    ; error
    @(268.60 mm, 256.40 mm): Label 'DQ30_D2'
[label_dangling]: Label not connected
    ; error
    @(268.60 mm, 258.94 mm): Label 'DQ29_D2'
[label_dangling]: Label not connected
    ; error
    @(268.60 mm, 261.48 mm): Label 'DQ28_D2'
[label_dangling]: Label not connected
    ; error
    @(268.60 mm, 264.02 mm): Label 'DQ27_D2'
[label_dangling]: Label not connected
    ; error
    @(268.60 mm, 266.56 mm): Label 'DQ26_D2'
[label_dangling]: Label not connected
    ; error
    @(268.60 mm, 269.10 mm): Label 'DQ25_D2'
[label_dangling]: Label not connected
    ; error
    @(268.60 mm, 271.64 mm): Label 'DQ24_D2'
[label_dangling]: Label not connected
    ; error
    @(268.60 mm, 274.18 mm): Label 'DQ23_D2'
[label_dangling]: Label not connected
    ; error
    @(268.60 mm, 276.72 mm): Label 'DQ22_D2'
[label_dangling]: Label not connected
    ; error
    @(268.60 mm, 279.26 mm): Label 'DQ21_D2'
[label_dangling]: Label not connected
    ; error
    @(268.60 mm, 281.80 mm): Label 'DQ20_D2'
[label_dangling]: Label not connected
    ; error
    @(268.60 mm, 284.34 mm): Label 'DQ19_D2'
[label_dangling]: Label not connected
    ; error
    @(268.60 mm, 286.88 mm): Label 'DQ18_D2'
[label_dangling]: Label not connected
    ; error
    @(268.60 mm, 289.42 mm): Label 'DQ17_D2'
[label_dangling]: Label not connected
    ; error
    @(268.60 mm, 291.96 mm): Label 'DQ16_D2'
[label_dangling]: Label not connected
    ; error
    @(268.60 mm, 294.50 mm): Label 'DQ15_D2'
[label_dangling]: Label not connected
    ; error
    @(268.60 mm, 297.04 mm): Label 'DQ14_D2'
[label_dangling]: Label not connected
    ; error
    @(268.60 mm, 299.58 mm): Label 'DQ13_D2'
[label_dangling]: Label not connected
    ; error
    @(268.60 mm, 302.12 mm): Label 'DQ12_D2'
[label_dangling]: Label not connected
    ; error
    @(268.60 mm, 304.66 mm): Label 'DQ11_D2'
[label_dangling]: Label not connected
    ; error
    @(268.60 mm, 307.20 mm): Label 'DQ10_D2'
[label_dangling]: Label not connected
    ; error
    @(268.60 mm, 309.74 mm): Label 'DQ9_D2'
[label_dangling]: Label not connected
    ; error
    @(268.60 mm, 312.28 mm): Label 'DQ8_D2'
[label_dangling]: Label not connected
    ; error
    @(268.60 mm, 314.82 mm): Label 'DQ7_D2'
[label_dangling]: Label not connected
    ; error
    @(268.60 mm, 317.36 mm): Label 'DQ6_D2'
[label_dangling]: Label not connected
    ; error
    @(268.60 mm, 319.90 mm): Label 'DQ5_D2'
[label_dangling]: Label not connected
    ; error
    @(268.60 mm, 322.44 mm): Label 'DQ4_D2'
[label_dangling]: Label not connected
    ; error
    @(268.60 mm, 324.98 mm): Label 'DQ3_D2'
[label_dangling]: Label not connected
    ; error
    @(268.60 mm, 327.52 mm): Label 'DQ2_D2'
[label_dangling]: Label not connected
    ; error
    @(268.60 mm, 330.06 mm): Label 'DQ1_D2'
[label_dangling]: Label not connected
    ; error
    @(268.60 mm, 332.60 mm): Label 'DQ0_D2'
[label_dangling]: Label not connected
    ; error
    @(268.60 mm, 442.43 mm): Label 'DM8_n_DBI_n_NC_D2'
[label_dangling]: Label not connected
    ; error
    @(268.60 mm, 444.97 mm): Label 'DM7_n_DBI7_n_D2'
[label_dangling]: Label not connected
    ; error
    @(268.60 mm, 447.51 mm): Label 'DM6_n_DBI6_n_D2'
[label_dangling]: Label not connected
    ; error
    @(268.60 mm, 450.05 mm): Label 'DM5_n_DBI5_n_D2'
[label_dangling]: Label not connected
    ; error
    @(268.60 mm, 452.59 mm): Label 'DM4_n_DBI4_n_D2'
[label_dangling]: Label not connected
    ; error
    @(268.60 mm, 455.13 mm): Label 'DM3_n_DBI3_n_D2'
[label_dangling]: Label not connected
    ; error
    @(268.60 mm, 457.67 mm): Label 'DM2_n_DBI2_n_D2'
[label_dangling]: Label not connected
    ; error
    @(268.60 mm, 460.21 mm): Label 'DM1_n_DBI1_n_D2'
[label_dangling]: Label not connected
    ; error
    @(268.60 mm, 462.75 mm): Label 'DM0_n_DBI0_n_D2'
[label_dangling]: Label not connected
    ; error
    @(268.60 mm, 465.29 mm): Label 'DQ63_D2'
[label_dangling]: Label not connected
    ; error
    @(268.60 mm, 467.83 mm): Label 'DQ62_D2'
[label_dangling]: Label not connected
    ; error
    @(268.60 mm, 470.37 mm): Label 'DQ61_D2'
[label_dangling]: Label not connected
    ; error
    @(268.60 mm, 472.91 mm): Label 'DQ60_D2'
[label_dangling]: Label not connected
    ; error
    @(268.60 mm, 475.45 mm): Label 'DQ59_D2'
[label_dangling]: Label not connected
    ; error
    @(268.60 mm, 477.99 mm): Label 'DQ58_D2'
[label_dangling]: Label not connected
    ; error
    @(268.60 mm, 480.53 mm): Label 'DQ57_D2'
[label_dangling]: Label not connected
    ; error
    @(268.60 mm, 483.07 mm): Label 'DQ56_D2'
[label_dangling]: Label not connected
    ; error
    @(268.60 mm, 485.61 mm): Label 'DQ55_D2'
[label_dangling]: Label not connected
    ; error
    @(268.60 mm, 488.15 mm): Label 'DQ54_D2'
[label_dangling]: Label not connected
    ; error
    @(268.60 mm, 490.69 mm): Label 'DQ53_D2'
[label_dangling]: Label not connected
    ; error
    @(268.60 mm, 493.23 mm): Label 'DQ52_D2'
[label_dangling]: Label not connected
    ; error
    @(268.60 mm, 495.77 mm): Label 'DQ51_D2'
[label_dangling]: Label not connected
    ; error
    @(268.60 mm, 498.31 mm): Label 'DQ50_D2'
[label_dangling]: Label not connected
    ; error
    @(268.60 mm, 500.85 mm): Label 'DQ49_D2'
[label_dangling]: Label not connected
    ; error
    @(268.60 mm, 503.39 mm): Label 'DQ48_D2'
[label_dangling]: Label not connected
    ; error
    @(268.60 mm, 505.93 mm): Label 'DQ47_D2'
[label_dangling]: Label not connected
    ; error
    @(268.60 mm, 508.47 mm): Label 'DQ46_D2'
[label_dangling]: Label not connected
    ; error
    @(268.60 mm, 511.01 mm): Label 'DQ45_D2'
[label_dangling]: Label not connected
    ; error
    @(268.60 mm, 513.55 mm): Label 'DQ44_D2'
[label_dangling]: Label not connected
    ; error
    @(268.60 mm, 516.09 mm): Label 'DQ43_D2'
[label_dangling]: Label not connected
    ; error
    @(268.60 mm, 518.63 mm): Label 'DQ42_D2'
[label_dangling]: Label not connected
    ; error
    @(268.60 mm, 521.17 mm): Label 'DQ41_D2'
[label_dangling]: Label not connected
    ; error
    @(268.60 mm, 523.71 mm): Label 'DQ40_D2'
[label_dangling]: Label not connected
    ; error
    @(268.60 mm, 526.25 mm): Label 'DQ39_D2'
[label_dangling]: Label not connected
    ; error
    @(268.60 mm, 528.79 mm): Label 'DQ38_D2'
[label_dangling]: Label not connected
    ; error
    @(268.60 mm, 531.33 mm): Label 'DQ37_D2'
[label_dangling]: Label not connected
    ; error
    @(268.60 mm, 533.87 mm): Label 'DQ36_D2'
[label_dangling]: Label not connected
    ; error
    @(268.60 mm, 536.41 mm): Label 'DQ35_D2'
[label_dangling]: Label not connected
    ; error
    @(268.60 mm, 538.95 mm): Label 'DQ34_D2'
[label_dangling]: Label not connected
    ; error
    @(268.60 mm, 541.49 mm): Label 'DQ33_D2'
[label_dangling]: Label not connected
    ; error
    @(268.60 mm, 544.03 mm): Label 'DQ32_D2'
[label_dangling]: Label not connected
    ; error
    @(268.60 mm, 606.87 mm): Label 'C1_CS3_n_NC_D2'
[label_dangling]: Label not connected
    ; error
    @(268.60 mm, 609.41 mm): Label 'C0_CS2_n_NC_D2'
[label_dangling]: Label not connected
    ; error
    @(268.60 mm, 611.95 mm): Label 'CB7_NC_D2'
[label_dangling]: Label not connected
    ; error
    @(268.60 mm, 614.49 mm): Label 'CB6_NC_D2'
[label_dangling]: Label not connected
    ; error
    @(268.60 mm, 617.03 mm): Label 'CB5_NC_D2'
[label_dangling]: Label not connected
    ; error
    @(268.60 mm, 619.57 mm): Label 'CB4_NC_D2'
[label_dangling]: Label not connected
    ; error
    @(268.60 mm, 622.11 mm): Label 'CB3_NC_D2'
[label_dangling]: Label not connected
    ; error
    @(268.60 mm, 624.65 mm): Label 'CB2_NC_D2'
[label_dangling]: Label not connected
    ; error
    @(268.60 mm, 627.19 mm): Label 'CB1_NC_D2'
[label_dangling]: Label not connected
    ; error
    @(268.60 mm, 629.73 mm): Label 'CB0_NC_D2'
[label_dangling]: Label not connected
    ; error
    @(268.60 mm, 632.27 mm): Label 'SDA_SPD'
[label_dangling]: Label not connected
    ; error
    @(268.60 mm, 639.89 mm): Label 'DQS8_c_D2'
[label_dangling]: Label not connected
    ; error
    @(268.60 mm, 642.43 mm): Label 'DQS8_t_D2'
[label_dangling]: Label not connected
    ; error
    @(268.60 mm, 644.97 mm): Label 'DQS7_c_D2'
[label_dangling]: Label not connected
    ; error
    @(268.60 mm, 647.51 mm): Label 'DQS7_t_D2'
[label_dangling]: Label not connected
    ; error
    @(268.60 mm, 650.05 mm): Label 'DQS6_c_D2'
[label_dangling]: Label not connected
    ; error
    @(268.60 mm, 652.59 mm): Label 'DQS6_t_D2'
[label_dangling]: Label not connected
    ; error
    @(268.60 mm, 655.13 mm): Label 'DQS5_c_D2'
[label_dangling]: Label not connected
    ; error
    @(268.60 mm, 657.67 mm): Label 'DQS5_t_D2'
[label_dangling]: Label not connected
    ; error
    @(268.60 mm, 660.21 mm): Label 'DQS4_c_D2'
[label_dangling]: Label not connected
    ; error
    @(268.60 mm, 662.75 mm): Label 'DQS4_t_D2'
[label_dangling]: Label not connected
    ; error
    @(268.60 mm, 665.29 mm): Label 'DQS3_c_D2'
[label_dangling]: Label not connected
    ; error
    @(268.60 mm, 667.83 mm): Label 'DQS3_t_D2'
[label_dangling]: Label not connected
    ; error
    @(268.60 mm, 670.37 mm): Label 'DQS2_c_D2'
[label_dangling]: Label not connected
    ; error
    @(268.60 mm, 672.91 mm): Label 'DQS2_t_D2'
[label_dangling]: Label not connected
    ; error
    @(268.60 mm, 675.45 mm): Label 'DQS1_c_D2'
[label_dangling]: Label not connected
    ; error
    @(268.60 mm, 677.99 mm): Label 'DQS1_t_D2'
[label_dangling]: Label not connected
    ; error
    @(268.60 mm, 680.53 mm): Label 'DQS0_c_D2'
[label_dangling]: Label not connected
    ; error
    @(268.60 mm, 683.07 mm): Label 'DQS0_t_D2'
[label_dangling]: Label not connected
    ; error
    @(268.60 mm, 685.61 mm): Label 'RESET_n_D2'
[label_dangling]: Label not connected
    ; error
    @(268.60 mm, 688.15 mm): Label 'EVENT_n_NF_D2'
[label_dangling]: Label not connected
    ; error
    @(268.60 mm, 690.69 mm): Label 'PARITY_D2'
[label_dangling]: Label not connected
    ; error
    @(268.60 mm, 693.23 mm): Label 'ACT_n_D2'
[label_dangling]: Label not connected
    ; error
    @(268.60 mm, 695.77 mm): Label 'SA2_D2'
[label_dangling]: Label not connected
    ; error
    @(268.60 mm, 698.31 mm): Label 'SA1_D2'
[label_dangling]: Label not connected
    ; error
    @(268.60 mm, 700.85 mm): Label 'SA0_D2'
[label_dangling]: Label not connected
    ; error
    @(268.60 mm, 703.39 mm): Label 'CK1_c_NF_D2'
[label_dangling]: Label not connected
    ; error
    @(268.60 mm, 705.93 mm): Label 'CK1_t_NF_D2'
[label_dangling]: Label not connected
    ; error
    @(268.60 mm, 708.47 mm): Label 'CK0_c_D2'
[label_dangling]: Label not connected
    ; error
    @(268.60 mm, 711.01 mm): Label 'CK0_t_D2'
[label_dangling]: Label not connected
    ; error
    @(268.60 mm, 713.55 mm): Label 'ODT1_NC_D2'
[label_dangling]: Label not connected
    ; error
    @(268.60 mm, 716.09 mm): Label 'ODT0_D2'
[label_dangling]: Label not connected
    ; error
    @(268.60 mm, 718.63 mm): Label 'CKE1_NC_D2'
[label_dangling]: Label not connected
    ; error
    @(268.60 mm, 721.17 mm): Label 'CKE0_D2'
[label_dangling]: Label not connected
    ; error
    @(268.60 mm, 723.71 mm): Label 'CS1_n_NC_D2'
[label_dangling]: Label not connected
    ; error
    @(268.60 mm, 726.25 mm): Label 'CS0_n_D2'
[label_dangling]: Label not connected
    ; error
    @(268.60 mm, 728.79 mm): Label 'BG1_D2'
[label_dangling]: Label not connected
    ; error
    @(268.60 mm, 731.33 mm): Label 'BG0_D2'
[label_dangling]: Label not connected
    ; error
    @(268.60 mm, 733.87 mm): Label 'BA1_D2'
[label_dangling]: Label not connected
    ; error
    @(268.60 mm, 736.41 mm): Label 'BA0_D2'
[label_dangling]: Label not connected
    ; error
    @(268.60 mm, 738.95 mm): Label 'RAS_n_A16_D2'
[label_dangling]: Label not connected
    ; error
    @(268.60 mm, 741.49 mm): Label 'CAS_n_A15_D2'
[label_dangling]: Label not connected
    ; error
    @(268.60 mm, 744.03 mm): Label 'WE_n_A14_D2'
[label_dangling]: Label not connected
    ; error
    @(268.60 mm, 746.57 mm): Label 'A13_D2'
[label_dangling]: Label not connected
    ; error
    @(268.60 mm, 749.11 mm): Label 'A12_D2'
[label_dangling]: Label not connected
    ; error
    @(268.60 mm, 751.65 mm): Label 'A11_D2'
[label_dangling]: Label not connected
    ; error
    @(268.60 mm, 754.19 mm): Label 'A10_AP_D2'
[label_dangling]: Label not connected
    ; error
    @(268.60 mm, 756.73 mm): Label 'A9_D2'
[label_dangling]: Label not connected
    ; error
    @(268.60 mm, 759.27 mm): Label 'A8_D2'
[label_dangling]: Label not connected
    ; error
    @(268.60 mm, 761.81 mm): Label 'A7_D2'
[label_dangling]: Label not connected
    ; error
    @(268.60 mm, 764.35 mm): Label 'A6_D2'
[label_dangling]: Label not connected
    ; error
    @(268.60 mm, 766.89 mm): Label 'A5_D2'
[label_dangling]: Label not connected
    ; error
    @(268.60 mm, 769.43 mm): Label 'A4_D2'
[label_dangling]: Label not connected
    ; error
    @(268.60 mm, 771.97 mm): Label 'A3_D2'
[label_dangling]: Label not connected
    ; error
    @(268.60 mm, 774.51 mm): Label 'A2_D2'
[label_dangling]: Label not connected
    ; error
    @(268.60 mm, 777.05 mm): Label 'A1_D2'
[label_dangling]: Label not connected
    ; error
    @(268.60 mm, 779.59 mm): Label 'A0_D2'
[label_dangling]: Label not connected
    ; error
    @(268.60 mm, 809.41 mm): Label 'HSCL_D3'
[label_dangling]: Label not connected
    ; error
    @(268.60 mm, 814.49 mm): Label 'PWR_GOOD_D3'
[label_dangling]: Label not connected
    ; error
    @(268.60 mm, 817.03 mm): Label 'PWR_EN_D3'
[label_dangling]: Label not connected
    ; error
    @(268.60 mm, 827.19 mm): Label 'CS0_B_n_D3'
[label_dangling]: Label not connected
    ; error
    @(268.60 mm, 829.73 mm): Label 'CK1_B_c_D3'
[label_dangling]: Label not connected
    ; error
    @(268.60 mm, 837.35 mm): Label 'CK0_B_t_D3'
[label_dangling]: Label not connected
    ; error
    @(268.60 mm, 839.89 mm): Label 'CA12_B_D3'
[label_dangling]: Label not connected
    ; error
    @(268.60 mm, 842.43 mm): Label 'CA11_B_D3'
[label_dangling]: Label not connected
    ; error
    @(268.60 mm, 844.97 mm): Label 'CA10_B_D3'
[label_dangling]: Label not connected
    ; error
    @(268.60 mm, 847.51 mm): Label 'CA9_B_D3'
[label_dangling]: Label not connected
    ; error
    @(268.60 mm, 850.05 mm): Label 'CA8_B_D3'
[label_dangling]: Label not connected
    ; error
    @(268.60 mm, 857.67 mm): Label 'CA5_B_D3'
[label_dangling]: Label not connected
    ; error
    @(268.60 mm, 862.75 mm): Label 'CA3_B_D3'
[label_dangling]: Label not connected
    ; error
    @(268.60 mm, 865.29 mm): Label 'CA2_B_D3'
[label_dangling]: Label not connected
    ; error
    @(268.60 mm, 867.83 mm): Label 'CA1_B_D3'
[label_dangling]: Label not connected
    ; error
    @(268.60 mm, 872.91 mm): Label 'DM3_B_n_D3'
[label_dangling]: Label not connected
    ; error
    @(268.60 mm, 875.45 mm): Label 'DM2_B_n_D3'
[label_dangling]: Label not connected
    ; error
    @(268.60 mm, 895.77 mm): Label 'DQS4_B_t_D3'
[label_dangling]: Label not connected
    ; error
    @(268.60 mm, 900.85 mm): Label 'DQS2_B_t_D3'
[label_dangling]: Label not connected
    ; error
    @(268.60 mm, 905.93 mm): Label 'DQS0_B_t_D3'
[label_dangling]: Label not connected
    ; error
    @(268.60 mm, 911.01 mm): Label 'DQ30_B_D3'
[label_dangling]: Label not connected
    ; error
    @(268.60 mm, 916.09 mm): Label 'DQ28_B_D3'
[label_dangling]: Label not connected
    ; error
    @(268.60 mm, 921.17 mm): Label 'DQ26_B_D3'
[label_dangling]: Label not connected
    ; error
    @(268.60 mm, 926.25 mm): Label 'DQ24_B_D3'
[label_dangling]: Label not connected
    ; error
    @(268.60 mm, 928.79 mm): Label 'DQ23_B_D3'
[label_dangling]: Label not connected
    ; error
    @(268.60 mm, 931.33 mm): Label 'DQ22_B_D3'
[label_dangling]: Label not connected
    ; error
    @(268.60 mm, 944.03 mm): Label 'DQ17_B_D3'
[label_dangling]: Label not connected
    ; error
    @(268.60 mm, 949.11 mm): Label 'DQ15_B_D3'
[label_dangling]: Label not connected
    ; error
    @(268.60 mm, 951.65 mm): Label 'DQ14_B_D3'
[label_dangling]: Label not connected
    ; error
    @(268.60 mm, 954.19 mm): Label 'DQ13_B_D3'
[label_dangling]: Label not connected
    ; error
    @(268.60 mm, 956.73 mm): Label 'DQ12_B_D3'
[label_dangling]: Label not connected
    ; error
    @(268.60 mm, 959.27 mm): Label 'DQ11_B_D3'
[label_dangling]: Label not connected
    ; error
    @(268.60 mm, 961.81 mm): Label 'DQ10_B_D3'
[label_dangling]: Label not connected
    ; error
    @(268.60 mm, 964.35 mm): Label 'DQ9_B_D3'
[label_dangling]: Label not connected
    ; error
    @(268.60 mm, 969.43 mm): Label 'DQ7_B_D3'
[label_dangling]: Label not connected
    ; error
    @(268.60 mm, 974.51 mm): Label 'DQ5_B_D3'
[label_dangling]: Label not connected
    ; error
    @(268.60 mm, 977.05 mm): Label 'DQ4_B_D3'
[label_dangling]: Label not connected
    ; error
    @(268.60 mm, 1006.87 mm): Label 'HSDA_D4'
[label_dangling]: Label not connected
    ; error
    @(268.60 mm, 1014.49 mm): Label 'PWR_GOOD_D4'
[label_dangling]: Label not connected
    ; error
    @(268.60 mm, 1017.03 mm): Label 'PWR_EN_D4'
[label_dangling]: Label not connected
    ; error
    @(268.60 mm, 1022.11 mm): Label 'RESET_n_D4'
[label_dangling]: Label not connected
    ; error
    @(268.60 mm, 1024.65 mm): Label 'CS1_B_n_D4'
[label_dangling]: Label not connected
    ; error
    @(268.60 mm, 1034.81 mm): Label 'CK0_B_c_D4'
[label_dangling]: Label not connected
    ; error
    @(268.60 mm, 1039.89 mm): Label 'CA12_B_D4'
[label_dangling]: Label not connected
    ; error
    @(268.60 mm, 1042.43 mm): Label 'CA11_B_D4'
[label_dangling]: Label not connected
    ; error
    @(268.60 mm, 1047.51 mm): Label 'CA9_B_D4'
[label_dangling]: Label not connected
    ; error
    @(268.60 mm, 1055.13 mm): Label 'CA6_B_D4'
[label_dangling]: Label not connected
    ; error
    @(268.60 mm, 1057.67 mm): Label 'CA5_B_D4'
[label_dangling]: Label not connected
    ; error
    @(268.60 mm, 1062.75 mm): Label 'CA3_B_D4'
[label_dangling]: Label not connected
    ; error
    @(268.60 mm, 1065.29 mm): Label 'CA2_B_D4'
[label_dangling]: Label not connected
    ; error
    @(268.60 mm, 1067.83 mm): Label 'CA1_B_D4'
[label_dangling]: Label not connected
    ; error
    @(268.60 mm, 1070.37 mm): Label 'CA0_B_D4'
[label_dangling]: Label not connected
    ; error
    @(268.60 mm, 1072.91 mm): Label 'DM3_B_n_D4'
[label_dangling]: Label not connected
    ; error
    @(268.60 mm, 1083.07 mm): Label 'DQS4_B_c_D4'
[label_dangling]: Label not connected
    ; error
    @(268.60 mm, 1093.23 mm): Label 'DQS0_B_c_D4'
[label_dangling]: Label not connected
    ; error
    @(268.60 mm, 1116.09 mm): Label 'DQ28_B_D4'
[label_dangling]: Label not connected
    ; error
    @(268.60 mm, 1118.63 mm): Label 'DQ27_B_D4'
[label_dangling]: Label not connected
    ; error
    @(268.60 mm, 1121.17 mm): Label 'DQ26_B_D4'
[label_dangling]: Label not connected
    ; error
    @(268.60 mm, 1123.71 mm): Label 'DQ25_B_D4'
[label_dangling]: Label not connected
    ; error
    @(268.60 mm, 1126.25 mm): Label 'DQ24_B_D4'
[label_dangling]: Label not connected
    ; error
    @(268.60 mm, 1133.87 mm): Label 'DQ21_B_D4'
[label_dangling]: Label not connected
    ; error
    @(268.60 mm, 1136.41 mm): Label 'DQ20_B_D4'
[label_dangling]: Label not connected
    ; error
    @(268.60 mm, 1138.95 mm): Label 'DQ19_B_D4'
[label_dangling]: Label not connected
    ; error
    @(268.60 mm, 1141.49 mm): Label 'DQ18_B_D4'
[label_dangling]: Label not connected
    ; error
    @(268.60 mm, 1144.03 mm): Label 'DQ17_B_D4'
[label_dangling]: Label not connected
    ; error
    @(268.60 mm, 1154.19 mm): Label 'DQ13_B_D4'
[label_dangling]: Label not connected
    ; error
    @(268.60 mm, 1156.73 mm): Label 'DQ12_B_D4'
[label_dangling]: Label not connected
    ; error
    @(268.60 mm, 1161.81 mm): Label 'DQ10_B_D4'
[label_dangling]: Label not connected
    ; error
    @(268.60 mm, 1164.35 mm): Label 'DQ9_B_D4'
[label_dangling]: Label not connected
    ; error
    @(268.60 mm, 1166.89 mm): Label 'DQ8_B_D4'
[label_dangling]: Label not connected
    ; error
    @(268.60 mm, 1169.43 mm): Label 'DQ7_B_D4'
[label_dangling]: Label not connected
    ; error
    @(268.60 mm, 1174.51 mm): Label 'DQ5_B_D4'
[label_dangling]: Label not connected
    ; error
    @(268.60 mm, 1279.26 mm): Label 'M2_REFCLK_p'
[label_dangling]: Label not connected
    ; error
    @(268.60 mm, 1299.58 mm): Label 'PCIE_PER2_n'
[label_dangling]: Label not connected
    ; error
    @(268.60 mm, 1486.88 mm): Label '+3V3'
[label_dangling]: Label not connected
    ; error
    @(268.60 mm, 1507.20 mm): Label 'ETH_PER1_p'
[label_dangling]: Label not connected
    ; error
    @(268.60 mm, 1702.12 mm): Label 'PWR_OK'
[label_dangling]: Label not connected
    ; error
    @(268.60 mm, 1707.20 mm): Label 'VCORE'
[label_dangling]: Label not connected
    ; error
    @(268.60 mm, 1709.74 mm): Label 'VRM_PGOOD'
[label_dangling]: Label not connected
    ; error
    @(268.60 mm, 1714.82 mm): Label 'T_IN1'
[label_dangling]: Label not connected
    ; error
    @(268.60 mm, 1902.12 mm): Label 'ETH_MDI1_n'
[label_dangling]: Label not connected
    ; error
    @(308.28 mm, 420.00 mm): Label 'HDA_SDI'
[label_dangling]: Label not connected
    ; error
    @(308.28 mm, 422.54 mm): Label 'HDA_SDO'
[label_dangling]: Label not connected
    ; error
    @(308.28 mm, 425.08 mm): Label 'HDA_SYNC'
[label_dangling]: Label not connected
    ; error
    @(308.28 mm, 427.62 mm): Label 'HDA_BCLK'
[label_dangling]: Label not connected
    ; error
    @(308.28 mm, 430.16 mm): Label 'HDA_RST_N'
[pin_not_connected]: Pin not connected
    ; error
    @(364.47 mm, 601.23 mm): Symbol U29 Pin 1 [A1, Passive, Line]
[pin_not_connected]: Pin not connected
    ; error
    @(370.82 mm, 589.23 mm): Symbol #PWR09889 Pin 1 [Power input, Line]
[pin_not_connected]: Pin not connected
    ; error
    @(370.82 mm, 613.23 mm): Symbol #PWR10084 Pin 1 [Power input, Line]
[pin_not_connected]: Pin not connected
    ; error
    @(372.09 mm, 601.23 mm): Symbol U29 Pin 2 [A2, Passive, Line]
[label_dangling]: Label not connected
    ; error
    @(373.28 mm, 596.23 mm): Label 'GPIO_ESD_PROT'
[label_dangling]: Label not connected
    ; error
    @(390.66 mm, 1695.77 mm): Label 'PCH_CNV_BRI_DT_N'
[label_dangling]: Label not connected
    ; error
    @(390.66 mm, 1703.39 mm): Label 'PCH_CNV_CLKREQ_N'
[label_dangling]: Label not connected
    ; error
    @(390.66 mm, 1708.47 mm): Label 'PCH_RF_KILL_N'
[label_dangling]: Label not connected
    ; error
    @(390.66 mm, 1720.85 mm): Label 'PCH_CNV_RGI_RSP_N'
[label_dangling]: Label not connected
    ; error
    @(390.66 mm, 1723.39 mm): Label 'PCH_BT_ANT'
[label_dangling]: Label not connected
    ; error
    @(390.66 mm, 1798.31 mm): Label 'TB4P1_TX_P2'
[label_dangling]: Label not connected
    ; error
    @(390.66 mm, 1800.85 mm): Label 'TB4P1_TX_P3'
[label_dangling]: Label not connected
    ; error
    @(390.66 mm, 1803.39 mm): Label 'TB4P1_TX_N0'
[label_dangling]: Label not connected
    ; error
    @(390.66 mm, 1808.47 mm): Label 'TB4P1_TX_N2'
[label_dangling]: Label not connected
    ; error
    @(390.66 mm, 1813.55 mm): Label 'TB4P1_USB_D_P'
[label_dangling]: Label not connected
    ; error
    @(390.66 mm, 1823.23 mm): Label 'TB4P1_RX_P0'
[label_dangling]: Label not connected
    ; error
    @(390.66 mm, 1828.31 mm): Label 'TB4P1_RX_P2'
[label_dangling]: Label not connected
    ; error
    @(390.66 mm, 1830.85 mm): Label 'TB4P1_RX_P3'
[label_dangling]: Label not connected
    ; error
    @(390.66 mm, 1833.39 mm): Label 'TB4P1_RX_N0'
[label_dangling]: Label not connected
    ; error
    @(390.66 mm, 1838.47 mm): Label 'TB4P1_RX_N2'
[label_dangling]: Label not connected
    ; error
    @(390.66 mm, 1843.55 mm): Label 'TB4P1_USB_D_N'
[pin_not_connected]: Pin not connected
    ; error
    @(393.20 mm, 1685.61 mm): Symbol U_CNVio2 Pin 1 [Pin_1, Passive, Line]
[pin_not_connected]: Pin not connected
    ; error
    @(393.20 mm, 1688.15 mm): Symbol U_CNVio2 Pin 3 [Pin_3, Passive, Line]
[pin_not_connected]: Pin not connected
    ; error
    @(393.20 mm, 1690.69 mm): Symbol U_CNVio2 Pin 5 [Pin_5, Passive, Line]
[pin_not_connected]: Pin not connected
    ; error
    @(393.20 mm, 1693.23 mm): Symbol U_CNVio2 Pin 7 [Pin_7, Passive, Line]
[pin_not_connected]: Pin not connected
    ; error
    @(393.20 mm, 1695.77 mm): Symbol U_CNVio2 Pin 9 [Pin_9, Passive, Line]
[pin_not_connected]: Pin not connected
    ; error
    @(393.20 mm, 1698.31 mm): Symbol U_CNVio2 Pin 11 [Pin_11, Passive, Line]
[pin_not_connected]: Pin not connected
    ; error
    @(393.20 mm, 1700.85 mm): Symbol U_CNVio2 Pin 13 [Pin_13, Passive, Line]
[pin_not_connected]: Pin not connected
    ; error
    @(393.20 mm, 1708.15 mm): Symbol U_CNVio2_RGI1 Pin 1 [Pin_1, Passive, Line]
[pin_not_connected]: Pin not connected
    ; error
    @(393.20 mm, 1710.69 mm): Symbol U_CNVio2_RGI1 Pin 3 [Pin_3, Passive, Line]
[pin_not_connected]: Pin not connected
    ; error
    @(393.20 mm, 1713.23 mm): Symbol U_CNVio2_RGI1 Pin 5 [Pin_5, Passive, Line]
[pin_not_connected]: Pin not connected
    ; error
    @(393.20 mm, 1715.77 mm): Symbol U_CNVio2_RGI1 Pin 7 [Pin_7, Passive, Line]
[pin_not_connected]: Pin not connected
    ; error
    @(393.20 mm, 1718.31 mm): Symbol U_CNVio2_RGI1 Pin 9 [Pin_9, Passive, Line]
[pin_not_connected]: Pin not connected
    ; error
    @(393.20 mm, 1783.07 mm): Symbol U_TB4_CAM1 Pin 1 [Pin_1, Passive, Line]
[pin_not_connected]: Pin not connected
    ; error
    @(393.20 mm, 1785.61 mm): Symbol U_TB4_CAM1 Pin 3 [Pin_3, Passive, Line]
[pin_not_connected]: Pin not connected
    ; error
    @(393.20 mm, 1788.15 mm): Symbol U_TB4_CAM1 Pin 5 [Pin_5, Passive, Line]
[pin_not_connected]: Pin not connected
    ; error
    @(393.20 mm, 1790.69 mm): Symbol U_TB4_CAM1 Pin 7 [Pin_7, Passive, Line]
[pin_not_connected]: Pin not connected
    ; error
    @(393.20 mm, 1793.23 mm): Symbol U_TB4_CAM1 Pin 9 [Pin_9, Passive, Line]
[pin_not_connected]: Pin not connected
    ; error
    @(393.20 mm, 1795.77 mm): Symbol U_TB4_CAM1 Pin 11 [Pin_11, Passive, Line]
[pin_not_connected]: Pin not connected
    ; error
    @(393.20 mm, 1798.31 mm): Symbol U_TB4_CAM1 Pin 13 [Pin_13, Passive, Line]
[pin_not_connected]: Pin not connected
    ; error
    @(393.20 mm, 1800.85 mm): Symbol U_TB4_CAM1 Pin 15 [Pin_15, Passive, Line]
[pin_not_connected]: Pin not connected
    ; error
    @(393.20 mm, 1803.39 mm): Symbol U_TB4_CAM1 Pin 17 [Pin_17, Passive, Line]
[pin_not_connected]: Pin not connected
    ; error
    @(393.20 mm, 1805.93 mm): Symbol U_TB4_CAM1 Pin 19 [Pin_19, Passive, Line]
[pin_not_connected]: Pin not connected
    ; error
    @(393.20 mm, 1818.15 mm): Symbol U_TB4_CAM1_RX1 Pin 1 [Pin_1, Passive, Line]
[pin_not_connected]: Pin not connected
    ; error
    @(393.20 mm, 1820.69 mm): Symbol U_TB4_CAM1_RX1 Pin 3 [Pin_3, Passive, Line]
[pin_not_connected]: Pin not connected
    ; error
    @(393.20 mm, 1823.23 mm): Symbol U_TB4_CAM1_RX1 Pin 5 [Pin_5, Passive, Line]
[pin_not_connected]: Pin not connected
    ; error
    @(393.20 mm, 1825.77 mm): Symbol U_TB4_CAM1_RX1 Pin 7 [Pin_7, Passive, Line]
[pin_not_connected]: Pin not connected
    ; error
    @(393.20 mm, 1828.31 mm): Symbol U_TB4_CAM1_RX1 Pin 9 [Pin_9, Passive, Line]
[pin_not_connected]: Pin not connected
    ; error
    @(393.20 mm, 1830.85 mm): Symbol U_TB4_CAM1_RX1 Pin 11 [Pin_11, Passive, Line]
[label_dangling]: Label not connected
    ; error
    @(398.28 mm, 1703.23 mm): Label 'CLKREQ_GPU_n'
[pin_not_connected]: Pin not connected
    ; error
    @(405.90 mm, 1685.61 mm): Symbol U_CNVio2 Pin 2 [Pin_2, Passive, Line]
[pin_not_connected]: Pin not connected
    ; error
    @(405.90 mm, 1688.15 mm): Symbol U_CNVio2 Pin 4 [Pin_4, Passive, Line]
[pin_not_connected]: Pin not connected
    ; error
    @(405.90 mm, 1690.69 mm): Symbol U_CNVio2 Pin 6 [Pin_6, Passive, Line]
[pin_not_connected]: Pin not connected
    ; error
    @(405.90 mm, 1693.23 mm): Symbol U_CNVio2 Pin 8 [Pin_8, Passive, Line]
[pin_not_connected]: Pin not connected
    ; error
    @(405.90 mm, 1695.77 mm): Symbol U_CNVio2 Pin 10 [Pin_10, Passive, Line]
[pin_not_connected]: Pin not connected
    ; error
    @(405.90 mm, 1698.31 mm): Symbol U_CNVio2 Pin 12 [Pin_12, Passive, Line]
[pin_not_connected]: Pin not connected
    ; error
    @(405.90 mm, 1700.85 mm): Symbol U_CNVio2 Pin 14 [Pin_14, Passive, Line]
[pin_not_connected]: Pin not connected
    ; error
    @(405.90 mm, 1708.15 mm): Symbol U_CNVio2_RGI1 Pin 2 [Pin_2, Passive, Line]
[pin_not_connected]: Pin not connected
    ; error
    @(405.90 mm, 1710.69 mm): Symbol U_CNVio2_RGI1 Pin 4 [Pin_4, Passive, Line]
[pin_not_connected]: Pin not connected
    ; error
    @(405.90 mm, 1713.23 mm): Symbol U_CNVio2_RGI1 Pin 6 [Pin_6, Passive, Line]
[pin_not_connected]: Pin not connected
    ; error
    @(405.90 mm, 1715.77 mm): Symbol U_CNVio2_RGI1 Pin 8 [Pin_8, Passive, Line]
[pin_not_connected]: Pin not connected
    ; error
    @(405.90 mm, 1718.31 mm): Symbol U_CNVio2_RGI1 Pin 10 [Pin_10, Passive, Line]
[pin_not_connected]: Pin not connected
    ; error
    @(405.90 mm, 1783.07 mm): Symbol U_TB4_CAM1 Pin 2 [Pin_2, Passive, Line]
[pin_not_connected]: Pin not connected
    ; error
    @(405.90 mm, 1785.61 mm): Symbol U_TB4_CAM1 Pin 4 [Pin_4, Passive, Line]
[pin_not_connected]: Pin not connected
    ; error
    @(405.90 mm, 1788.15 mm): Symbol U_TB4_CAM1 Pin 6 [Pin_6, Passive, Line]
[pin_not_connected]: Pin not connected
    ; error
    @(405.90 mm, 1790.69 mm): Symbol U_TB4_CAM1 Pin 8 [Pin_8, Passive, Line]
[pin_not_connected]: Pin not connected
    ; error
    @(405.90 mm, 1793.23 mm): Symbol U_TB4_CAM1 Pin 10 [Pin_10, Passive, Line]
[pin_not_connected]: Pin not connected
    ; error
    @(405.90 mm, 1795.77 mm): Symbol U_TB4_CAM1 Pin 12 [Pin_12, Passive, Line]
[pin_not_connected]: Pin not connected
    ; error
    @(405.90 mm, 1798.31 mm): Symbol U_TB4_CAM1 Pin 14 [Pin_14, Passive, Line]
[pin_not_connected]: Pin not connected
    ; error
    @(405.90 mm, 1800.85 mm): Symbol U_TB4_CAM1 Pin 16 [Pin_16, Passive, Line]
[pin_not_connected]: Pin not connected
    ; error
    @(405.90 mm, 1803.39 mm): Symbol U_TB4_CAM1 Pin 18 [Pin_18, Passive, Line]
[pin_not_connected]: Pin not connected
    ; error
    @(405.90 mm, 1805.93 mm): Symbol U_TB4_CAM1 Pin 20 [Pin_20, Passive, Line]
[pin_not_connected]: Pin not connected
    ; error
    @(405.90 mm, 1818.15 mm): Symbol U_TB4_CAM1_RX1 Pin 2 [Pin_2, Passive, Line]
[pin_not_connected]: Pin not connected
    ; error
    @(405.90 mm, 1820.69 mm): Symbol U_TB4_CAM1_RX1 Pin 4 [Pin_4, Passive, Line]
[pin_not_connected]: Pin not connected
    ; error
    @(405.90 mm, 1823.23 mm): Symbol U_TB4_CAM1_RX1 Pin 6 [Pin_6, Passive, Line]
[pin_not_connected]: Pin not connected
    ; error
    @(405.90 mm, 1825.77 mm): Symbol U_TB4_CAM1_RX1 Pin 8 [Pin_8, Passive, Line]
[pin_not_connected]: Pin not connected
    ; error
    @(405.90 mm, 1828.31 mm): Symbol U_TB4_CAM1_RX1 Pin 10 [Pin_10, Passive, Line]
[pin_not_connected]: Pin not connected
    ; error
    @(405.90 mm, 1830.85 mm): Symbol U_TB4_CAM1_RX1 Pin 12 [Pin_12, Passive, Line]
[label_dangling]: Label not connected
    ; error
    @(418.60 mm, 1695.77 mm): Label 'CNV_BRI_DT_N'
[label_dangling]: Label not connected
    ; error
    @(418.60 mm, 1698.31 mm): Label 'CNV_BRI_RSP_P'
[label_dangling]: Label not connected
    ; error
    @(418.60 mm, 1703.39 mm): Label 'CNV_CLKREQ_N'
[label_dangling]: Label not connected
    ; error
    @(418.60 mm, 1705.93 mm): Label 'CNV_WAKE_N'
[label_dangling]: Label not connected
    ; error
    @(418.60 mm, 1713.23 mm): Label 'CNV_RGI_DT_P'
[label_dangling]: Label not connected
    ; error
    @(418.60 mm, 1725.93 mm): Label 'WIFI_ANT_AUX'
[label_dangling]: Label not connected
    ; error
    @(418.60 mm, 1793.23 mm): Label 'TB4_CAM1_TX_P0'
[label_dangling]: Label not connected
    ; error
    @(418.60 mm, 1795.77 mm): Label 'TB4_CAM1_TX_P1'
[label_dangling]: Label not connected
    ; error
    @(418.60 mm, 1798.31 mm): Label 'TB4_CAM1_TX_P2'
[label_dangling]: Label not connected
    ; error
    @(418.60 mm, 1800.85 mm): Label 'TB4_CAM1_TX_P3'
[label_dangling]: Label not connected
    ; error
    @(418.60 mm, 1803.39 mm): Label 'TB4_CAM1_TX_N0'
[label_dangling]: Label not connected
    ; error
    @(418.60 mm, 1811.01 mm): Label 'TB4_CAM1_TX_N3'
[label_dangling]: Label not connected
    ; error
    @(418.60 mm, 1823.23 mm): Label 'TB4_CAM1_RX_P0'
[label_dangling]: Label not connected
    ; error
    @(418.60 mm, 1825.77 mm): Label 'TB4_CAM1_RX_P1'
[label_dangling]: Label not connected
    ; error
    @(418.60 mm, 1830.85 mm): Label 'TB4_CAM1_RX_P3'
[label_dangling]: Label not connected
    ; error
    @(418.60 mm, 1835.93 mm): Label 'TB4_CAM1_RX_N1'
[label_dangling]: Label not connected
    ; error
    @(418.60 mm, 1838.47 mm): Label 'TB4_CAM1_RX_N2'
[label_dangling]: Label not connected
    ; error
    @(418.60 mm, 1841.01 mm): Label 'TB4_CAM1_RX_N3'
[pin_not_connected]: Pin not connected
    ; error
    @(448.28 mm, 289.42 mm): Symbol R50 Pin 1 [Passive, Line]
[pin_not_connected]: Pin not connected
    ; error
    @(448.28 mm, 297.04 mm): Symbol R50 Pin 2 [Passive, Line]
[pin_not_connected]: Pin not connected
    ; error
    @(463.20 mm, 305.45 mm): Symbol U15 Pin 1 [Pin_1, Passive, Line]
[pin_not_connected]: Pin not connected
    ; error
    @(463.20 mm, 307.99 mm): Symbol U15 Pin 3 [Pin_3, Passive, Line]
[pin_not_connected]: Pin not connected
    ; error
    @(463.20 mm, 310.53 mm): Symbol U15 Pin 5 [Pin_5, Passive, Line]
[pin_not_connected]: Pin not connected
    ; error
    @(463.20 mm, 313.07 mm): Symbol U15 Pin 7 [Pin_7, Passive, Line]
[pin_not_connected]: Pin not connected
    ; error
    @(463.20 mm, 315.61 mm): Symbol U15 Pin 9 [Pin_9, Passive, Line]
[pin_not_connected]: Pin not connected
    ; error
    @(463.20 mm, 318.15 mm): Symbol U15 Pin 11 [Pin_11, Passive, Line]
[pin_not_connected]: Pin not connected
    ; error
    @(463.20 mm, 320.69 mm): Symbol U15 Pin 13 [Pin_13, Passive, Line]
[pin_not_connected]: Pin not connected
    ; error
    @(463.20 mm, 323.23 mm): Symbol U15 Pin 15 [Pin_15, Passive, Line]
[pin_not_connected]: Pin not connected
    ; error
    @(463.20 mm, 325.77 mm): Symbol U15 Pin 17 [Pin_17, Passive, Line]
[pin_not_connected]: Pin not connected
    ; error
    @(463.20 mm, 328.31 mm): Symbol U15 Pin 19 [Pin_19, Passive, Line]
[pin_not_connected]: Pin not connected
    ; error
    @(463.20 mm, 330.85 mm): Symbol U15 Pin 21 [Pin_21, Passive, Line]
[pin_not_connected]: Pin not connected
    ; error
    @(463.20 mm, 333.39 mm): Symbol U15 Pin 23 [Pin_23, Passive, Line]
[pin_not_connected]: Pin not connected
    ; error
    @(463.20 mm, 335.93 mm): Symbol U15 Pin 25 [Pin_25, Passive, Line]
[pin_not_connected]: Pin not connected
    ; error
    @(463.20 mm, 338.47 mm): Symbol U15 Pin 27 [Pin_27, Passive, Line]
[pin_not_connected]: Pin not connected
    ; error
    @(463.20 mm, 341.01 mm): Symbol U15 Pin 29 [Pin_29, Passive, Line]
[pin_not_connected]: Pin not connected
    ; error
    @(463.20 mm, 343.55 mm): Symbol U15 Pin 31 [Pin_31, Passive, Line]
[pin_not_connected]: Pin not connected
    ; error
    @(463.20 mm, 505.45 mm): Symbol U17 Pin 1 [Pin_1, Passive, Line]
[pin_not_connected]: Pin not connected
    ; error
    @(463.20 mm, 507.99 mm): Symbol U17 Pin 3 [Pin_3, Passive, Line]
[pin_not_connected]: Pin not connected
    ; error
    @(463.20 mm, 510.53 mm): Symbol U17 Pin 5 [Pin_5, Passive, Line]
[pin_not_connected]: Pin not connected
    ; error
    @(463.20 mm, 513.07 mm): Symbol U17 Pin 7 [Pin_7, Passive, Line]
[pin_not_connected]: Pin not connected
    ; error
    @(463.20 mm, 515.61 mm): Symbol U17 Pin 9 [Pin_9, Passive, Line]
[pin_not_connected]: Pin not connected
    ; error
    @(463.20 mm, 518.15 mm): Symbol U17 Pin 11 [Pin_11, Passive, Line]
[pin_not_connected]: Pin not connected
    ; error
    @(463.20 mm, 520.69 mm): Symbol U17 Pin 13 [Pin_13, Passive, Line]
[pin_not_connected]: Pin not connected
    ; error
    @(463.20 mm, 523.23 mm): Symbol U17 Pin 15 [Pin_15, Passive, Line]
[pin_not_connected]: Pin not connected
    ; error
    @(463.20 mm, 525.77 mm): Symbol U17 Pin 17 [Pin_17, Passive, Line]
[pin_not_connected]: Pin not connected
    ; error
    @(463.20 mm, 528.31 mm): Symbol U17 Pin 19 [Pin_19, Passive, Line]
[pin_not_connected]: Pin not connected
    ; error
    @(463.20 mm, 530.85 mm): Symbol U17 Pin 21 [Pin_21, Passive, Line]
[pin_not_connected]: Pin not connected
    ; error
    @(463.20 mm, 533.39 mm): Symbol U17 Pin 23 [Pin_23, Passive, Line]
[pin_not_connected]: Pin not connected
    ; error
    @(463.20 mm, 535.93 mm): Symbol U17 Pin 25 [Pin_25, Passive, Line]
[pin_not_connected]: Pin not connected
    ; error
    @(463.20 mm, 538.47 mm): Symbol U17 Pin 27 [Pin_27, Passive, Line]
[pin_not_connected]: Pin not connected
    ; error
    @(463.20 mm, 541.01 mm): Symbol U17 Pin 29 [Pin_29, Passive, Line]
[pin_not_connected]: Pin not connected
    ; error
    @(463.20 mm, 543.55 mm): Symbol U17 Pin 31 [Pin_31, Passive, Line]
[label_dangling]: Label not connected
    ; error
    @(470.66 mm, 1793.23 mm): Label 'TB4P1_TX_P0'
[label_dangling]: Label not connected
    ; error
    @(470.66 mm, 1795.77 mm): Label 'TB4P1_TX_P1'
[label_dangling]: Label not connected
    ; error
    @(470.66 mm, 1805.93 mm): Label 'TB4P1_TX_N1'
[label_dangling]: Label not connected
    ; error
    @(470.66 mm, 1811.01 mm): Label 'TB4P1_TX_N3'
[label_dangling]: Label not connected
    ; error
    @(470.66 mm, 1816.09 mm): Label 'TB4P1_CLKREQ_N'
[label_dangling]: Label not connected
    ; error
    @(470.66 mm, 1825.77 mm): Label 'TB4P1_RX_P1'
[label_dangling]: Label not connected
    ; error
    @(470.66 mm, 1835.93 mm): Label 'TB4P1_RX_N1'
[label_dangling]: Label not connected
    ; error
    @(470.66 mm, 1841.01 mm): Label 'TB4P1_RX_N3'
[label_dangling]: Label not connected
    ; error
    @(470.66 mm, 1846.09 mm): Label 'TB4P1_PERST_N'
[pin_not_connected]: Pin not connected
    ; error
    @(475.90 mm, 305.45 mm): Symbol U15 Pin 2 [Pin_2, Passive, Line]
[pin_not_connected]: Pin not connected
    ; error
    @(475.90 mm, 307.99 mm): Symbol U15 Pin 4 [Pin_4, Passive, Line]
[pin_not_connected]: Pin not connected
    ; error
    @(475.90 mm, 310.53 mm): Symbol U15 Pin 6 [Pin_6, Passive, Line]
[pin_not_connected]: Pin not connected
    ; error
    @(475.90 mm, 313.07 mm): Symbol U15 Pin 8 [Pin_8, Passive, Line]
[pin_not_connected]: Pin not connected
    ; error
    @(475.90 mm, 315.61 mm): Symbol U15 Pin 10 [Pin_10, Passive, Line]
[pin_not_connected]: Pin not connected
    ; error
    @(475.90 mm, 318.15 mm): Symbol U15 Pin 12 [Pin_12, Passive, Line]
[pin_not_connected]: Pin not connected
    ; error
    @(475.90 mm, 320.69 mm): Symbol U15 Pin 14 [Pin_14, Passive, Line]
[pin_not_connected]: Pin not connected
    ; error
    @(475.90 mm, 323.23 mm): Symbol U15 Pin 16 [Pin_16, Passive, Line]
[pin_not_connected]: Pin not connected
    ; error
    @(475.90 mm, 325.77 mm): Symbol U15 Pin 18 [Pin_18, Passive, Line]
[pin_not_connected]: Pin not connected
    ; error
    @(475.90 mm, 328.31 mm): Symbol U15 Pin 20 [Pin_20, Passive, Line]
[pin_not_connected]: Pin not connected
    ; error
    @(475.90 mm, 330.85 mm): Symbol U15 Pin 22 [Pin_22, Passive, Line]
[pin_not_connected]: Pin not connected
    ; error
    @(475.90 mm, 333.39 mm): Symbol U15 Pin 24 [Pin_24, Passive, Line]
[pin_not_connected]: Pin not connected
    ; error
    @(475.90 mm, 335.93 mm): Symbol U15 Pin 26 [Pin_26, Passive, Line]
[pin_not_connected]: Pin not connected
    ; error
    @(475.90 mm, 338.47 mm): Symbol U15 Pin 28 [Pin_28, Passive, Line]
[pin_not_connected]: Pin not connected
    ; error
    @(475.90 mm, 341.01 mm): Symbol U15 Pin 30 [Pin_30, Passive, Line]
[pin_not_connected]: Pin not connected
    ; error
    @(475.90 mm, 343.55 mm): Symbol U15 Pin 32 [Pin_32, Passive, Line]
[pin_not_connected]: Pin not connected
    ; error
    @(475.90 mm, 505.45 mm): Symbol U17 Pin 2 [Pin_2, Passive, Line]
[pin_not_connected]: Pin not connected
    ; error
    @(475.90 mm, 507.99 mm): Symbol U17 Pin 4 [Pin_4, Passive, Line]
[pin_not_connected]: Pin not connected
    ; error
    @(475.90 mm, 510.53 mm): Symbol U17 Pin 6 [Pin_6, Passive, Line]
[pin_not_connected]: Pin not connected
    ; error
    @(475.90 mm, 513.07 mm): Symbol U17 Pin 8 [Pin_8, Passive, Line]
[pin_not_connected]: Pin not connected
    ; error
    @(475.90 mm, 515.61 mm): Symbol U17 Pin 10 [Pin_10, Passive, Line]
[pin_not_connected]: Pin not connected
    ; error
    @(475.90 mm, 518.15 mm): Symbol U17 Pin 12 [Pin_12, Passive, Line]
[pin_not_connected]: Pin not connected
    ; error
    @(475.90 mm, 520.69 mm): Symbol U17 Pin 14 [Pin_14, Passive, Line]
[pin_not_connected]: Pin not connected
    ; error
    @(475.90 mm, 523.23 mm): Symbol U17 Pin 16 [Pin_16, Passive, Line]
[pin_not_connected]: Pin not connected
    ; error
    @(475.90 mm, 525.77 mm): Symbol U17 Pin 18 [Pin_18, Passive, Line]
[pin_not_connected]: Pin not connected
    ; error
    @(475.90 mm, 528.31 mm): Symbol U17 Pin 20 [Pin_20, Passive, Line]
[pin_not_connected]: Pin not connected
    ; error
    @(475.90 mm, 530.85 mm): Symbol U17 Pin 22 [Pin_22, Passive, Line]
[pin_not_connected]: Pin not connected
    ; error
    @(475.90 mm, 533.39 mm): Symbol U17 Pin 24 [Pin_24, Passive, Line]
[pin_not_connected]: Pin not connected
    ; error
    @(475.90 mm, 535.93 mm): Symbol U17 Pin 26 [Pin_26, Passive, Line]
[pin_not_connected]: Pin not connected
    ; error
    @(475.90 mm, 538.47 mm): Symbol U17 Pin 28 [Pin_28, Passive, Line]
[pin_not_connected]: Pin not connected
    ; error
    @(475.90 mm, 541.01 mm): Symbol U17 Pin 30 [Pin_30, Passive, Line]
[pin_not_connected]: Pin not connected
    ; error
    @(475.90 mm, 543.55 mm): Symbol U17 Pin 32 [Pin_32, Passive, Line]
[label_dangling]: Label not connected
    ; error
    @(540.66 mm, 1808.47 mm): Label 'TB4P2_TX_N2'
[label_dangling]: Label not connected
    ; error
    @(540.66 mm, 1813.55 mm): Label 'TB4P2_USB_D_P'
[label_dangling]: Label not connected
    ; error
    @(540.66 mm, 1823.23 mm): Label 'TB4P2_RX_P0'
[label_dangling]: Label not connected
    ; error
    @(540.66 mm, 1825.77 mm): Label 'TB4P2_RX_P1'
[label_dangling]: Label not connected
    ; error
    @(540.66 mm, 1828.31 mm): Label 'TB4P2_RX_P2'
[label_dangling]: Label not connected
    ; error
    @(540.66 mm, 1833.39 mm): Label 'TB4P2_RX_N0'
[label_dangling]: Label not connected
    ; error
    @(540.66 mm, 1841.01 mm): Label 'TB4P2_RX_N3'
[label_dangling]: Label not connected
    ; error
    @(540.66 mm, 1843.55 mm): Label 'TB4P2_USB_D_N'
[label_dangling]: Label not connected
    ; error
    @(540.66 mm, 1846.09 mm): Label 'TB4P2_PERST_N'
[pin_not_connected]: Pin not connected
    ; error
    @(543.20 mm, 1783.07 mm): Symbol U_TB4_CAM2 Pin 1 [Pin_1, Passive, Line]
[pin_not_connected]: Pin not connected
    ; error
    @(543.20 mm, 1785.61 mm): Symbol U_TB4_CAM2 Pin 3 [Pin_3, Passive, Line]
[pin_not_connected]: Pin not connected
    ; error
    @(543.20 mm, 1788.15 mm): Symbol U_TB4_CAM2 Pin 5 [Pin_5, Passive, Line]
[pin_not_connected]: Pin not connected
    ; error
    @(543.20 mm, 1790.69 mm): Symbol U_TB4_CAM2 Pin 7 [Pin_7, Passive, Line]
[pin_not_connected]: Pin not connected
    ; error
    @(543.20 mm, 1793.23 mm): Symbol U_TB4_CAM2 Pin 9 [Pin_9, Passive, Line]
[pin_not_connected]: Pin not connected
    ; error
    @(543.20 mm, 1795.77 mm): Symbol U_TB4_CAM2 Pin 11 [Pin_11, Passive, Line]
[pin_not_connected]: Pin not connected
    ; error
    @(543.20 mm, 1798.31 mm): Symbol U_TB4_CAM2 Pin 13 [Pin_13, Passive, Line]
[pin_not_connected]: Pin not connected
    ; error
    @(543.20 mm, 1800.85 mm): Symbol U_TB4_CAM2 Pin 15 [Pin_15, Passive, Line]
[pin_not_connected]: Pin not connected
    ; error
    @(543.20 mm, 1803.39 mm): Symbol U_TB4_CAM2 Pin 17 [Pin_17, Passive, Line]
[pin_not_connected]: Pin not connected
    ; error
    @(543.20 mm, 1805.93 mm): Symbol U_TB4_CAM2 Pin 19 [Pin_19, Passive, Line]
[pin_not_connected]: Pin not connected
    ; error
    @(543.20 mm, 1818.15 mm): Symbol U_TB4_CAM2_RX1 Pin 1 [Pin_1, Passive, Line]
[pin_not_connected]: Pin not connected
    ; error
    @(543.20 mm, 1820.69 mm): Symbol U_TB4_CAM2_RX1 Pin 3 [Pin_3, Passive, Line]
[pin_not_connected]: Pin not connected
    ; error
    @(543.20 mm, 1823.23 mm): Symbol U_TB4_CAM2_RX1 Pin 5 [Pin_5, Passive, Line]
[pin_not_connected]: Pin not connected
    ; error
    @(543.20 mm, 1825.77 mm): Symbol U_TB4_CAM2_RX1 Pin 7 [Pin_7, Passive, Line]
[pin_not_connected]: Pin not connected
    ; error
    @(543.20 mm, 1828.31 mm): Symbol U_TB4_CAM2_RX1 Pin 9 [Pin_9, Passive, Line]
[pin_not_connected]: Pin not connected
    ; error
    @(543.20 mm, 1830.85 mm): Symbol U_TB4_CAM2_RX1 Pin 11 [Pin_11, Passive, Line]
[pin_not_connected]: Pin not connected
    ; error
    @(555.90 mm, 1783.07 mm): Symbol U_TB4_CAM2 Pin 2 [Pin_2, Passive, Line]
[pin_not_connected]: Pin not connected
    ; error
    @(555.90 mm, 1785.61 mm): Symbol U_TB4_CAM2 Pin 4 [Pin_4, Passive, Line]
[pin_not_connected]: Pin not connected
    ; error
    @(555.90 mm, 1788.15 mm): Symbol U_TB4_CAM2 Pin 6 [Pin_6, Passive, Line]
[pin_not_connected]: Pin not connected
    ; error
    @(555.90 mm, 1790.69 mm): Symbol U_TB4_CAM2 Pin 8 [Pin_8, Passive, Line]
[pin_not_connected]: Pin not connected
    ; error
    @(555.90 mm, 1793.23 mm): Symbol U_TB4_CAM2 Pin 10 [Pin_10, Passive, Line]
[pin_not_connected]: Pin not connected
    ; error
    @(555.90 mm, 1795.77 mm): Symbol U_TB4_CAM2 Pin 12 [Pin_12, Passive, Line]
[pin_not_connected]: Pin not connected
    ; error
    @(555.90 mm, 1798.31 mm): Symbol U_TB4_CAM2 Pin 14 [Pin_14, Passive, Line]
[pin_not_connected]: Pin not connected
    ; error
    @(555.90 mm, 1800.85 mm): Symbol U_TB4_CAM2 Pin 16 [Pin_16, Passive, Line]
[pin_not_connected]: Pin not connected
    ; error
    @(555.90 mm, 1803.39 mm): Symbol U_TB4_CAM2 Pin 18 [Pin_18, Passive, Line]
[pin_not_connected]: Pin not connected
    ; error
    @(555.90 mm, 1805.93 mm): Symbol U_TB4_CAM2 Pin 20 [Pin_20, Passive, Line]
[pin_not_connected]: Pin not connected
    ; error
    @(555.90 mm, 1818.15 mm): Symbol U_TB4_CAM2_RX1 Pin 2 [Pin_2, Passive, Line]
[pin_not_connected]: Pin not connected
    ; error
    @(555.90 mm, 1820.69 mm): Symbol U_TB4_CAM2_RX1 Pin 4 [Pin_4, Passive, Line]
[pin_not_connected]: Pin not connected
    ; error
    @(555.90 mm, 1823.23 mm): Symbol U_TB4_CAM2_RX1 Pin 6 [Pin_6, Passive, Line]
[pin_not_connected]: Pin not connected
    ; error
    @(555.90 mm, 1825.77 mm): Symbol U_TB4_CAM2_RX1 Pin 8 [Pin_8, Passive, Line]
[pin_not_connected]: Pin not connected
    ; error
    @(555.90 mm, 1828.31 mm): Symbol U_TB4_CAM2_RX1 Pin 10 [Pin_10, Passive, Line]
[pin_not_connected]: Pin not connected
    ; error
    @(555.90 mm, 1830.85 mm): Symbol U_TB4_CAM2_RX1 Pin 12 [Pin_12, Passive, Line]
[label_dangling]: Label not connected
    ; error
    @(568.60 mm, 1808.47 mm): Label 'TB4_CAM2_TX_N2'
[label_dangling]: Label not connected
    ; error
    @(568.60 mm, 1813.55 mm): Label 'TB4_CAM2_USB_D_P'
[label_dangling]: Label not connected
    ; error
    @(568.60 mm, 1828.31 mm): Label 'TB4_CAM2_RX_P2'
[label_dangling]: Label not connected
    ; error
    @(568.60 mm, 1830.85 mm): Label 'TB4_CAM2_RX_P3'
[label_dangling]: Label not connected
    ; error
    @(568.60 mm, 1833.39 mm): Label 'TB4_CAM2_RX_N0'
[label_dangling]: Label not connected
    ; error
    @(568.60 mm, 1841.01 mm): Label 'TB4_CAM2_RX_N3'
[label_dangling]: Label not connected
    ; error
    @(568.60 mm, 1846.09 mm): Label 'TB4_CAM2_PERST_N'
[pin_not_connected]: Pin not connected
    ; error
    @(573.20 mm, 305.45 mm): Symbol U16 Pin 1 [Pin_1, Passive, Line]
[pin_not_connected]: Pin not connected
    ; error
    @(573.20 mm, 307.99 mm): Symbol U16 Pin 3 [Pin_3, Passive, Line]
[pin_not_connected]: Pin not connected
    ; error
    @(573.20 mm, 310.53 mm): Symbol U16 Pin 5 [Pin_5, Passive, Line]
[pin_not_connected]: Pin not connected
    ; error
    @(573.20 mm, 313.07 mm): Symbol U16 Pin 7 [Pin_7, Passive, Line]
[pin_not_connected]: Pin not connected
    ; error
    @(573.20 mm, 315.61 mm): Symbol U16 Pin 9 [Pin_9, Passive, Line]
[pin_not_connected]: Pin not connected
    ; error
    @(573.20 mm, 318.15 mm): Symbol U16 Pin 11 [Pin_11, Passive, Line]
[pin_not_connected]: Pin not connected
    ; error
    @(573.20 mm, 320.69 mm): Symbol U16 Pin 13 [Pin_13, Passive, Line]
[pin_not_connected]: Pin not connected
    ; error
    @(573.20 mm, 323.23 mm): Symbol U16 Pin 15 [Pin_15, Passive, Line]
[pin_not_connected]: Pin not connected
    ; error
    @(573.20 mm, 325.77 mm): Symbol U16 Pin 17 [Pin_17, Passive, Line]
[pin_not_connected]: Pin not connected
    ; error
    @(573.20 mm, 328.31 mm): Symbol U16 Pin 19 [Pin_19, Passive, Line]
[pin_not_connected]: Pin not connected
    ; error
    @(573.20 mm, 330.85 mm): Symbol U16 Pin 21 [Pin_21, Passive, Line]
[pin_not_connected]: Pin not connected
    ; error
    @(573.20 mm, 333.39 mm): Symbol U16 Pin 23 [Pin_23, Passive, Line]
[pin_not_connected]: Pin not connected
    ; error
    @(573.20 mm, 335.93 mm): Symbol U16 Pin 25 [Pin_25, Passive, Line]
[pin_not_connected]: Pin not connected
    ; error
    @(573.20 mm, 338.47 mm): Symbol U16 Pin 27 [Pin_27, Passive, Line]
[pin_not_connected]: Pin not connected
    ; error
    @(573.20 mm, 341.01 mm): Symbol U16 Pin 29 [Pin_29, Passive, Line]
[pin_not_connected]: Pin not connected
    ; error
    @(573.20 mm, 343.55 mm): Symbol U16 Pin 31 [Pin_31, Passive, Line]
[pin_not_connected]: Pin not connected
    ; error
    @(573.20 mm, 505.45 mm): Symbol U18 Pin 1 [Pin_1, Passive, Line]
[pin_not_connected]: Pin not connected
    ; error
    @(573.20 mm, 507.99 mm): Symbol U18 Pin 3 [Pin_3, Passive, Line]
[pin_not_connected]: Pin not connected
    ; error
    @(573.20 mm, 510.53 mm): Symbol U18 Pin 5 [Pin_5, Passive, Line]
[pin_not_connected]: Pin not connected
    ; error
    @(573.20 mm, 513.07 mm): Symbol U18 Pin 7 [Pin_7, Passive, Line]
[pin_not_connected]: Pin not connected
    ; error
    @(573.20 mm, 515.61 mm): Symbol U18 Pin 9 [Pin_9, Passive, Line]
[pin_not_connected]: Pin not connected
    ; error
    @(573.20 mm, 518.15 mm): Symbol U18 Pin 11 [Pin_11, Passive, Line]
[pin_not_connected]: Pin not connected
    ; error
    @(573.20 mm, 520.69 mm): Symbol U18 Pin 13 [Pin_13, Passive, Line]
[pin_not_connected]: Pin not connected
    ; error
    @(573.20 mm, 523.23 mm): Symbol U18 Pin 15 [Pin_15, Passive, Line]
[pin_not_connected]: Pin not connected
    ; error
    @(573.20 mm, 525.77 mm): Symbol U18 Pin 17 [Pin_17, Passive, Line]
[pin_not_connected]: Pin not connected
    ; error
    @(573.20 mm, 528.31 mm): Symbol U18 Pin 19 [Pin_19, Passive, Line]
[pin_not_connected]: Pin not connected
    ; error
    @(573.20 mm, 530.85 mm): Symbol U18 Pin 21 [Pin_21, Passive, Line]
[pin_not_connected]: Pin not connected
    ; error
    @(573.20 mm, 533.39 mm): Symbol U18 Pin 23 [Pin_23, Passive, Line]
[pin_not_connected]: Pin not connected
    ; error
    @(573.20 mm, 535.93 mm): Symbol U18 Pin 25 [Pin_25, Passive, Line]
[pin_not_connected]: Pin not connected
    ; error
    @(573.20 mm, 538.47 mm): Symbol U18 Pin 27 [Pin_27, Passive, Line]
[pin_not_connected]: Pin not connected
    ; error
    @(573.20 mm, 541.01 mm): Symbol U18 Pin 29 [Pin_29, Passive, Line]
[pin_not_connected]: Pin not connected
    ; error
    @(573.20 mm, 543.55 mm): Symbol U18 Pin 31 [Pin_31, Passive, Line]
[pin_not_connected]: Pin not connected
    ; error
    @(585.90 mm, 305.45 mm): Symbol U16 Pin 2 [Pin_2, Passive, Line]
[pin_not_connected]: Pin not connected
    ; error
    @(585.90 mm, 307.99 mm): Symbol U16 Pin 4 [Pin_4, Passive, Line]
[pin_not_connected]: Pin not connected
    ; error
    @(585.90 mm, 310.53 mm): Symbol U16 Pin 6 [Pin_6, Passive, Line]
[pin_not_connected]: Pin not connected
    ; error
    @(585.90 mm, 313.07 mm): Symbol U16 Pin 8 [Pin_8, Passive, Line]
[pin_not_connected]: Pin not connected
    ; error
    @(585.90 mm, 315.61 mm): Symbol U16 Pin 10 [Pin_10, Passive, Line]
[pin_not_connected]: Pin not connected
    ; error
    @(585.90 mm, 318.15 mm): Symbol U16 Pin 12 [Pin_12, Passive, Line]
[pin_not_connected]: Pin not connected
    ; error
    @(585.90 mm, 320.69 mm): Symbol U16 Pin 14 [Pin_14, Passive, Line]
[pin_not_connected]: Pin not connected
    ; error
    @(585.90 mm, 323.23 mm): Symbol U16 Pin 16 [Pin_16, Passive, Line]
[pin_not_connected]: Pin not connected
    ; error
    @(585.90 mm, 325.77 mm): Symbol U16 Pin 18 [Pin_18, Passive, Line]
[pin_not_connected]: Pin not connected
    ; error
    @(585.90 mm, 328.31 mm): Symbol U16 Pin 20 [Pin_20, Passive, Line]
[pin_not_connected]: Pin not connected
    ; error
    @(585.90 mm, 330.85 mm): Symbol U16 Pin 22 [Pin_22, Passive, Line]
[pin_not_connected]: Pin not connected
    ; error
    @(585.90 mm, 333.39 mm): Symbol U16 Pin 24 [Pin_24, Passive, Line]
[pin_not_connected]: Pin not connected
    ; error
    @(585.90 mm, 335.93 mm): Symbol U16 Pin 26 [Pin_26, Passive, Line]
[pin_not_connected]: Pin not connected
    ; error
    @(585.90 mm, 338.47 mm): Symbol U16 Pin 28 [Pin_28, Passive, Line]
[pin_not_connected]: Pin not connected
    ; error
    @(585.90 mm, 341.01 mm): Symbol U16 Pin 30 [Pin_30, Passive, Line]
[pin_not_connected]: Pin not connected
    ; error
    @(585.90 mm, 343.55 mm): Symbol U16 Pin 32 [Pin_32, Passive, Line]
[pin_not_connected]: Pin not connected
    ; error
    @(585.90 mm, 505.45 mm): Symbol U18 Pin 2 [Pin_2, Passive, Line]
[pin_not_connected]: Pin not connected
    ; error
    @(585.90 mm, 507.99 mm): Symbol U18 Pin 4 [Pin_4, Passive, Line]
[pin_not_connected]: Pin not connected
    ; error
    @(585.90 mm, 510.53 mm): Symbol U18 Pin 6 [Pin_6, Passive, Line]
[pin_not_connected]: Pin not connected
    ; error
    @(585.90 mm, 513.07 mm): Symbol U18 Pin 8 [Pin_8, Passive, Line]
[pin_not_connected]: Pin not connected
    ; error
    @(585.90 mm, 515.61 mm): Symbol U18 Pin 10 [Pin_10, Passive, Line]
[pin_not_connected]: Pin not connected
    ; error
    @(585.90 mm, 518.15 mm): Symbol U18 Pin 12 [Pin_12, Passive, Line]
[pin_not_connected]: Pin not connected
    ; error
    @(585.90 mm, 520.69 mm): Symbol U18 Pin 14 [Pin_14, Passive, Line]
[pin_not_connected]: Pin not connected
    ; error
    @(585.90 mm, 523.23 mm): Symbol U18 Pin 16 [Pin_16, Passive, Line]
[pin_not_connected]: Pin not connected
    ; error
    @(585.90 mm, 525.77 mm): Symbol U18 Pin 18 [Pin_18, Passive, Line]
[pin_not_connected]: Pin not connected
    ; error
    @(585.90 mm, 528.31 mm): Symbol U18 Pin 20 [Pin_20, Passive, Line]
[pin_not_connected]: Pin not connected
    ; error
    @(585.90 mm, 530.85 mm): Symbol U18 Pin 22 [Pin_22, Passive, Line]
[pin_not_connected]: Pin not connected
    ; error
    @(585.90 mm, 533.39 mm): Symbol U18 Pin 24 [Pin_24, Passive, Line]
[pin_not_connected]: Pin not connected
    ; error
    @(585.90 mm, 535.93 mm): Symbol U18 Pin 26 [Pin_26, Passive, Line]
[pin_not_connected]: Pin not connected
    ; error
    @(585.90 mm, 538.47 mm): Symbol U18 Pin 28 [Pin_28, Passive, Line]
[pin_not_connected]: Pin not connected
    ; error
    @(585.90 mm, 541.01 mm): Symbol U18 Pin 30 [Pin_30, Passive, Line]
[pin_not_connected]: Pin not connected
    ; error
    @(585.90 mm, 543.55 mm): Symbol U18 Pin 32 [Pin_32, Passive, Line]
[label_dangling]: Label not connected
    ; error
    @(608.28 mm, 339.04 mm): Label 'HDMI1_TMDS_D1_N'
[label_dangling]: Label not connected
    ; error
    @(608.28 mm, 340.31 mm): Label 'HDMI1_TMDS_D2_P'
[label_dangling]: Label not connected
    ; error
    @(608.28 mm, 345.39 mm): Label 'HDMI1_HPD'
[label_dangling]: Label not connected
    ; error
    @(608.28 mm, 347.93 mm): Label 'HDMI1_CEC'
[label_dangling]: Label not connected
    ; error
    @(608.28 mm, 375.77 mm): Label 'HDMI1_I2C_SDA'
[label_dangling]: Label not connected
    ; error
    @(608.28 mm, 535.23 mm): Label 'HDMI2_TMDS_D0_P'
[label_dangling]: Label not connected
    ; error
    @(608.28 mm, 536.50 mm): Label 'HDMI2_TMDS_D0_N'
[label_dangling]: Label not connected
    ; error
    @(608.28 mm, 537.77 mm): Label 'HDMI2_TMDS_D1_P'
[label_dangling]: Label not connected
    ; error
    @(608.28 mm, 540.31 mm): Label 'HDMI2_TMDS_D2_P'
[label_dangling]: Label not connected
    ; error
    @(608.28 mm, 542.85 mm): Label 'HDMI2_TMDS_CLK_P'
[label_dangling]: Label not connected
    ; error
    @(608.28 mm, 545.39 mm): Label 'HDMI2_HPD'
[pin_not_connected]: Pin not connected
    ; error
    @(613.28 mm, 368.23 mm): Symbol #PWR10061 Pin 1 [Power input, Line]
[pin_not_connected]: Pin not connected
    ; error
    @(613.28 mm, 568.23 mm): Symbol #PWR7326 Pin 1 [Power input, Line]
[label_dangling]: Label not connected
    ; error
    @(620.66 mm, 1793.23 mm): Label 'TB4P2_TX_P0'
[label_dangling]: Label not connected
    ; error
    @(620.66 mm, 1795.77 mm): Label 'TB4P2_TX_P1'
[label_dangling]: Label not connected
    ; error
    @(620.66 mm, 1798.31 mm): Label 'TB4P2_TX_P2'
[label_dangling]: Label not connected
    ; error
    @(620.66 mm, 1800.85 mm): Label 'TB4P2_TX_P3'
[label_dangling]: Label not connected
    ; error
    @(620.66 mm, 1803.39 mm): Label 'TB4P2_TX_N0'
[label_dangling]: Label not connected
    ; error
    @(620.66 mm, 1805.93 mm): Label 'TB4P2_TX_N1'
[label_dangling]: Label not connected
    ; error
    @(620.66 mm, 1811.01 mm): Label 'TB4P2_TX_N3'
[label_dangling]: Label not connected
    ; error
    @(620.66 mm, 1816.09 mm): Label 'TB4P2_CLKREQ_N'
[label_dangling]: Label not connected
    ; error
    @(620.66 mm, 1830.85 mm): Label 'TB4P2_RX_P3'
[label_dangling]: Label not connected
    ; error
    @(620.66 mm, 1835.93 mm): Label 'TB4P2_RX_N1'
[label_dangling]: Label not connected
    ; error
    @(620.66 mm, 1838.47 mm): Label 'TB4P2_RX_N2'
[label_dangling]: Label not connected
    ; error
    @(643.28 mm, 338.23 mm): Label 'ALERT_n_D1'
[label_dangling]: Label not connected
    ; error
    @(643.28 mm, 398.23 mm): Label 'ALERT_n_D2'
[label_dangling]: Label not connected
    ; error
    @(658.28 mm, 335.23 mm): Label 'HDMI1_TMDS_D0_P'
[label_dangling]: Label not connected
    ; error
    @(658.28 mm, 336.50 mm): Label 'HDMI1_TMDS_D0_N'
[label_dangling]: Label not connected
    ; error
    @(658.28 mm, 337.77 mm): Label 'HDMI1_TMDS_D1_P'
[label_dangling]: Label not connected
    ; error
    @(658.28 mm, 341.58 mm): Label 'HDMI1_TMDS_D2_N'
[label_dangling]: Label not connected
    ; error
    @(658.28 mm, 342.85 mm): Label 'HDMI1_TMDS_CLK_P'
[label_dangling]: Label not connected
    ; error
    @(658.28 mm, 344.12 mm): Label 'HDMI1_TMDS_CLK_N'
[label_dangling]: Label not connected
    ; error
    @(658.28 mm, 539.04 mm): Label 'HDMI2_TMDS_D1_N'
[label_dangling]: Label not connected
    ; error
    @(658.28 mm, 541.58 mm): Label 'HDMI2_TMDS_D2_N'
[label_dangling]: Label not connected
    ; error
    @(658.28 mm, 544.12 mm): Label 'HDMI2_TMDS_CLK_N'
[label_dangling]: Label not connected
    ; error
    @(658.28 mm, 547.93 mm): Label 'HDMI2_CEC'
[pin_not_connected]: Pin not connected
    ; error
    @(663.20 mm, 300.37 mm): Symbol J_HDMI1 Pin 1 [Pin_1, Passive, Line]
[pin_not_connected]: Pin not connected
    ; error
    @(663.20 mm, 302.91 mm): Symbol J_HDMI1 Pin 2 [Pin_2, Passive, Line]
[pin_not_connected]: Pin not connected
    ; error
    @(663.20 mm, 305.45 mm): Symbol J_HDMI1 Pin 3 [Pin_3, Passive, Line]
[pin_not_connected]: Pin not connected
    ; error
    @(663.20 mm, 307.99 mm): Symbol J_HDMI1 Pin 4 [Pin_4, Passive, Line]
[pin_not_connected]: Pin not connected
    ; error
    @(663.20 mm, 310.53 mm): Symbol J_HDMI1 Pin 5 [Pin_5, Passive, Line]
[pin_not_connected]: Pin not connected
    ; error
    @(663.20 mm, 313.07 mm): Symbol J_HDMI1 Pin 6 [Pin_6, Passive, Line]
[pin_not_connected]: Pin not connected
    ; error
    @(663.20 mm, 315.61 mm): Symbol J_HDMI1 Pin 7 [Pin_7, Passive, Line]
[pin_not_connected]: Pin not connected
    ; error
    @(663.20 mm, 318.15 mm): Symbol J_HDMI1 Pin 8 [Pin_8, Passive, Line]
[pin_not_connected]: Pin not connected
    ; error
    @(663.20 mm, 320.69 mm): Symbol J_HDMI1 Pin 9 [Pin_9, Passive, Line]
[pin_not_connected]: Pin not connected
    ; error
    @(663.20 mm, 323.23 mm): Symbol J_HDMI1 Pin 10 [Pin_10, Passive, Line]
[pin_not_connected]: Pin not connected
    ; error
    @(663.20 mm, 325.77 mm): Symbol J_HDMI1 Pin 11 [Pin_11, Passive, Line]
[pin_not_connected]: Pin not connected
    ; error
    @(663.20 mm, 328.31 mm): Symbol J_HDMI1 Pin 12 [Pin_12, Passive, Line]
[pin_not_connected]: Pin not connected
    ; error
    @(663.20 mm, 330.85 mm): Symbol J_HDMI1 Pin 13 [Pin_13, Passive, Line]
[pin_not_connected]: Pin not connected
    ; error
    @(663.20 mm, 333.39 mm): Symbol J_HDMI1 Pin 14 [Pin_14, Passive, Line]
[pin_not_connected]: Pin not connected
    ; error
    @(663.20 mm, 335.93 mm): Symbol J_HDMI1 Pin 15 [Pin_15, Passive, Line]
[pin_not_connected]: Pin not connected
    ; error
    @(663.20 mm, 338.47 mm): Symbol J_HDMI1 Pin 16 [Pin_16, Passive, Line]
[pin_not_connected]: Pin not connected
    ; error
    @(663.20 mm, 341.01 mm): Symbol J_HDMI1 Pin 17 [Pin_17, Passive, Line]
[pin_not_connected]: Pin not connected
    ; error
    @(663.20 mm, 343.55 mm): Symbol J_HDMI1 Pin 18 [Pin_18, Passive, Line]
[pin_not_connected]: Pin not connected
    ; error
    @(663.20 mm, 346.09 mm): Symbol J_HDMI1 Pin 19 [Pin_19, Passive, Line]
[pin_not_connected]: Pin not connected
    ; error
    @(663.20 mm, 500.37 mm): Symbol J_HDMI2 Pin 1 [Pin_1, Passive, Line]
[pin_not_connected]: Pin not connected
    ; error
    @(663.20 mm, 502.91 mm): Symbol J_HDMI2 Pin 2 [Pin_2, Passive, Line]
[pin_not_connected]: Pin not connected
    ; error
    @(663.20 mm, 505.45 mm): Symbol J_HDMI2 Pin 3 [Pin_3, Passive, Line]
[pin_not_connected]: Pin not connected
    ; error
    @(663.20 mm, 507.99 mm): Symbol J_HDMI2 Pin 4 [Pin_4, Passive, Line]
[pin_not_connected]: Pin not connected
    ; error
    @(663.20 mm, 510.53 mm): Symbol J_HDMI2 Pin 5 [Pin_5, Passive, Line]
[pin_not_connected]: Pin not connected
    ; error
    @(663.20 mm, 513.07 mm): Symbol J_HDMI2 Pin 6 [Pin_6, Passive, Line]
[pin_not_connected]: Pin not connected
    ; error
    @(663.20 mm, 515.61 mm): Symbol J_HDMI2 Pin 7 [Pin_7, Passive, Line]
[pin_not_connected]: Pin not connected
    ; error
    @(663.20 mm, 518.15 mm): Symbol J_HDMI2 Pin 8 [Pin_8, Passive, Line]
[pin_not_connected]: Pin not connected
    ; error
    @(663.20 mm, 520.69 mm): Symbol J_HDMI2 Pin 9 [Pin_9, Passive, Line]
[pin_not_connected]: Pin not connected
    ; error
    @(663.20 mm, 523.23 mm): Symbol J_HDMI2 Pin 10 [Pin_10, Passive, Line]
[pin_not_connected]: Pin not connected
    ; error
    @(663.20 mm, 525.77 mm): Symbol J_HDMI2 Pin 11 [Pin_11, Passive, Line]
[pin_not_connected]: Pin not connected
    ; error
    @(663.20 mm, 528.31 mm): Symbol J_HDMI2 Pin 12 [Pin_12, Passive, Line]
[pin_not_connected]: Pin not connected
    ; error
    @(663.20 mm, 530.85 mm): Symbol J_HDMI2 Pin 13 [Pin_13, Passive, Line]
[pin_not_connected]: Pin not connected
    ; error
    @(663.20 mm, 533.39 mm): Symbol J_HDMI2 Pin 14 [Pin_14, Passive, Line]
[pin_not_connected]: Pin not connected
    ; error
    @(663.20 mm, 535.93 mm): Symbol J_HDMI2 Pin 15 [Pin_15, Passive, Line]
[pin_not_connected]: Pin not connected
    ; error
    @(663.20 mm, 538.47 mm): Symbol J_HDMI2 Pin 16 [Pin_16, Passive, Line]
[pin_not_connected]: Pin not connected
    ; error
    @(663.20 mm, 541.01 mm): Symbol J_HDMI2 Pin 17 [Pin_17, Passive, Line]
[pin_not_connected]: Pin not connected
    ; error
    @(663.20 mm, 543.55 mm): Symbol J_HDMI2 Pin 18 [Pin_18, Passive, Line]
[pin_not_connected]: Pin not connected
    ; error
    @(663.20 mm, 546.09 mm): Symbol J_HDMI2 Pin 19 [Pin_19, Passive, Line]
[pin_not_connected]: Pin not connected
    ; error
    @(664.47 mm, 335.23 mm): Symbol U27 Pin 1 [A1, Passive, Line]
[pin_not_connected]: Pin not connected
    ; error
    @(664.47 mm, 535.23 mm): Symbol U28 Pin 1 [A1, Passive, Line]
[pin_not_connected]: Pin not connected
    ; error
    @(668.28 mm, 288.23 mm): Symbol U19 Pin 1 [Power input, Line]
[power_pin_not_driven]: Input Power pin not driven by any Output Power pins
    ; error
    @(668.28 mm, 288.23 mm): Symbol U19 Pin 1 [Power input, Line]
[pin_not_connected]: Pin not connected
    ; error
    @(670.82 mm, 342.85 mm): Symbol #PWR09919 Pin 1 [Power input, Line]
[pin_not_connected]: Pin not connected
    ; error
    @(670.82 mm, 542.85 mm): Symbol #PWR09892 Pin 1 [Power input, Line]
[pin_not_connected]: Pin not connected
    ; error
    @(672.09 mm, 335.23 mm): Symbol U27 Pin 2 [A2, Passive, Line]
[pin_not_connected]: Pin not connected
    ; error
    @(672.09 mm, 535.23 mm): Symbol U28 Pin 2 [A2, Passive, Line]
[label_dangling]: Label not connected
    ; error
    @(690.66 mm, 1793.23 mm): Label 'TB1_TX_P'
[label_dangling]: Label not connected
    ; error
    @(690.66 mm, 1805.93 mm): Label 'TB1_USB_D_N'
[pin_not_connected]: Pin not connected
    ; error
    @(693.20 mm, 1790.69 mm): Symbol U_TB1_MIC1 Pin 1 [Pin_1, Passive, Line]
[pin_not_connected]: Pin not connected
    ; error
    @(693.20 mm, 1793.23 mm): Symbol U_TB1_MIC1 Pin 3 [Pin_3, Passive, Line]
[pin_not_connected]: Pin not connected
    ; error
    @(693.20 mm, 1795.77 mm): Symbol U_TB1_MIC1 Pin 5 [Pin_5, Passive, Line]
[pin_not_connected]: Pin not connected
    ; error
    @(693.20 mm, 1798.31 mm): Symbol U_TB1_MIC1 Pin 7 [Pin_7, Passive, Line]
[pin_not_connected]: Pin not connected
    ; error
    @(705.90 mm, 1790.69 mm): Symbol U_TB1_MIC1 Pin 2 [Pin_2, Passive, Line]
[pin_not_connected]: Pin not connected
    ; error
    @(705.90 mm, 1793.23 mm): Symbol U_TB1_MIC1 Pin 4 [Pin_4, Passive, Line]
[pin_not_connected]: Pin not connected
    ; error
    @(705.90 mm, 1795.77 mm): Symbol U_TB1_MIC1 Pin 6 [Pin_6, Passive, Line]
[pin_not_connected]: Pin not connected
    ; error
    @(705.90 mm, 1798.31 mm): Symbol U_TB1_MIC1 Pin 8 [Pin_8, Passive, Line]
[label_dangling]: Label not connected
    ; error
    @(718.60 mm, 1795.77 mm): Label 'TB1_MIC_TX_N'
[label_dangling]: Label not connected
    ; error
    @(718.60 mm, 1798.31 mm): Label 'TB1_MIC_RX_P'
[label_dangling]: Label not connected
    ; error
    @(718.60 mm, 1805.93 mm): Label 'TB1_MIC_USB_D_N'
[pin_not_connected]: Pin not connected
    ; error
    @(743.20 mm, 231.80 mm): Symbol #PWR031 Pin 1 [Power input, Line]
[pin_not_connected]: Pin not connected
    ; error
    @(743.20 mm, 234.34 mm): Symbol #PWR032 Pin 1 [Power input, Line]
[pin_not_connected]: Pin not connected
    ; error
    @(743.20 mm, 241.96 mm): Symbol #PWR033 Pin 1 [Power input, Line]
[pin_not_connected]: Pin not connected
    ; error
    @(743.20 mm, 249.58 mm): Symbol #PWR034 Pin 1 [Power input, Line]
[pin_not_connected]: Pin not connected
    ; error
    @(743.20 mm, 252.12 mm): Symbol #PWR035 Pin 1 [Power input, Line]
[pin_not_connected]: Pin not connected
    ; error
    @(743.20 mm, 259.74 mm): Symbol #PWR036 Pin 1 [Power input, Line]
[pin_not_connected]: Pin not connected
    ; error
    @(743.20 mm, 262.28 mm): Symbol #PWR037 Pin 1 [Power input, Line]
[pin_not_connected]: Pin not connected
    ; error
    @(743.20 mm, 269.90 mm): Symbol #PWR038 Pin 1 [Power input, Line]
[pin_not_connected]: Pin not connected
    ; error
    @(743.20 mm, 272.44 mm): Symbol #PWR039 Pin 1 [Power input, Line]
[pin_not_connected]: Pin not connected
    ; error
    @(743.20 mm, 280.06 mm): Symbol #PWR040 Pin 1 [Power input, Line]
[pin_not_connected]: Pin not connected
    ; error
    @(743.20 mm, 282.60 mm): Symbol #PWR041 Pin 1 [Power input, Line]
[pin_not_connected]: Pin not connected
    ; error
    @(743.20 mm, 290.22 mm): Symbol #PWR042 Pin 1 [Power input, Line]
[pin_not_connected]: Pin not connected
    ; error
    @(743.20 mm, 297.84 mm): Symbol #PWR044 Pin 1 [Power input, Line]
[pin_not_connected]: Pin not connected
    ; error
    @(743.20 mm, 300.38 mm): Symbol #PWR045 Pin 1 [Power input, Line]
[pin_not_connected]: Pin not connected
    ; error
    @(743.20 mm, 308.00 mm): Symbol #PWR046 Pin 1 [Power input, Line]
[pin_not_connected]: Pin not connected
    ; error
    @(743.20 mm, 310.54 mm): Symbol #PWR047 Pin 1 [Power input, Line]
[pin_not_connected]: Pin not connected
    ; error
    @(743.20 mm, 318.16 mm): Symbol #PWR048 Pin 1 [Power input, Line]
[pin_not_connected]: Pin not connected
    ; error
    @(743.20 mm, 320.70 mm): Symbol #PWR049 Pin 1 [Power input, Line]
[pin_not_connected]: Pin not connected
    ; error
    @(743.20 mm, 366.88 mm): Symbol #PWR050 Pin 1 [Power input, Line]
[pin_not_connected]: Pin not connected
    ; error
    @(743.20 mm, 369.42 mm): Symbol #PWR051 Pin 1 [Power input, Line]
[pin_not_connected]: Pin not connected
    ; error
    @(743.20 mm, 377.04 mm): Symbol #PWR052 Pin 1 [Power input, Line]
[pin_not_connected]: Pin not connected
    ; error
    @(743.20 mm, 384.66 mm): Symbol #PWR053 Pin 1 [Power input, Line]
[pin_not_connected]: Pin not connected
    ; error
    @(743.20 mm, 387.20 mm): Symbol #PWR054 Pin 1 [Power input, Line]
[pin_not_connected]: Pin not connected
    ; error
    @(743.20 mm, 394.82 mm): Symbol #PWR055 Pin 1 [Power input, Line]
[pin_not_connected]: Pin not connected
    ; error
    @(743.20 mm, 397.36 mm): Symbol #PWR056 Pin 1 [Power input, Line]
[pin_not_connected]: Pin not connected
    ; error
    @(743.20 mm, 404.98 mm): Symbol #PWR057 Pin 1 [Power input, Line]
[pin_not_connected]: Pin not connected
    ; error
    @(743.20 mm, 407.52 mm): Symbol #PWR058 Pin 1 [Power input, Line]
[pin_not_connected]: Pin not connected
    ; error
    @(743.20 mm, 415.14 mm): Symbol #PWR059 Pin 1 [Power input, Line]
[pin_not_connected]: Pin not connected
    ; error
    @(743.20 mm, 417.68 mm): Symbol #PWR060 Pin 1 [Power input, Line]
[pin_not_connected]: Pin not connected
    ; error
    @(743.20 mm, 425.30 mm): Symbol #PWR061 Pin 1 [Power input, Line]
[pin_not_connected]: Pin not connected
    ; error
    @(743.20 mm, 432.92 mm): Symbol #PWR062 Pin 1 [Power input, Line]
[pin_not_connected]: Pin not connected
    ; error
    @(743.20 mm, 435.46 mm): Symbol #PWR063 Pin 1 [Power input, Line]
[pin_not_connected]: Pin not connected
    ; error
    @(743.20 mm, 443.08 mm): Symbol #PWR064 Pin 1 [Power input, Line]
[pin_not_connected]: Pin not connected
    ; error
    @(743.20 mm, 445.62 mm): Symbol #PWR065 Pin 1 [Power input, Line]
[pin_not_connected]: Pin not connected
    ; error
    @(743.20 mm, 453.24 mm): Symbol #PWR066 Pin 1 [Power input, Line]
[pin_not_connected]: Pin not connected
    ; error
    @(743.20 mm, 455.78 mm): Symbol #PWR067 Pin 1 [Power input, Line]
[pin_not_connected]: Pin not connected
    ; error
    @(743.20 mm, 463.40 mm): Symbol #PWR068 Pin 1 [Power input, Line]
[pin_not_connected]: Pin not connected
    ; error
    @(743.20 mm, 465.94 mm): Symbol #PWR069 Pin 1 [Power input, Line]
[pin_not_connected]: Pin not connected
    ; error
    @(743.20 mm, 496.88 mm): Symbol #PWR070 Pin 1 [Power input, Line]
[pin_not_connected]: Pin not connected
    ; error
    @(743.20 mm, 499.42 mm): Symbol #PWR071 Pin 1 [Power input, Line]
[pin_not_connected]: Pin not connected
    ; error
    @(743.20 mm, 512.12 mm): Symbol #PWR072 Pin 1 [Power input, Line]
[pin_not_connected]: Pin not connected
    ; error
    @(743.20 mm, 514.66 mm): Symbol #PWR073 Pin 1 [Power input, Line]
[pin_not_connected]: Pin not connected
    ; error
    @(743.20 mm, 527.36 mm): Symbol #PWR074 Pin 1 [Power input, Line]
[pin_not_connected]: Pin not connected
    ; error
    @(743.20 mm, 529.90 mm): Symbol #PWR075 Pin 1 [Power input, Line]
[pin_not_connected]: Pin not connected
    ; error
    @(743.20 mm, 542.60 mm): Symbol #PWR076 Pin 1 [Power input, Line]
[pin_not_connected]: Pin not connected
    ; error
    @(743.20 mm, 545.14 mm): Symbol #PWR077 Pin 1 [Power input, Line]
[pin_not_connected]: Pin not connected
    ; error
    @(743.20 mm, 560.38 mm): Symbol #PWR078 Pin 1 [Power input, Line]
[pin_not_connected]: Pin not connected
    ; error
    @(743.20 mm, 562.92 mm): Symbol #PWR079 Pin 1 [Power input, Line]
[pin_not_connected]: Pin not connected
    ; error
    @(743.20 mm, 570.54 mm): Symbol #PWR080 Pin 1 [Power input, Line]
[pin_not_connected]: Pin not connected
    ; error
    @(743.20 mm, 578.16 mm): Symbol #PWR081 Pin 1 [Power input, Line]
[pin_not_connected]: Pin not connected
    ; error
    @(743.20 mm, 580.70 mm): Symbol #PWR082 Pin 1 [Power input, Line]
[pin_not_connected]: Pin not connected
    ; error
    @(743.20 mm, 588.32 mm): Symbol #PWR083 Pin 1 [Power input, Line]
[pin_not_connected]: Pin not connected
    ; error
    @(743.20 mm, 590.86 mm): Symbol #PWR084 Pin 1 [Power input, Line]
[pin_not_connected]: Pin not connected
    ; error
    @(743.20 mm, 598.48 mm): Symbol #PWR085 Pin 1 [Power input, Line]
[pin_not_connected]: Pin not connected
    ; error
    @(743.20 mm, 601.02 mm): Symbol #PWR086 Pin 1 [Power input, Line]
[pin_not_connected]: Pin not connected
    ; error
    @(743.20 mm, 626.88 mm): Symbol #PWR087 Pin 1 [Power input, Line]
[pin_not_connected]: Pin not connected
    ; error
    @(743.20 mm, 629.42 mm): Symbol #PWR088 Pin 1 [Power input, Line]
[pin_not_connected]: Pin not connected
    ; error
    @(743.20 mm, 637.04 mm): Symbol #PWR089 Pin 1 [Power input, Line]
[pin_not_connected]: Pin not connected
    ; error
    @(743.20 mm, 644.66 mm): Symbol #PWR090 Pin 1 [Power input, Line]
[pin_not_connected]: Pin not connected
    ; error
    @(743.20 mm, 647.20 mm): Symbol #PWR091 Pin 1 [Power input, Line]
[pin_not_connected]: Pin not connected
    ; error
    @(743.20 mm, 662.44 mm): Symbol #PWR092 Pin 1 [Power input, Line]
[pin_not_connected]: Pin not connected
    ; error
    @(743.20 mm, 664.98 mm): Symbol #PWR093 Pin 1 [Power input, Line]
[pin_not_connected]: Pin not connected
    ; error
    @(743.20 mm, 677.68 mm): Symbol #PWR094 Pin 1 [Power input, Line]
[pin_not_connected]: Pin not connected
    ; error
    @(743.20 mm, 680.22 mm): Symbol #PWR095 Pin 1 [Power input, Line]
[pin_not_connected]: Pin not connected
    ; error
    @(743.20 mm, 692.92 mm): Symbol #PWR096 Pin 1 [Power input, Line]
[pin_not_connected]: Pin not connected
    ; error
    @(743.20 mm, 695.46 mm): Symbol #PWR097 Pin 1 [Power input, Line]
[pin_not_connected]: Pin not connected
    ; error
    @(743.20 mm, 708.16 mm): Symbol #PWR098 Pin 1 [Power input, Line]
[pin_not_connected]: Pin not connected
    ; error
    @(743.20 mm, 710.70 mm): Symbol #PWR099 Pin 1 [Power input, Line]
[pin_not_connected]: Pin not connected
    ; error
    @(743.20 mm, 723.40 mm): Symbol #PWR0100 Pin 1 [Power input, Line]
[pin_not_connected]: Pin not connected
    ; error
    @(743.20 mm, 725.94 mm): Symbol #PWR0101 Pin 1 [Power input, Line]
[pin_not_connected]: Pin not connected
    ; error
    @(743.20 mm, 751.80 mm): Symbol #PWR0102 Pin 1 [Power input, Line]
[pin_not_connected]: Pin not connected
    ; error
    @(743.20 mm, 754.34 mm): Symbol #PWR0103 Pin 1 [Power input, Line]
[pin_not_connected]: Pin not connected
    ; error
    @(743.20 mm, 761.96 mm): Symbol #PWR0104 Pin 1 [Power input, Line]
[pin_not_connected]: Pin not connected
    ; error
    @(743.20 mm, 764.50 mm): Symbol #PWR0105 Pin 1 [Power input, Line]
[pin_not_connected]: Pin not connected
    ; error
    @(743.20 mm, 772.12 mm): Symbol #PWR0106 Pin 1 [Power input, Line]
[pin_not_connected]: Pin not connected
    ; error
    @(743.20 mm, 774.66 mm): Symbol #PWR0107 Pin 1 [Power input, Line]
[pin_not_connected]: Pin not connected
    ; error
    @(743.20 mm, 782.28 mm): Symbol #PWR0108 Pin 1 [Power input, Line]
[pin_not_connected]: Pin not connected
    ; error
    @(743.20 mm, 789.90 mm): Symbol #PWR0109 Pin 1 [Power input, Line]
[pin_not_connected]: Pin not connected
    ; error
    @(743.20 mm, 792.44 mm): Symbol #PWR0110 Pin 1 [Power input, Line]
[pin_not_connected]: Pin not connected
    ; error
    @(743.20 mm, 800.06 mm): Symbol #PWR0111 Pin 1 [Power input, Line]
[pin_not_connected]: Pin not connected
    ; error
    @(743.20 mm, 802.60 mm): Symbol #PWR0112 Pin 1 [Power input, Line]
[pin_not_connected]: Pin not connected
    ; error
    @(743.20 mm, 810.22 mm): Symbol #PWR0113 Pin 1 [Power input, Line]
[pin_not_connected]: Pin not connected
    ; error
    @(743.20 mm, 812.76 mm): Symbol #PWR0114 Pin 1 [Power input, Line]
[pin_not_connected]: Pin not connected
    ; error
    @(743.20 mm, 820.38 mm): Symbol #PWR0115 Pin 1 [Power input, Line]
[pin_not_connected]: Pin not connected
    ; error
    @(743.20 mm, 822.92 mm): Symbol #PWR0116 Pin 1 [Power input, Line]
[pin_not_connected]: Pin not connected
    ; error
    @(743.20 mm, 830.54 mm): Symbol #PWR0117 Pin 1 [Power input, Line]
[pin_not_connected]: Pin not connected
    ; error
    @(743.20 mm, 838.16 mm): Symbol #PWR0118 Pin 1 [Power input, Line]
[pin_not_connected]: Pin not connected
    ; error
    @(743.20 mm, 840.70 mm): Symbol #PWR0119 Pin 1 [Power input, Line]
[pin_not_connected]: Pin not connected
    ; error
    @(743.20 mm, 848.32 mm): Symbol #PWR0120 Pin 1 [Power input, Line]
[pin_not_connected]: Pin not connected
    ; error
    @(743.20 mm, 850.86 mm): Symbol #PWR0121 Pin 1 [Power input, Line]
[pin_not_connected]: Pin not connected
    ; error
    @(743.20 mm, 858.48 mm): Symbol #PWR0122 Pin 1 [Power input, Line]
[pin_not_connected]: Pin not connected
    ; error
    @(743.20 mm, 861.02 mm): Symbol #PWR0123 Pin 1 [Power input, Line]
[pin_not_connected]: Pin not connected
    ; error
    @(743.20 mm, 886.88 mm): Symbol #PWR0124 Pin 1 [Power input, Line]
[pin_not_connected]: Pin not connected
    ; error
    @(743.20 mm, 889.42 mm): Symbol #PWR0125 Pin 1 [Power input, Line]
[pin_not_connected]: Pin not connected
    ; error
    @(743.20 mm, 897.04 mm): Symbol #PWR0126 Pin 1 [Power input, Line]
[pin_not_connected]: Pin not connected
    ; error
    @(743.20 mm, 899.58 mm): Symbol #PWR0127 Pin 1 [Power input, Line]
[pin_not_connected]: Pin not connected
    ; error
    @(743.20 mm, 907.20 mm): Symbol #PWR0128 Pin 1 [Power input, Line]
[pin_not_connected]: Pin not connected
    ; error
    @(743.20 mm, 909.74 mm): Symbol #PWR0129 Pin 1 [Power input, Line]
[pin_not_connected]: Pin not connected
    ; error
    @(743.20 mm, 917.36 mm): Symbol #PWR0130 Pin 1 [Power input, Line]
[pin_not_connected]: Pin not connected
    ; error
    @(743.20 mm, 924.98 mm): Symbol #PWR0131 Pin 1 [Power input, Line]
[pin_not_connected]: Pin not connected
    ; error
    @(743.20 mm, 927.52 mm): Symbol #PWR0132 Pin 1 [Power input, Line]
[pin_not_connected]: Pin not connected
    ; error
    @(743.20 mm, 935.14 mm): Symbol #PWR0133 Pin 1 [Power input, Line]
[pin_not_connected]: Pin not connected
    ; error
    @(743.20 mm, 937.68 mm): Symbol #PWR0134 Pin 1 [Power input, Line]
[pin_not_connected]: Pin not connected
    ; error
    @(743.20 mm, 945.30 mm): Symbol #PWR0135 Pin 1 [Power input, Line]
[pin_not_connected]: Pin not connected
    ; error
    @(743.20 mm, 947.84 mm): Symbol #PWR0136 Pin 1 [Power input, Line]
[pin_not_connected]: Pin not connected
    ; error
    @(743.20 mm, 955.46 mm): Symbol #PWR0137 Pin 1 [Power input, Line]
[pin_not_connected]: Pin not connected
    ; error
    @(743.20 mm, 958.00 mm): Symbol #PWR0138 Pin 1 [Power input, Line]
[pin_not_connected]: Pin not connected
    ; error
    @(743.20 mm, 965.62 mm): Symbol #PWR0139 Pin 1 [Power input, Line]
[pin_not_connected]: Pin not connected
    ; error
    @(743.20 mm, 973.24 mm): Symbol #PWR0140 Pin 1 [Power input, Line]
[pin_not_connected]: Pin not connected
    ; error
    @(743.20 mm, 975.78 mm): Symbol #PWR0141 Pin 1 [Power input, Line]
[pin_not_connected]: Pin not connected
    ; error
    @(743.20 mm, 983.40 mm): Symbol #PWR0142 Pin 1 [Power input, Line]
[pin_not_connected]: Pin not connected
    ; error
    @(743.20 mm, 985.94 mm): Symbol #PWR0143 Pin 1 [Power input, Line]
[label_dangling]: Label not connected
    ; error
    @(748.05 mm, 254.66 mm): Label 'DQ10_A_D3'
[label_dangling]: Label not connected
    ; error
    @(748.05 mm, 257.20 mm): Label 'DQ9_A_D3'
[label_dangling]: Label not connected
    ; error
    @(748.05 mm, 264.82 mm): Label 'DQ8_A_D3'
[label_dangling]: Label not connected
    ; error
    @(748.05 mm, 267.36 mm): Label 'DQ7_A_D3'
[label_dangling]: Label not connected
    ; error
    @(748.05 mm, 274.98 mm): Label 'DQ6_A_D3'
[label_dangling]: Label not connected
    ; error
    @(748.05 mm, 287.68 mm): Label 'DQS0_A_t_D3'
[label_dangling]: Label not connected
    ; error
    @(748.05 mm, 313.08 mm): Label 'DQ1_A_D3'
[label_dangling]: Label not connected
    ; error
    @(748.05 mm, 379.58 mm): Label 'DQS3_A_c_D3'
[label_dangling]: Label not connected
    ; error
    @(748.05 mm, 389.74 mm): Label 'DQ26_A_D3'
[label_dangling]: Label not connected
    ; error
    @(748.05 mm, 392.28 mm): Label 'DQ25_A_D3'
[label_dangling]: Label not connected
    ; error
    @(748.05 mm, 410.06 mm): Label 'DQ22_A_D3'
[label_dangling]: Label not connected
    ; error
    @(748.05 mm, 412.60 mm): Label 'DQ21_A_D3'
[label_dangling]: Label not connected
    ; error
    @(748.05 mm, 430.38 mm): Label 'DM2_A_n_D3'
[label_dangling]: Label not connected
    ; error
    @(748.05 mm, 448.16 mm): Label 'DQ17_A_D3'
[label_dangling]: Label not connected
    ; error
    @(748.05 mm, 450.70 mm): Label 'DQ16_A_D3'
[label_dangling]: Label not connected
    ; error
    @(748.05 mm, 471.02 mm): Label 'DQ12_A_D3'
[label_dangling]: Label not connected
    ; error
    @(748.05 mm, 491.80 mm): Label 'CK1_A_t_D3'
[label_dangling]: Label not connected
    ; error
    @(748.05 mm, 494.34 mm): Label 'CK0_A_t_D3'
[label_dangling]: Label not connected
    ; error
    @(748.05 mm, 504.50 mm): Label 'CA12_A_D3'
[label_dangling]: Label not connected
    ; error
    @(748.05 mm, 522.28 mm): Label 'CA7_A_D3'
[label_dangling]: Label not connected
    ; error
    @(748.05 mm, 532.44 mm): Label 'CA5_A_D3'
[label_dangling]: Label not connected
    ; error
    @(748.05 mm, 547.68 mm): Label 'CS1_A_n_D3'
[label_dangling]: Label not connected
    ; error
    @(748.05 mm, 550.22 mm): Label 'CA1_A_D3'
[label_dangling]: Label not connected
    ; error
    @(748.05 mm, 568.00 mm): Label 'DQS4_A_t_D3'
[label_dangling]: Label not connected
    ; error
    @(748.05 mm, 585.78 mm): Label 'CB0_A_D3'
[label_dangling]: Label not connected
    ; error
    @(748.05 mm, 593.40 mm): Label 'DQ31_A_D3'
[label_dangling]: Label not connected
    ; error
    @(748.05 mm, 621.80 mm): Label 'CB2_B_D3'
[label_dangling]: Label not connected
    ; error
    @(748.05 mm, 624.34 mm): Label 'CB3_B_D3'
[label_dangling]: Label not connected
    ; error
    @(748.05 mm, 631.96 mm): Label 'CB1_B_D3'
[label_dangling]: Label not connected
    ; error
    @(748.05 mm, 639.58 mm): Label 'DQS4_B_c_D3'
[label_dangling]: Label not connected
    ; error
    @(748.05 mm, 649.74 mm): Label 'CS1_B_n_D3'
[label_dangling]: Label not connected
    ; error
    @(748.05 mm, 652.28 mm): Label 'CA0_B_D3'
[label_dangling]: Label not connected
    ; error
    @(748.05 mm, 672.60 mm): Label 'CA4_B_D3'
[label_dangling]: Label not connected
    ; error
    @(748.05 mm, 682.76 mm): Label 'CA6_B_D3'
[label_dangling]: Label not connected
    ; error
    @(748.05 mm, 685.30 mm): Label 'CA7_B_D3'
[label_dangling]: Label not connected
    ; error
    @(748.05 mm, 715.78 mm): Label 'CK0_B_c_D3'
[label_dangling]: Label not connected
    ; error
    @(748.05 mm, 718.32 mm): Label 'CK1_B_t_D3'
[label_dangling]: Label not connected
    ; error
    @(748.05 mm, 728.48 mm): Label 'CK1_A_c_D3'
[label_dangling]: Label not connected
    ; error
    @(748.05 mm, 777.20 mm): Label 'DM1_B_n_D3'
[label_dangling]: Label not connected
    ; error
    @(748.05 mm, 779.74 mm): Label 'DQS1_B_t_D3'
[label_dangling]: Label not connected
    ; error
    @(748.05 mm, 784.82 mm): Label 'DQS1_B_c_D3'
[label_dangling]: Label not connected
    ; error
    @(748.05 mm, 805.14 mm): Label 'DQ8_B_D3'
[label_dangling]: Label not connected
    ; error
    @(748.05 mm, 815.30 mm): Label 'DQ6_B_D3'
[label_dangling]: Label not connected
    ; error
    @(748.05 mm, 833.08 mm): Label 'DQS0_B_c_D3'
[label_dangling]: Label not connected
    ; error
    @(748.05 mm, 835.62 mm): Label 'DM0_B_n_D3'
[label_dangling]: Label not connected
    ; error
    @(748.05 mm, 843.24 mm): Label 'DQ3_B_D3'
[label_dangling]: Label not connected
    ; error
    @(748.05 mm, 891.96 mm): Label 'DQ31_B_D3'
[label_dangling]: Label not connected
    ; error
    @(748.05 mm, 902.12 mm): Label 'DQ29_B_D3'
[label_dangling]: Label not connected
    ; error
    @(748.05 mm, 914.82 mm): Label 'DQS3_B_t_D3'
[label_dangling]: Label not connected
    ; error
    @(748.05 mm, 919.90 mm): Label 'DQS3_B_c_D3'
[label_dangling]: Label not connected
    ; error
    @(748.05 mm, 922.44 mm): Label 'DQ27_B_D3'
[label_dangling]: Label not connected
    ; error
    @(748.05 mm, 932.60 mm): Label 'DQ25_B_D3'
[label_dangling]: Label not connected
    ; error
    @(748.05 mm, 952.92 mm): Label 'DQ21_B_D3'
[label_dangling]: Label not connected
    ; error
    @(748.05 mm, 960.54 mm): Label 'DQ20_B_D3'
[label_dangling]: Label not connected
    ; error
    @(748.05 mm, 968.16 mm): Label 'DQS2_B_c_D3'
[label_dangling]: Label not connected
    ; error
    @(748.05 mm, 978.32 mm): Label 'DQ19_B_D3'
[label_dangling]: Label not connected
    ; error
    @(748.05 mm, 980.86 mm): Label 'DQ18_B_D3'
[label_dangling]: Label not connected
    ; error
    @(748.05 mm, 991.02 mm): Label 'DQ16_B_D3'
[label_dangling]: Label not connected
    ; error
    @(748.28 mm, 276.414 mm): Label 'PCH_CNV_BRI_DT_P'
[label_dangling]: Label not connected
    ; error
    @(748.28 mm, 280.478 mm): Label 'PCH_CNV_BRI_RSP_P'
[label_dangling]: Label not connected
    ; error
    @(748.28 mm, 282.51 mm): Label 'PCH_CNV_BRI_RSP_N'
[label_dangling]: Label not connected
    ; error
    @(748.28 mm, 286.574 mm): Label 'PCH_CNV_WAKE_N'
[label_dangling]: Label not connected
    ; error
    @(748.28 mm, 292.414 mm): Label 'PCH_CNV_RGI_DT_P'
[label_dangling]: Label not connected
    ; error
    @(748.28 mm, 294.446 mm): Label 'PCH_CNV_RGI_DT_N'
[label_dangling]: Label not connected
    ; error
    @(748.28 mm, 296.478 mm): Label 'PCH_CNV_RGI_RSP_P'
[label_dangling]: Label not connected
    ; error
    @(750.66 mm, 753.23 mm): Label 'ZQ_D3'
[pin_not_connected]: Pin not connected
    ; error
    @(758.28 mm, 749.42 mm): Symbol R83 Pin 1 [Passive, Line]
[pin_not_connected]: Pin not connected
    ; error
    @(758.28 mm, 757.04 mm): Symbol R83 Pin 2 [Passive, Line]
[label_dangling]: Label not connected
    ; error
    @(760.66 mm, 1795.77 mm): Label 'TB1_TX_N'
[label_dangling]: Label not connected
    ; error
    @(760.66 mm, 1798.31 mm): Label 'TB1_RX_P'
[label_dangling]: Label not connected
    ; error
    @(760.66 mm, 1800.85 mm): Label 'TB1_RX_N'
[label_dangling]: Label not connected
    ; error
    @(760.66 mm, 1803.39 mm): Label 'TB1_USB_D_P'
[pin_not_connected]: Pin not connected
    ; error
    @(765.90 mm, 758.31 mm): Symbol #PWR10032 Pin 1 [Power input, Line]
[label_dangling]: Label not connected
    ; error
    @(798.28 mm, 443.23 mm): Label 'VDD_DDR4_PGOOD'
[label_dangling]: Label not connected
    ; error
    @(798.28 mm, 445.77 mm): Label 'VTTREF_DDR4'
[label_dangling]: Label not connected
    ; error
    @(798.28 mm, 453.23 mm): Label 'SMB_CLK'
[pin_not_connected]: Pin not connected
    ; error
    @(803.28 mm, 444.42 mm): Symbol R85 Pin 1 [Passive, Line]
[pin_not_connected]: Pin not connected
    ; error
    @(803.28 mm, 452.04 mm): Symbol R85 Pin 2 [Passive, Line]
[label_dangling]: Label not connected
    ; error
    @(808.28 mm, 328.23 mm): Label 'ALERT_n_D3'
[pin_not_connected]: Pin not connected
    ; error
    @(823.28 mm, 444.42 mm): Symbol R86 Pin 1 [Passive, Line]
[pin_not_connected]: Pin not connected
    ; error
    @(823.28 mm, 452.04 mm): Symbol R86 Pin 2 [Passive, Line]
[pin_not_connected]: Pin not connected
    ; error
    @(863.20 mm, 231.80 mm): Symbol #PWR0144 Pin 1 [Power input, Line]
[pin_not_connected]: Pin not connected
    ; error
    @(863.20 mm, 234.34 mm): Symbol #PWR0145 Pin 1 [Power input, Line]
[pin_not_connected]: Pin not connected
    ; error
    @(863.20 mm, 241.96 mm): Symbol #PWR0146 Pin 1 [Power input, Line]
[pin_not_connected]: Pin not connected
    ; error
    @(863.20 mm, 249.58 mm): Symbol #PWR0147 Pin 1 [Power input, Line]
[pin_not_connected]: Pin not connected
    ; error
    @(863.20 mm, 252.12 mm): Symbol #PWR0148 Pin 1 [Power input, Line]
[pin_not_connected]: Pin not connected
    ; error
    @(863.20 mm, 259.74 mm): Symbol #PWR0149 Pin 1 [Power input, Line]
[pin_not_connected]: Pin not connected
    ; error
    @(863.20 mm, 262.28 mm): Symbol #PWR0150 Pin 1 [Power input, Line]
[pin_not_connected]: Pin not connected
    ; error
    @(863.20 mm, 269.90 mm): Symbol #PWR0151 Pin 1 [Power input, Line]
[pin_not_connected]: Pin not connected
    ; error
    @(863.20 mm, 272.44 mm): Symbol #PWR0152 Pin 1 [Power input, Line]
[pin_not_connected]: Pin not connected
    ; error
    @(863.20 mm, 280.06 mm): Symbol #PWR0153 Pin 1 [Power input, Line]
[pin_not_connected]: Pin not connected
    ; error
    @(863.20 mm, 282.60 mm): Symbol #PWR0154 Pin 1 [Power input, Line]
[pin_not_connected]: Pin not connected
    ; error
    @(863.20 mm, 290.22 mm): Symbol #PWR0155 Pin 1 [Power input, Line]
[pin_not_connected]: Pin not connected
    ; error
    @(863.20 mm, 297.84 mm): Symbol #PWR0156 Pin 1 [Power input, Line]
[pin_not_connected]: Pin not connected
    ; error
    @(863.20 mm, 300.38 mm): Symbol #PWR0157 Pin 1 [Power input, Line]
[pin_not_connected]: Pin not connected
    ; error
    @(863.20 mm, 308.00 mm): Symbol #PWR0158 Pin 1 [Power input, Line]
[pin_not_connected]: Pin not connected
    ; error
    @(863.20 mm, 310.54 mm): Symbol #PWR0159 Pin 1 [Power input, Line]
[pin_not_connected]: Pin not connected
    ; error
    @(863.20 mm, 318.16 mm): Symbol #PWR0160 Pin 1 [Power input, Line]
[pin_not_connected]: Pin not connected
    ; error
    @(863.20 mm, 320.70 mm): Symbol #PWR0161 Pin 1 [Power input, Line]
[pin_not_connected]: Pin not connected
    ; error
    @(863.20 mm, 366.88 mm): Symbol #PWR0162 Pin 1 [Power input, Line]
[pin_not_connected]: Pin not connected
    ; error
    @(863.20 mm, 369.42 mm): Symbol #PWR0163 Pin 1 [Power input, Line]
[pin_not_connected]: Pin not connected
    ; error
    @(863.20 mm, 377.04 mm): Symbol #PWR0164 Pin 1 [Power input, Line]
[pin_not_connected]: Pin not connected
    ; error
    @(863.20 mm, 384.66 mm): Symbol #PWR0165 Pin 1 [Power input, Line]
[pin_not_connected]: Pin not connected
    ; error
    @(863.20 mm, 387.20 mm): Symbol #PWR0166 Pin 1 [Power input, Line]
[pin_not_connected]: Pin not connected
    ; error
    @(863.20 mm, 394.82 mm): Symbol #PWR0167 Pin 1 [Power input, Line]
[pin_not_connected]: Pin not connected
    ; error
    @(863.20 mm, 397.36 mm): Symbol #PWR0168 Pin 1 [Power input, Line]
[pin_not_connected]: Pin not connected
    ; error
    @(863.20 mm, 404.98 mm): Symbol #PWR0169 Pin 1 [Power input, Line]
[pin_not_connected]: Pin not connected
    ; error
    @(863.20 mm, 407.52 mm): Symbol #PWR0170 Pin 1 [Power input, Line]
[pin_not_connected]: Pin not connected
    ; error
    @(863.20 mm, 415.14 mm): Symbol #PWR0171 Pin 1 [Power input, Line]
[pin_not_connected]: Pin not connected
    ; error
    @(863.20 mm, 417.68 mm): Symbol #PWR0172 Pin 1 [Power input, Line]
[pin_not_connected]: Pin not connected
    ; error
    @(863.20 mm, 425.30 mm): Symbol #PWR0173 Pin 1 [Power input, Line]
[pin_not_connected]: Pin not connected
    ; error
    @(863.20 mm, 432.92 mm): Symbol #PWR0174 Pin 1 [Power input, Line]
[pin_not_connected]: Pin not connected
    ; error
    @(863.20 mm, 435.46 mm): Symbol #PWR0175 Pin 1 [Power input, Line]
[pin_not_connected]: Pin not connected
    ; error
    @(863.20 mm, 443.08 mm): Symbol #PWR0176 Pin 1 [Power input, Line]
[pin_not_connected]: Pin not connected
    ; error
    @(863.20 mm, 445.62 mm): Symbol #PWR0177 Pin 1 [Power input, Line]
[pin_not_connected]: Pin not connected
    ; error
    @(863.20 mm, 453.24 mm): Symbol #PWR0178 Pin 1 [Power input, Line]
[pin_not_connected]: Pin not connected
    ; error
    @(863.20 mm, 455.78 mm): Symbol #PWR0179 Pin 1 [Power input, Line]
[pin_not_connected]: Pin not connected
    ; error
    @(863.20 mm, 463.40 mm): Symbol #PWR0180 Pin 1 [Power input, Line]
[pin_not_connected]: Pin not connected
    ; error
    @(863.20 mm, 465.94 mm): Symbol #PWR0181 Pin 1 [Power input, Line]
[pin_not_connected]: Pin not connected
    ; error
    @(863.20 mm, 496.88 mm): Symbol #PWR0182 Pin 1 [Power input, Line]
[pin_not_connected]: Pin not connected
    ; error
    @(863.20 mm, 499.42 mm): Symbol #PWR0183 Pin 1 [Power input, Line]
[pin_not_connected]: Pin not connected
    ; error
    @(863.20 mm, 512.12 mm): Symbol #PWR0184 Pin 1 [Power input, Line]
[pin_not_connected]: Pin not connected
    ; error
    @(863.20 mm, 514.66 mm): Symbol #PWR0185 Pin 1 [Power input, Line]
[pin_not_connected]: Pin not connected
    ; error
    @(863.20 mm, 527.36 mm): Symbol #PWR0186 Pin 1 [Power input, Line]
[pin_not_connected]: Pin not connected
    ; error
    @(863.20 mm, 529.90 mm): Symbol #PWR0187 Pin 1 [Power input, Line]
[pin_not_connected]: Pin not connected
    ; error
    @(863.20 mm, 542.60 mm): Symbol #PWR0188 Pin 1 [Power input, Line]
[pin_not_connected]: Pin not connected
    ; error
    @(863.20 mm, 545.14 mm): Symbol #PWR0189 Pin 1 [Power input, Line]
[pin_not_connected]: Pin not connected
    ; error
    @(863.20 mm, 560.38 mm): Symbol #PWR0190 Pin 1 [Power input, Line]
[pin_not_connected]: Pin not connected
    ; error
    @(863.20 mm, 562.92 mm): Symbol #PWR0191 Pin 1 [Power input, Line]
[pin_not_connected]: Pin not connected
    ; error
    @(863.20 mm, 570.54 mm): Symbol #PWR0192 Pin 1 [Power input, Line]
[pin_not_connected]: Pin not connected
    ; error
    @(863.20 mm, 578.16 mm): Symbol #PWR0193 Pin 1 [Power input, Line]
[pin_not_connected]: Pin not connected
    ; error
    @(863.20 mm, 580.70 mm): Symbol #PWR0194 Pin 1 [Power input, Line]
[pin_not_connected]: Pin not connected
    ; error
    @(863.20 mm, 588.32 mm): Symbol #PWR0195 Pin 1 [Power input, Line]
[pin_not_connected]: Pin not connected
    ; error
    @(863.20 mm, 590.86 mm): Symbol #PWR0196 Pin 1 [Power input, Line]
[pin_not_connected]: Pin not connected
    ; error
    @(863.20 mm, 598.48 mm): Symbol #PWR0197 Pin 1 [Power input, Line]
[pin_not_connected]: Pin not connected
    ; error
    @(863.20 mm, 601.02 mm): Symbol #PWR0198 Pin 1 [Power input, Line]
[pin_not_connected]: Pin not connected
    ; error
    @(863.20 mm, 626.88 mm): Symbol #PWR0199 Pin 1 [Power input, Line]
[pin_not_connected]: Pin not connected
    ; error
    @(863.20 mm, 629.42 mm): Symbol #PWR0200 Pin 1 [Power input, Line]
[pin_not_connected]: Pin not connected
    ; error
    @(863.20 mm, 637.04 mm): Symbol #PWR0201 Pin 1 [Power input, Line]
[pin_not_connected]: Pin not connected
    ; error
    @(863.20 mm, 644.66 mm): Symbol #PWR0202 Pin 1 [Power input, Line]
[pin_not_connected]: Pin not connected
    ; error
    @(863.20 mm, 647.20 mm): Symbol #PWR0203 Pin 1 [Power input, Line]
[pin_not_connected]: Pin not connected
    ; error
    @(863.20 mm, 662.44 mm): Symbol #PWR0204 Pin 1 [Power input, Line]
[pin_not_connected]: Pin not connected
    ; error
    @(863.20 mm, 664.98 mm): Symbol #PWR0205 Pin 1 [Power input, Line]
[pin_not_connected]: Pin not connected
    ; error
    @(863.20 mm, 677.68 mm): Symbol #PWR0206 Pin 1 [Power input, Line]
[pin_not_connected]: Pin not connected
    ; error
    @(863.20 mm, 680.22 mm): Symbol #PWR0207 Pin 1 [Power input, Line]
[pin_not_connected]: Pin not connected
    ; error
    @(863.20 mm, 692.92 mm): Symbol #PWR0208 Pin 1 [Power input, Line]
[pin_not_connected]: Pin not connected
    ; error
    @(863.20 mm, 695.46 mm): Symbol #PWR0209 Pin 1 [Power input, Line]
[pin_not_connected]: Pin not connected
    ; error
    @(863.20 mm, 708.16 mm): Symbol #PWR0210 Pin 1 [Power input, Line]
[pin_not_connected]: Pin not connected
    ; error
    @(863.20 mm, 710.70 mm): Symbol #PWR0211 Pin 1 [Power input, Line]
[pin_not_connected]: Pin not connected
    ; error
    @(863.20 mm, 723.40 mm): Symbol #PWR0212 Pin 1 [Power input, Line]
[pin_not_connected]: Pin not connected
    ; error
    @(863.20 mm, 725.94 mm): Symbol #PWR0213 Pin 1 [Power input, Line]
[pin_not_connected]: Pin not connected
    ; error
    @(863.20 mm, 751.80 mm): Symbol #PWR0214 Pin 1 [Power input, Line]
[pin_not_connected]: Pin not connected
    ; error
    @(863.20 mm, 754.34 mm): Symbol #PWR0215 Pin 1 [Power input, Line]
[pin_not_connected]: Pin not connected
    ; error
    @(863.20 mm, 761.96 mm): Symbol #PWR0216 Pin 1 [Power input, Line]
[pin_not_connected]: Pin not connected
    ; error
    @(863.20 mm, 764.50 mm): Symbol #PWR0217 Pin 1 [Power input, Line]
[pin_not_connected]: Pin not connected
    ; error
    @(863.20 mm, 772.12 mm): Symbol #PWR0218 Pin 1 [Power input, Line]
[pin_not_connected]: Pin not connected
    ; error
    @(863.20 mm, 774.66 mm): Symbol #PWR0219 Pin 1 [Power input, Line]
[pin_not_connected]: Pin not connected
    ; error
    @(863.20 mm, 782.28 mm): Symbol #PWR0220 Pin 1 [Power input, Line]
[pin_not_connected]: Pin not connected
    ; error
    @(863.20 mm, 789.90 mm): Symbol #PWR0221 Pin 1 [Power input, Line]
[pin_not_connected]: Pin not connected
    ; error
    @(863.20 mm, 792.44 mm): Symbol #PWR0222 Pin 1 [Power input, Line]
[pin_not_connected]: Pin not connected
    ; error
    @(863.20 mm, 800.06 mm): Symbol #PWR0223 Pin 1 [Power input, Line]
[pin_not_connected]: Pin not connected
    ; error
    @(863.20 mm, 802.60 mm): Symbol #PWR0224 Pin 1 [Power input, Line]
[pin_not_connected]: Pin not connected
    ; error
    @(863.20 mm, 810.22 mm): Symbol #PWR0225 Pin 1 [Power input, Line]
[pin_not_connected]: Pin not connected
    ; error
    @(863.20 mm, 812.76 mm): Symbol #PWR0226 Pin 1 [Power input, Line]
[pin_not_connected]: Pin not connected
    ; error
    @(863.20 mm, 820.38 mm): Symbol #PWR0227 Pin 1 [Power input, Line]
[pin_not_connected]: Pin not connected
    ; error
    @(863.20 mm, 822.92 mm): Symbol #PWR0228 Pin 1 [Power input, Line]
[pin_not_connected]: Pin not connected
    ; error
    @(863.20 mm, 830.54 mm): Symbol #PWR0229 Pin 1 [Power input, Line]
[pin_not_connected]: Pin not connected
    ; error
    @(863.20 mm, 838.16 mm): Symbol #PWR0230 Pin 1 [Power input, Line]
[pin_not_connected]: Pin not connected
    ; error
    @(863.20 mm, 840.70 mm): Symbol #PWR0231 Pin 1 [Power input, Line]
[pin_not_connected]: Pin not connected
    ; error
    @(863.20 mm, 848.32 mm): Symbol #PWR0232 Pin 1 [Power input, Line]
[pin_not_connected]: Pin not connected
    ; error
    @(863.20 mm, 850.86 mm): Symbol #PWR0233 Pin 1 [Power input, Line]
[pin_not_connected]: Pin not connected
    ; error
    @(863.20 mm, 858.48 mm): Symbol #PWR0234 Pin 1 [Power input, Line]
[pin_not_connected]: Pin not connected
    ; error
    @(863.20 mm, 861.02 mm): Symbol #PWR0235 Pin 1 [Power input, Line]
[pin_not_connected]: Pin not connected
    ; error
    @(863.20 mm, 886.88 mm): Symbol #PWR0236 Pin 1 [Power input, Line]
[pin_not_connected]: Pin not connected
    ; error
    @(863.20 mm, 889.42 mm): Symbol #PWR0237 Pin 1 [Power input, Line]
[pin_not_connected]: Pin not connected
    ; error
    @(863.20 mm, 897.04 mm): Symbol #PWR0238 Pin 1 [Power input, Line]
[pin_not_connected]: Pin not connected
    ; error
    @(863.20 mm, 899.58 mm): Symbol #PWR0239 Pin 1 [Power input, Line]
[pin_not_connected]: Pin not connected
    ; error
    @(863.20 mm, 907.20 mm): Symbol #PWR0240 Pin 1 [Power input, Line]
[pin_not_connected]: Pin not connected
    ; error
    @(863.20 mm, 909.74 mm): Symbol #PWR0241 Pin 1 [Power input, Line]
[pin_not_connected]: Pin not connected
    ; error
    @(863.20 mm, 917.36 mm): Symbol #PWR0242 Pin 1 [Power input, Line]
[pin_not_connected]: Pin not connected
    ; error
    @(863.20 mm, 924.98 mm): Symbol #PWR0243 Pin 1 [Power input, Line]
[pin_not_connected]: Pin not connected
    ; error
    @(863.20 mm, 927.52 mm): Symbol #PWR0244 Pin 1 [Power input, Line]
[pin_not_connected]: Pin not connected
    ; error
    @(863.20 mm, 935.14 mm): Symbol #PWR0245 Pin 1 [Power input, Line]
[pin_not_connected]: Pin not connected
    ; error
    @(863.20 mm, 937.68 mm): Symbol #PWR0246 Pin 1 [Power input, Line]
[pin_not_connected]: Pin not connected
    ; error
    @(863.20 mm, 945.30 mm): Symbol #PWR0247 Pin 1 [Power input, Line]
[pin_not_connected]: Pin not connected
    ; error
    @(863.20 mm, 947.84 mm): Symbol #PWR0248 Pin 1 [Power input, Line]
[pin_not_connected]: Pin not connected
    ; error
    @(863.20 mm, 955.46 mm): Symbol #PWR0249 Pin 1 [Power input, Line]
[pin_not_connected]: Pin not connected
    ; error
    @(863.20 mm, 958.00 mm): Symbol #PWR0250 Pin 1 [Power input, Line]
[pin_not_connected]: Pin not connected
    ; error
    @(863.20 mm, 965.62 mm): Symbol #PWR0251 Pin 1 [Power input, Line]
[pin_not_connected]: Pin not connected
    ; error
    @(863.20 mm, 973.24 mm): Symbol #PWR0252 Pin 1 [Power input, Line]
[pin_not_connected]: Pin not connected
    ; error
    @(863.20 mm, 975.78 mm): Symbol #PWR0253 Pin 1 [Power input, Line]
[pin_not_connected]: Pin not connected
    ; error
    @(863.20 mm, 983.40 mm): Symbol #PWR0254 Pin 1 [Power input, Line]
[pin_not_connected]: Pin not connected
    ; error
    @(863.20 mm, 985.94 mm): Symbol #PWR0255 Pin 1 [Power input, Line]
[label_dangling]: Label not connected
    ; error
    @(868.05 mm, 236.88 mm): Label 'DM1_A_n_D4'
[label_dangling]: Label not connected
    ; error
    @(868.05 mm, 244.50 mm): Label 'DQS1_A_c_D4'
[label_dangling]: Label not connected
    ; error
    @(868.05 mm, 247.04 mm): Label 'DQ11_A_D4'
[label_dangling]: Label not connected
    ; error
    @(868.05 mm, 257.20 mm): Label 'DQ9_A_D4'
[label_dangling]: Label not connected
    ; error
    @(868.05 mm, 267.36 mm): Label 'DQ7_A_D4'
[label_dangling]: Label not connected
    ; error
    @(868.05 mm, 277.52 mm): Label 'DQ5_A_D4'
[label_dangling]: Label not connected
    ; error
    @(868.05 mm, 287.68 mm): Label 'DQS0_A_t_D4'
[label_dangling]: Label not connected
    ; error
    @(868.05 mm, 292.76 mm): Label 'DQS0_A_c_D4'
[label_dangling]: Label not connected
    ; error
    @(868.05 mm, 313.08 mm): Label 'DQ1_A_D4'
[label_dangling]: Label not connected
    ; error
    @(868.05 mm, 315.62 mm): Label 'DQ0_A_D4'
[label_dangling]: Label not connected
    ; error
    @(868.05 mm, 361.80 mm): Label 'DQ29_A_D4'
[label_dangling]: Label not connected
    ; error
    @(868.05 mm, 364.34 mm): Label 'DQ28_A_D4'
[label_dangling]: Label not connected
    ; error
    @(868.05 mm, 371.96 mm): Label 'DM3_A_n_D4'
[label_dangling]: Label not connected
    ; error
    @(868.05 mm, 374.50 mm): Label 'DQS3_A_t_D4'
[label_dangling]: Label not connected
    ; error
    @(868.05 mm, 379.58 mm): Label 'DQS3_A_c_D4'
[label_dangling]: Label not connected
    ; error
    @(868.05 mm, 399.90 mm): Label 'DQ24_A_D4'
[label_dangling]: Label not connected
    ; error
    @(868.05 mm, 410.06 mm): Label 'DQ22_A_D4'
[label_dangling]: Label not connected
    ; error
    @(868.05 mm, 420.22 mm): Label 'DQ20_A_D4'
[label_dangling]: Label not connected
    ; error
    @(868.05 mm, 430.38 mm): Label 'DM2_A_n_D4'
[label_dangling]: Label not connected
    ; error
    @(868.05 mm, 440.54 mm): Label 'DQ18_A_D4'
[label_dangling]: Label not connected
    ; error
    @(868.05 mm, 450.70 mm): Label 'DQ16_A_D4'
[label_dangling]: Label not connected
    ; error
    @(868.05 mm, 458.32 mm): Label 'DQ15_A_D4'
[label_dangling]: Label not connected
    ; error
    @(868.05 mm, 460.86 mm): Label 'DQ14_A_D4'
[label_dangling]: Label not connected
    ; error
    @(868.05 mm, 468.48 mm): Label 'DQ13_A_D4'
[label_dangling]: Label not connected
    ; error
    @(868.05 mm, 471.02 mm): Label 'DQ12_A_D4'
[label_dangling]: Label not connected
    ; error
    @(868.05 mm, 491.80 mm): Label 'CK1_A_t_D4'
[label_dangling]: Label not connected
    ; error
    @(868.05 mm, 494.34 mm): Label 'CK0_A_t_D4'
[label_dangling]: Label not connected
    ; error
    @(868.05 mm, 504.50 mm): Label 'CA12_A_D4'
[label_dangling]: Label not connected
    ; error
    @(868.05 mm, 532.44 mm): Label 'CA5_A_D4'
[label_dangling]: Label not connected
    ; error
    @(868.05 mm, 540.06 mm): Label 'CA2_A_D4'
[label_dangling]: Label not connected
    ; error
    @(868.05 mm, 547.68 mm): Label 'CS1_A_n_D4'
[label_dangling]: Label not connected
    ; error
    @(868.05 mm, 550.22 mm): Label 'CA1_A_D4'
[label_dangling]: Label not connected
    ; error
    @(868.05 mm, 552.76 mm): Label 'ALERT_n_D4'
[label_dangling]: Label not connected
    ; error
    @(868.05 mm, 555.30 mm): Label 'CA0_A_D4'
[label_dangling]: Label not connected
    ; error
    @(868.05 mm, 557.84 mm): Label 'CS0_A_n_D4'
[label_dangling]: Label not connected
    ; error
    @(868.05 mm, 565.46 mm): Label 'CB3_A_D4'
[label_dangling]: Label not connected
    ; error
    @(868.05 mm, 568.00 mm): Label 'DQS4_A_t_D4'
[label_dangling]: Label not connected
    ; error
    @(868.05 mm, 573.08 mm): Label 'DQS4_A_c_D4'
[label_dangling]: Label not connected
    ; error
    @(868.05 mm, 585.78 mm): Label 'CB0_A_D4'
[label_dangling]: Label not connected
    ; error
    @(868.05 mm, 593.40 mm): Label 'DQ31_A_D4'
[label_dangling]: Label not connected
    ; error
    @(868.05 mm, 621.80 mm): Label 'CB2_B_D4'
[label_dangling]: Label not connected
    ; error
    @(868.05 mm, 631.96 mm): Label 'CB1_B_D4'
[label_dangling]: Label not connected
    ; error
    @(868.05 mm, 634.50 mm): Label 'DQS4_B_t_D4'
[label_dangling]: Label not connected
    ; error
    @(868.05 mm, 659.90 mm): Label 'CS0_B_n_D4'
[label_dangling]: Label not connected
    ; error
    @(868.05 mm, 672.60 mm): Label 'CA4_B_D4'
[label_dangling]: Label not connected
    ; error
    @(868.05 mm, 685.30 mm): Label 'CA7_B_D4'
[label_dangling]: Label not connected
    ; error
    @(868.05 mm, 687.84 mm): Label 'CA8_B_D4'
[label_dangling]: Label not connected
    ; error
    @(868.05 mm, 698.00 mm): Label 'CA10_B_D4'
[label_dangling]: Label not connected
    ; error
    @(868.05 mm, 713.24 mm): Label 'CK1_B_c_D4'
[label_dangling]: Label not connected
    ; error
    @(868.05 mm, 718.32 mm): Label 'CK1_B_t_D4'
[label_dangling]: Label not connected
    ; error
    @(868.05 mm, 720.86 mm): Label 'CK0_B_t_D4'
[label_dangling]: Label not connected
    ; error
    @(868.05 mm, 756.88 mm): Label 'DQ15_B_D4'
[label_dangling]: Label not connected
    ; error
    @(868.05 mm, 759.42 mm): Label 'DQ14_B_D4'
[label_dangling]: Label not connected
    ; error
    @(868.05 mm, 777.20 mm): Label 'DM1_B_n_D4'
[label_dangling]: Label not connected
    ; error
    @(868.05 mm, 779.74 mm): Label 'DQS1_B_t_D4'
[label_dangling]: Label not connected
    ; error
    @(868.05 mm, 784.82 mm): Label 'DQS1_B_c_D4'
[label_dangling]: Label not connected
    ; error
    @(868.05 mm, 787.36 mm): Label 'DQ11_B_D4'
[label_dangling]: Label not connected
    ; error
    @(868.05 mm, 815.30 mm): Label 'DQ6_B_D4'
[label_dangling]: Label not connected
    ; error
    @(868.05 mm, 825.46 mm): Label 'DQ4_B_D4'
[label_dangling]: Label not connected
    ; error
    @(868.05 mm, 828.00 mm): Label 'DQS0_B_t_D4'
[label_dangling]: Label not connected
    ; error
    @(868.05 mm, 835.62 mm): Label 'DM0_B_n_D4'
[label_dangling]: Label not connected
    ; error
    @(868.05 mm, 843.24 mm): Label 'DQ3_B_D4'
[label_dangling]: Label not connected
    ; error
    @(868.05 mm, 891.96 mm): Label 'DQ31_B_D4'
[label_dangling]: Label not connected
    ; error
    @(868.05 mm, 894.50 mm): Label 'DQ30_B_D4'
[label_dangling]: Label not connected
    ; error
    @(868.05 mm, 902.12 mm): Label 'DQ29_B_D4'
[label_dangling]: Label not connected
    ; error
    @(868.05 mm, 914.82 mm): Label 'DQS3_B_t_D4'
[label_dangling]: Label not connected
    ; error
    @(868.05 mm, 919.90 mm): Label 'DQS3_B_c_D4'
[label_dangling]: Label not connected
    ; error
    @(868.05 mm, 942.76 mm): Label 'DQ23_B_D4'
[label_dangling]: Label not connected
    ; error
    @(868.05 mm, 950.38 mm): Label 'DQ22_B_D4'
[label_dangling]: Label not connected
    ; error
    @(868.05 mm, 963.08 mm): Label 'DQS2_B_t_D4'
[label_dangling]: Label not connected
    ; error
    @(868.05 mm, 968.16 mm): Label 'DQS2_B_c_D4'
[label_dangling]: Label not connected
    ; error
    @(868.05 mm, 970.70 mm): Label 'DM2_B_n_D4'
[label_dangling]: Label not connected
    ; error
    @(868.05 mm, 991.02 mm): Label 'DQ16_B_D4'
[label_dangling]: Label not connected
    ; error
    @(876.94 mm, 733.56 mm): Label 'ZQ_D4'
[pin_not_connected]: Pin not connected
    ; error
    @(878.28 mm, 749.42 mm): Symbol R84 Pin 1 [Passive, Line]
[pin_not_connected]: Pin not connected
    ; error
    @(878.28 mm, 757.04 mm): Symbol R84 Pin 2 [Passive, Line]
[pin_not_connected]: Pin not connected
    ; error
    @(885.90 mm, 758.31 mm): Symbol #PWR10078 Pin 1 [Power input, Line]
[pin_not_connected]: Pin not connected
    ; error
    @(916.28 mm, 756.42 mm): Symbol C81 Pin 1 [Passive, Line]
[pin_not_connected]: Pin not connected
    ; error
    @(916.28 mm, 757.69 mm): Symbol #PWR0266 Pin 1 [Power input, Line]
[pin_not_connected]: Pin not connected
    ; error
    @(916.28 mm, 762.77 mm): Symbol #PWR0257 Pin 1 [Power input, Line]
[pin_not_connected]: Pin not connected
    ; error
    @(916.28 mm, 764.04 mm): Symbol C81 Pin 2 [Passive, Line]
[pin_not_connected]: Pin not connected
    ; error
    @(920.80 mm, 753.23 mm): Symbol #PWR0267 Pin 1 [Power input, Line]
[pin_not_connected]: Pin not connected
    ; error
    @(928.28 mm, 763.23 mm): Symbol #PWR0258 Pin 1 [Power input, Line]
[pin_not_connected]: Pin not connected
    ; error
    @(940.28 mm, 756.42 mm): Symbol C82 Pin 1 [Passive, Line]
[label_dangling]: Label not connected
    ; error
    @(940.28 mm, 757.69 mm): Label '+1V05'
[pin_not_connected]: Pin not connected
    ; error
    @(940.28 mm, 762.77 mm): Symbol #PWR0259 Pin 1 [Power input, Line]
[pin_not_connected]: Pin not connected
    ; error
    @(940.28 mm, 764.04 mm): Symbol C82 Pin 2 [Passive, Line]
[label_dangling]: Label not connected
    ; error
    @(957.47 mm, 323.23 mm): Label 'VDD_DDR4'
[pin_not_connected]: Pin not connected
    ; error
    @(965.09 mm, 323.23 mm): Symbol #PWR09911 Pin 1 [Power input, Line]
[label_dangling]: Label not connected
    ; error
    @(969.47 mm, 323.23 mm): Label 'VDDQ_SW'
[label_dangling]: Label not connected
    ; error
    @(969.47 mm, 353.23 mm): Label 'VPP_SW'
[pin_not_connected]: Pin not connected
    ; error
    @(973.28 mm, 319.42 mm): Symbol L21 Pin 1 [1, Passive, Line]
[pin_not_connected]: Pin not connected
    ; error
    @(973.28 mm, 327.04 mm): Symbol L21 Pin 2 [2, Passive, Line]
[pin_not_connected]: Pin not connected
    ; error
    @(973.28 mm, 349.42 mm): Symbol L22 Pin 1 [1, Passive, Line]
[pin_not_connected]: Pin not connected
    ; error
    @(973.28 mm, 357.04 mm): Symbol L22 Pin 2 [2, Passive, Line]
[label_dangling]: Label not connected
    ; error
    @(977.09 mm, 353.23 mm): Label 'VPP_DDR4'
[power_pin_not_driven]: Input Power pin not driven by any Output Power pins
    ; error
    @(990.66 mm, 336.88 mm): Symbol U7 Pin 6 [PVIN_VDDQ, Power input, Line]
[power_pin_not_driven]: Input Power pin not driven by any Output Power pins
    ; error
    @(990.66 mm, 339.42 mm): Symbol U7 Pin 5 [LX_VDDQ, Power input, Line]
[pin_not_driven]: Input pin not driven by any Output pins
    ; error
    @(990.66 mm, 347.04 mm): Symbol U7 Pin 2 [VDDQ_REF, Input, Line]
[pin_to_pin]: Pins of type Open collector and Power output are connected
    ; error
    @(990.66 mm, 349.58 mm): Symbol U7 Pin 1 [PGOOD, Open collector, Line]
    @(1005.90 mm, 336.88 mm): Symbol U7 Pin 12 [VTTREF, Power output, Line]
[pin_not_connected]: Pin not connected
    ; error
    @(993.20 mm, 335.61 mm): Symbol #PWR10071 Pin 1 [Power input, Line]
[pin_not_connected]: Pin not connected
    ; error
    @(993.20 mm, 350.85 mm): Symbol U7 Pin 16 [VCC_5V, Power input, Line]
[power_pin_not_driven]: Input Power pin not driven by any Output Power pins
    ; error
    @(993.20 mm, 350.85 mm): Symbol U7 Pin 16 [VCC_5V, Power input, Line]
[power_pin_not_driven]: Input Power pin not driven by any Output Power pins
    ; error
    @(995.74 mm, 335.61 mm): Symbol U7 Pin 13 [GND, Power input, Line]
[power_pin_not_driven]: Input Power pin not driven by any Output Power pins
    ; error
    @(998.28 mm, 335.61 mm): Symbol U7 Pin 14 [GND, Power input, Line]
[pin_not_connected]: Pin not connected
    ; error
    @(998.28 mm, 383.23 mm): Symbol #PWR10024 Pin 1 [Power input, Line]
[power_pin_not_driven]: Input Power pin not driven by any Output Power pins
    ; error
    @(998.28 mm, 383.23 mm): Symbol #PWR10024 Pin 1 [Power input, Line]
[label_dangling]: Label not connected
    ; error
    @(998.28 mm, 388.23 mm): Label 'DDR5_ALERT_D3_N'
[power_pin_not_driven]: Input Power pin not driven by any Output Power pins
    ; error
    @(998.28 mm, 391.23 mm): Symbol #PWR0268 Pin 1 [Power input, Line]
[label_dangling]: Label not connected
    ; error
    @(998.28 mm, 393.23 mm): Label 'VDDQ_DDR4'
[label_dangling]: Label not connected
    ; error
    @(998.28 mm, 395.23 mm): Label 'VBAT'
[label_dangling]: Label not connected
    ; error
    @(998.28 mm, 398.31 mm): Label 'VBAT_IN'
[pin_not_connected]: Pin not connected
    ; error
    @(1003.36 mm, 335.61 mm): Symbol #PWR5986 Pin 1 [Power input, Line]
[pin_not_connected]: Pin not connected
    ; error
    @(1003.36 mm, 350.85 mm): Symbol U7 Pin 20 [PAD, Power input, Line]
[power_pin_not_driven]: Input Power pin not driven by any Output Power pins
    ; error
    @(1003.36 mm, 350.85 mm): Symbol U7 Pin 20 [PAD, Power input, Line]
[pin_to_pin]: Pins of type Power output and Power output are connected
    ; error
    @(1005.90 mm, 336.88 mm): Symbol U7 Pin 12 [VTTREF, Power output, Line]
    @(322.60 mm, 455.32 mm): Symbol #PWR10004 Pin 1 [Power output, Line]
[power_pin_not_driven]: Input Power pin not driven by any Output Power pins
    ; error
    @(1005.90 mm, 347.04 mm): Symbol U7 Pin 8 [LX_VPP, Power input, Line]
[power_pin_not_driven]: Input Power pin not driven by any Output Power pins
    ; error
    @(1005.90 mm, 349.58 mm): Symbol U7 Pin 7 [PVIN_VPP, Power input, Line]
[label_dangling]: Label not connected
    ; error
    @(1010.90 mm, 349.58 mm): Label 'VREFCA_D1'
[label_dangling]: Label not connected
    ; error
    @(1010.90 mm, 352.12 mm): Label 'VREFCA_D2'
[pin_not_connected]: Pin not connected
    ; error
    @(1098.28 mm, 339.42 mm): Symbol #PWR10013 Pin 1 [Power input, Line]
[label_dangling]: Label not connected
    ; error
    @(1098.28 mm, 341.96 mm): Label 'VDD_DDR5'
[label_dangling]: Label not connected
    ; error
    @(1108.28 mm, 458.47 mm): Label 'ETH_MDI3_n'
[label_dangling]: Label not connected
    ; error
    @(1108.28 mm, 461.01 mm): Label 'ETH_MDI3_p'
[label_dangling]: Label not connected
    ; error
    @(1128.28 mm, 350.85 mm): Label 'M2_REFCLK_n'
[label_dangling]: Label not connected
    ; error
    @(1128.28 mm, 352.73 mm): Label 'CLKREQ_PCIe1_n'
[pin_not_connected]: Pin not connected
    ; error
    @(1143.20 mm, 300.05 mm): Symbol J_M2_NVMe1 Pin 1 [Pin_1, Passive, Line]
[pin_not_connected]: Pin not connected
    ; error
    @(1143.20 mm, 302.59 mm): Symbol J_M2_NVMe1 Pin 3 [Pin_3, Passive, Line]
[pin_not_connected]: Pin not connected
    ; error
    @(1143.20 mm, 305.13 mm): Symbol J_M2_NVMe1 Pin 5 [Pin_5, Passive, Line]
[pin_not_connected]: Pin not connected
    ; error
    @(1143.20 mm, 307.67 mm): Symbol J_M2_NVMe1 Pin 7 [Pin_7, Passive, Line]
[pin_not_connected]: Pin not connected
    ; error
    @(1143.20 mm, 310.21 mm): Symbol J_M2_NVMe1 Pin 9 [Pin_9, Passive, Line]
[pin_not_connected]: Pin not connected
    ; error
    @(1143.20 mm, 312.75 mm): Symbol J_M2_NVMe1 Pin 11 [Pin_11, Passive, Line]
[pin_not_connected]: Pin not connected
    ; error
    @(1143.20 mm, 315.29 mm): Symbol J_M2_NVMe1 Pin 13 [Pin_13, Passive, Line]
[pin_not_connected]: Pin not connected
    ; error
    @(1143.20 mm, 317.83 mm): Symbol J_M2_NVMe1 Pin 15 [Pin_15, Passive, Line]
[pin_not_connected]: Pin not connected
    ; error
    @(1143.20 mm, 320.37 mm): Symbol J_M2_NVMe1 Pin 17 [Pin_17, Passive, Line]
[pin_not_connected]: Pin not connected
    ; error
    @(1143.20 mm, 322.91 mm): Symbol J_M2_NVMe1 Pin 19 [Pin_19, Passive, Line]
[pin_not_connected]: Pin not connected
    ; error
    @(1143.20 mm, 325.45 mm): Symbol J_M2_NVMe1 Pin 21 [Pin_21, Passive, Line]
[pin_not_connected]: Pin not connected
    ; error
    @(1143.20 mm, 327.99 mm): Symbol J_M2_NVMe1 Pin 23 [Pin_23, Passive, Line]
[pin_not_connected]: Pin not connected
    ; error
    @(1143.20 mm, 330.53 mm): Symbol J_M2_NVMe1 Pin 25 [Pin_25, Passive, Line]
[pin_not_connected]: Pin not connected
    ; error
    @(1143.20 mm, 333.07 mm): Symbol J_M2_NVMe1 Pin 27 [Pin_27, Passive, Line]
[pin_not_connected]: Pin not connected
    ; error
    @(1143.20 mm, 335.61 mm): Symbol J_M2_NVMe1 Pin 29 [Pin_29, Passive, Line]
[pin_not_connected]: Pin not connected
    ; error
    @(1143.20 mm, 338.15 mm): Symbol J_M2_NVMe1 Pin 31 [Pin_31, Passive, Line]
[pin_not_connected]: Pin not connected
    ; error
    @(1143.20 mm, 340.69 mm): Symbol J_M2_NVMe1 Pin 33 [Pin_33, Passive, Line]
[pin_not_connected]: Pin not connected
    ; error
    @(1143.20 mm, 343.23 mm): Symbol J_M2_NVMe1 Pin 35 [Pin_35, Passive, Line]
[pin_not_connected]: Pin not connected
    ; error
    @(1143.20 mm, 345.77 mm): Symbol J_M2_NVMe1 Pin 37 [Pin_37, Passive, Line]
[pin_not_connected]: Pin not connected
    ; error
    @(1143.20 mm, 348.31 mm): Symbol J_M2_NVMe1 Pin 39 [Pin_39, Passive, Line]
[pin_not_connected]: Pin not connected
    ; error
    @(1143.20 mm, 350.85 mm): Symbol J_M2_NVMe1 Pin 41 [Pin_41, Passive, Line]
[pin_not_connected]: Pin not connected
    ; error
    @(1143.20 mm, 353.39 mm): Symbol J_M2_NVMe1 Pin 43 [Pin_43, Passive, Line]
[pin_not_connected]: Pin not connected
    ; error
    @(1143.20 mm, 355.93 mm): Symbol J_M2_NVMe1 Pin 45 [Pin_45, Passive, Line]
[pin_not_connected]: Pin not connected
    ; error
    @(1143.20 mm, 358.47 mm): Symbol J_M2_NVMe1 Pin 47 [Pin_47, Passive, Line]
[pin_not_connected]: Pin not connected
    ; error
    @(1143.20 mm, 361.01 mm): Symbol J_M2_NVMe1 Pin 49 [Pin_49, Passive, Line]
[pin_not_connected]: Pin not connected
    ; error
    @(1143.20 mm, 363.55 mm): Symbol J_M2_NVMe1 Pin 51 [Pin_51, Passive, Line]
[pin_not_connected]: Pin not connected
    ; error
    @(1143.20 mm, 366.09 mm): Symbol J_M2_NVMe1 Pin 53 [Pin_53, Passive, Line]
[pin_not_connected]: Pin not connected
    ; error
    @(1143.20 mm, 368.63 mm): Symbol J_M2_NVMe1 Pin 55 [Pin_55, Passive, Line]
[pin_not_connected]: Pin not connected
    ; error
    @(1143.20 mm, 371.17 mm): Symbol J_M2_NVMe1 Pin 57 [Pin_57, Passive, Line]
[pin_not_connected]: Pin not connected
    ; error
    @(1143.20 mm, 373.71 mm): Symbol J_M2_NVMe1 Pin 59 [Pin_59, Passive, Line]
[pin_not_connected]: Pin not connected
    ; error
    @(1143.20 mm, 376.25 mm): Symbol J_M2_NVMe1 Pin 61 [Pin_61, Passive, Line]
[pin_not_connected]: Pin not connected
    ; error
    @(1143.20 mm, 378.79 mm): Symbol J_M2_NVMe1 Pin 63 [Pin_63, Passive, Line]
[pin_not_connected]: Pin not connected
    ; error
    @(1143.20 mm, 381.33 mm): Symbol J_M2_NVMe1 Pin 65 [Pin_65, Passive, Line]
[pin_not_connected]: Pin not connected
    ; error
    @(1143.20 mm, 383.87 mm): Symbol J_M2_NVMe1 Pin 67 [Pin_67, Passive, Line]
[pin_not_connected]: Pin not connected
    ; error
    @(1143.20 mm, 386.41 mm): Symbol J_M2_NVMe1 Pin 69 [Pin_69, Passive, Line]
[pin_not_connected]: Pin not connected
    ; error
    @(1143.20 mm, 388.95 mm): Symbol J_M2_NVMe1 Pin 71 [Pin_71, Passive, Line]
[pin_not_connected]: Pin not connected
    ; error
    @(1144.47 mm, 298.78 mm): Symbol #PWR09849 Pin 1 [Power input, Line]
[pin_not_connected]: Pin not connected
    ; error
    @(1144.47 mm, 301.32 mm): Symbol #PWR09851 Pin 1 [Power input, Line]
[pin_not_connected]: Pin not connected
    ; error
    @(1144.47 mm, 303.86 mm): Symbol #PWR09853 Pin 1 [Power input, Line]
[pin_not_connected]: Pin not connected
    ; error
    @(1144.47 mm, 306.40 mm): Symbol #PWR09855 Pin 1 [Power input, Line]
[pin_not_connected]: Pin not connected
    ; error
    @(1144.47 mm, 308.94 mm): Symbol #PWR09856 Pin 1 [Power input, Line]
[pin_not_connected]: Pin not connected
    ; error
    @(1144.47 mm, 311.48 mm): Symbol #PWR09857 Pin 1 [Power input, Line]
[pin_not_connected]: Pin not connected
    ; error
    @(1144.47 mm, 316.56 mm): Symbol #PWR09858 Pin 1 [Power input, Line]
[pin_not_connected]: Pin not connected
    ; error
    @(1144.47 mm, 324.18 mm): Symbol #PWR09859 Pin 1 [Power input, Line]
[pin_not_connected]: Pin not connected
    ; error
    @(1144.47 mm, 331.80 mm): Symbol #PWR09860 Pin 1 [Power input, Line]
[pin_not_connected]: Pin not connected
    ; error
    @(1144.47 mm, 334.34 mm): Symbol #PWR09861 Pin 1 [Power input, Line]
[pin_not_connected]: Pin not connected
    ; error
    @(1144.47 mm, 336.88 mm): Symbol #PWR09862 Pin 1 [Power input, Line]
[pin_not_connected]: Pin not connected
    ; error
    @(1144.47 mm, 339.42 mm): Symbol #PWR09863 Pin 1 [Power input, Line]
[pin_not_connected]: Pin not connected
    ; error
    @(1144.47 mm, 341.96 mm): Symbol #PWR09864 Pin 1 [Power input, Line]
[pin_not_connected]: Pin not connected
    ; error
    @(1144.47 mm, 344.50 mm): Symbol #PWR09865 Pin 1 [Power input, Line]
[pin_not_connected]: Pin not connected
    ; error
    @(1144.47 mm, 347.04 mm): Symbol #PWR09866 Pin 1 [Power input, Line]
[pin_not_connected]: Pin not connected
    ; error
    @(1144.47 mm, 349.58 mm): Symbol #PWR09867 Pin 1 [Power input, Line]
[pin_not_connected]: Pin not connected
    ; error
    @(1144.47 mm, 352.12 mm): Symbol #PWR09868 Pin 1 [Power input, Line]
[pin_not_connected]: Pin not connected
    ; error
    @(1144.47 mm, 354.66 mm): Symbol #PWR09869 Pin 1 [Power input, Line]
[pin_not_connected]: Pin not connected
    ; error
    @(1144.47 mm, 357.20 mm): Symbol #PWR09870 Pin 1 [Power input, Line]
[pin_not_connected]: Pin not connected
    ; error
    @(1144.47 mm, 359.74 mm): Symbol #PWR09871 Pin 1 [Power input, Line]
[pin_not_connected]: Pin not connected
    ; error
    @(1144.47 mm, 362.28 mm): Symbol #PWR0400 Pin 1 [Power input, Line]
[pin_not_connected]: Pin not connected
    ; error
    @(1144.47 mm, 364.82 mm): Symbol #PWR0401 Pin 1 [Power input, Line]
[pin_not_connected]: Pin not connected
    ; error
    @(1144.47 mm, 367.36 mm): Symbol #PWR0402 Pin 1 [Power input, Line]
[pin_not_connected]: Pin not connected
    ; error
    @(1144.47 mm, 369.90 mm): Symbol #PWR0403 Pin 1 [Power input, Line]
[pin_not_connected]: Pin not connected
    ; error
    @(1144.47 mm, 372.44 mm): Symbol #PWR0404 Pin 1 [Power input, Line]
[pin_not_connected]: Pin not connected
    ; error
    @(1144.47 mm, 374.98 mm): Symbol #PWR0405 Pin 1 [Power input, Line]
[pin_not_connected]: Pin not connected
    ; error
    @(1144.47 mm, 387.68 mm): Symbol #PWR0406 Pin 1 [Power input, Line]
[pin_not_connected]: Pin not connected
    ; error
    @(1144.47 mm, 492.90 mm): Symbol #PWR0408 Pin 1 [Power input, Line]
[pin_not_connected]: Pin not connected
    ; error
    @(1152.09 mm, 298.78 mm): Symbol #PWR09850 Pin 1 [Power input, Line]
[pin_not_connected]: Pin not connected
    ; error
    @(1152.09 mm, 301.32 mm): Symbol #PWR09852 Pin 1 [Power input, Line]
[pin_not_connected]: Pin not connected
    ; error
    @(1152.09 mm, 303.86 mm): Symbol #PWR09854 Pin 1 [Power input, Line]
[label_dangling]: Label not connected
    ; error
    @(1152.09 mm, 306.40 mm): Label 'M2_SUSCLK'
[label_dangling]: Label not connected
    ; error
    @(1152.09 mm, 308.94 mm): Label 'M2_LED_n'
[label_dangling]: Label not connected
    ; error
    @(1152.09 mm, 341.96 mm): Label 'M2_DEVSLP'
[label_dangling]: Label not connected
    ; error
    @(1152.09 mm, 352.12 mm): Label 'PERST_NVMe_n'
[label_dangling]: Label not connected
    ; error
    @(1152.09 mm, 357.20 mm): Label 'PEWAKE_NVMe_n'
[pin_not_connected]: Pin not connected
    ; error
    @(1152.09 mm, 492.90 mm): Symbol #PWR0409 Pin 1 [Power input, Line]
[pin_not_connected]: Pin not connected
    ; error
    @(1155.90 mm, 300.05 mm): Symbol J_M2_NVMe1 Pin 2 [Pin_2, Passive, Line]
[pin_not_connected]: Pin not connected
    ; error
    @(1155.90 mm, 302.59 mm): Symbol J_M2_NVMe1 Pin 4 [Pin_4, Passive, Line]
[pin_not_connected]: Pin not connected
    ; error
    @(1155.90 mm, 305.13 mm): Symbol J_M2_NVMe1 Pin 6 [Pin_6, Passive, Line]
[pin_not_connected]: Pin not connected
    ; error
    @(1155.90 mm, 307.67 mm): Symbol J_M2_NVMe1 Pin 8 [Pin_8, Passive, Line]
[pin_not_connected]: Pin not connected
    ; error
    @(1155.90 mm, 310.21 mm): Symbol J_M2_NVMe1 Pin 10 [Pin_10, Passive, Line]
[pin_not_connected]: Pin not connected
    ; error
    @(1155.90 mm, 312.75 mm): Symbol J_M2_NVMe1 Pin 12 [Pin_12, Passive, Line]
[pin_not_connected]: Pin not connected
    ; error
    @(1155.90 mm, 315.29 mm): Symbol J_M2_NVMe1 Pin 14 [Pin_14, Passive, Line]
[pin_not_connected]: Pin not connected
    ; error
    @(1155.90 mm, 317.83 mm): Symbol J_M2_NVMe1 Pin 16 [Pin_16, Passive, Line]
[pin_not_connected]: Pin not connected
    ; error
    @(1155.90 mm, 320.37 mm): Symbol J_M2_NVMe1 Pin 18 [Pin_18, Passive, Line]
[pin_not_connected]: Pin not connected
    ; error
    @(1155.90 mm, 322.91 mm): Symbol J_M2_NVMe1 Pin 20 [Pin_20, Passive, Line]
[pin_not_connected]: Pin not connected
    ; error
    @(1155.90 mm, 325.45 mm): Symbol J_M2_NVMe1 Pin 22 [Pin_22, Passive, Line]
[pin_not_connected]: Pin not connected
    ; error
    @(1155.90 mm, 327.99 mm): Symbol J_M2_NVMe1 Pin 24 [Pin_24, Passive, Line]
[pin_not_connected]: Pin not connected
    ; error
    @(1155.90 mm, 330.53 mm): Symbol J_M2_NVMe1 Pin 26 [Pin_26, Passive, Line]
[pin_not_connected]: Pin not connected
    ; error
    @(1155.90 mm, 333.07 mm): Symbol J_M2_NVMe1 Pin 28 [Pin_28, Passive, Line]
[pin_not_connected]: Pin not connected
    ; error
    @(1155.90 mm, 335.61 mm): Symbol J_M2_NVMe1 Pin 30 [Pin_30, Passive, Line]
[pin_not_connected]: Pin not connected
    ; error
    @(1155.90 mm, 338.15 mm): Symbol J_M2_NVMe1 Pin 32 [Pin_32, Passive, Line]
[pin_not_connected]: Pin not connected
    ; error
    @(1155.90 mm, 340.69 mm): Symbol J_M2_NVMe1 Pin 34 [Pin_34, Passive, Line]
[pin_not_connected]: Pin not connected
    ; error
    @(1155.90 mm, 343.23 mm): Symbol J_M2_NVMe1 Pin 36 [Pin_36, Passive, Line]
[pin_not_connected]: Pin not connected
    ; error
    @(1155.90 mm, 345.77 mm): Symbol J_M2_NVMe1 Pin 38 [Pin_38, Passive, Line]
[pin_not_connected]: Pin not connected
    ; error
    @(1155.90 mm, 348.31 mm): Symbol J_M2_NVMe1 Pin 40 [Pin_40, Passive, Line]
[pin_not_connected]: Pin not connected
    ; error
    @(1155.90 mm, 350.85 mm): Symbol J_M2_NVMe1 Pin 42 [Pin_42, Passive, Line]
[pin_not_connected]: Pin not connected
    ; error
    @(1155.90 mm, 353.39 mm): Symbol J_M2_NVMe1 Pin 44 [Pin_44, Passive, Line]
[pin_not_connected]: Pin not connected
    ; error
    @(1155.90 mm, 355.93 mm): Symbol J_M2_NVMe1 Pin 46 [Pin_46, Passive, Line]
[pin_not_connected]: Pin not connected
    ; error
    @(1155.90 mm, 358.47 mm): Symbol J_M2_NVMe1 Pin 48 [Pin_48, Passive, Line]
[pin_not_connected]: Pin not connected
    ; error
    @(1155.90 mm, 361.01 mm): Symbol J_M2_NVMe1 Pin 50 [Pin_50, Passive, Line]
[pin_not_connected]: Pin not connected
    ; error
    @(1155.90 mm, 363.55 mm): Symbol J_M2_NVMe1 Pin 52 [Pin_52, Passive, Line]
[pin_not_connected]: Pin not connected
    ; error
    @(1155.90 mm, 366.09 mm): Symbol J_M2_NVMe1 Pin 54 [Pin_54, Passive, Line]
[pin_not_connected]: Pin not connected
    ; error
    @(1155.90 mm, 368.63 mm): Symbol J_M2_NVMe1 Pin 56 [Pin_56, Passive, Line]
[pin_not_connected]: Pin not connected
    ; error
    @(1155.90 mm, 371.17 mm): Symbol J_M2_NVMe1 Pin 58 [Pin_58, Passive, Line]
[pin_not_connected]: Pin not connected
    ; error
    @(1155.90 mm, 373.71 mm): Symbol J_M2_NVMe1 Pin 60 [Pin_60, Passive, Line]
[pin_not_connected]: Pin not connected
    ; error
    @(1155.90 mm, 376.25 mm): Symbol J_M2_NVMe1 Pin 62 [Pin_62, Passive, Line]
[pin_not_connected]: Pin not connected
    ; error
    @(1155.90 mm, 378.79 mm): Symbol J_M2_NVMe1 Pin 64 [Pin_64, Passive, Line]
[pin_not_connected]: Pin not connected
    ; error
    @(1155.90 mm, 381.33 mm): Symbol J_M2_NVMe1 Pin 66 [Pin_66, Passive, Line]
[pin_not_connected]: Pin not connected
    ; error
    @(1155.90 mm, 383.87 mm): Symbol J_M2_NVMe1 Pin 68 [Pin_68, Passive, Line]
[pin_not_connected]: Pin not connected
    ; error
    @(1155.90 mm, 386.41 mm): Symbol J_M2_NVMe1 Pin 70 [Pin_70, Passive, Line]
[pin_not_connected]: Pin not connected
    ; error
    @(1155.90 mm, 388.95 mm): Symbol J_M2_NVMe1 Pin 72 [Pin_72, Passive, Line]
[pin_not_connected]: Pin not connected
    ; error
    @(1173.20 mm, 340.69 mm): Symbol J_M2_NVMe_PCIe1 Pin 1 [Pin_1, Passive, Line]
[pin_not_connected]: Pin not connected
    ; error
    @(1173.20 mm, 343.23 mm): Symbol J_M2_NVMe_PCIe1 Pin 2 [Pin_2, Passive, Line]
[pin_not_connected]: Pin not connected
    ; error
    @(1173.20 mm, 345.77 mm): Symbol J_M2_NVMe_PCIe1 Pin 3 [Pin_3, Passive, Line]
[pin_not_connected]: Pin not connected
    ; error
    @(1174.47 mm, 340.69 mm): Symbol #PWR0407 Pin 1 [Power input, Line]
[label_dangling]: Label not connected
    ; error
    @(1174.47 mm, 345.77 mm): Label 'M2_PET0_n'
[pin_not_connected]: Pin not connected
    ; error
    @(1284.47 mm, 363.23 mm): Symbol R30 Pin 1 [Passive, Line]
[label_dangling]: Label not connected
    ; error
    @(1288.28 mm, 344.42 mm): Label 'HUB_REXT'
[pin_not_connected]: Pin not connected
    ; error
    @(1288.28 mm, 354.58 mm): Symbol #PWR09990 Pin 1 [Power input, Line]
[pin_not_connected]: Pin not connected
    ; error
    @(1288.28 mm, 359.42 mm): Symbol #PWR09995 Pin 1 [Power input, Line]
[label_dangling]: Label not connected
    ; error
    @(1288.28 mm, 367.04 mm): Label 'HUB_RESET_N'
[pin_not_connected]: Pin not connected
    ; error
    @(1292.09 mm, 363.23 mm): Symbol R30 Pin 2 [Passive, Line]
[pin_not_connected]: Pin not connected
    ; error
    @(1292.47 mm, 315.61 mm): Symbol #PWR10050 Pin 1 [Power input, Line]
[pin_not_connected]: Pin not connected
    ; error
    @(1292.47 mm, 318.15 mm): Symbol #PWR09921 Pin 1 [Power input, Line]
[pin_not_connected]: Pin not connected
    ; error
    @(1292.47 mm, 320.69 mm): Symbol #PWR10049 Pin 1 [Power input, Line]
[pin_not_connected]: Pin not connected
    ; error
    @(1292.47 mm, 326.23 mm): Symbol #PWR8762 Pin 1 [Power input, Line]
[pin_not_connected]: Pin not connected
    ; error
    @(1294.47 mm, 353.23 mm): Symbol X1 Pin 1 [1, Passive, Line]
[pin_not_connected]: Pin not connected
    ; error
    @(1300.09 mm, 318.15 mm): Symbol #PWR7988 Pin 1 [Power input, Line]
[pin_not_connected]: Pin not connected
    ; error
    @(1300.09 mm, 320.69 mm): Symbol #PWR10005 Pin 1 [Power input, Line]
[pin_not_connected]: Pin not connected
    ; error
    @(1300.09 mm, 323.23 mm): Symbol #PWR09880 Pin 1 [Power input, Line]
[pin_not_connected]: Pin not connected
    ; error
    @(1300.09 mm, 325.77 mm): Symbol #PWR09887 Pin 1 [Power input, Line]
[pin_not_connected]: Pin not connected
    ; error
    @(1300.09 mm, 328.77 mm): Symbol #PWR09878 Pin 1 [Power input, Line]
[pin_not_connected]: Pin not connected
    ; error
    @(1302.09 mm, 353.23 mm): Symbol X1 Pin 2 [2, Passive, Line]
[label_dangling]: Label not connected
    ; error
    @(1305.58 mm, 305.45 mm): Label 'HUB_D3M'
[pin_not_connected]: Pin not connected
    ; error
    @(1305.58 mm, 315.61 mm): Symbol #PWR10085 Pin 1 [Power input, Line]
[pin_not_connected]: Pin not connected
    ; error
    @(1305.58 mm, 318.15 mm): Symbol #PWR09980 Pin 1 [Power input, Line]
[pin_not_connected]: Pin not connected
    ; error
    @(1305.58 mm, 320.69 mm): Symbol #PWR10091 Pin 1 [Power input, Line]
[label_dangling]: Label not connected
    ; error
    @(1305.58 mm, 323.23 mm): Label 'HUB_VDD18'
[pin_not_connected]: Pin not connected
    ; error
    @(1305.58 mm, 328.31 mm): Symbol #PWR1081 Pin 1 [Power input, Line]
[pin_not_connected]: Pin not connected
    ; error
    @(1313.20 mm, 305.45 mm): Symbol U12 Pin 1 [Pin_1, Passive, Line]
[pin_not_connected]: Pin not connected
    ; error
    @(1313.20 mm, 307.99 mm): Symbol U12 Pin 3 [Pin_3, Passive, Line]
[pin_not_connected]: Pin not connected
    ; error
    @(1313.20 mm, 310.53 mm): Symbol U12 Pin 5 [Pin_5, Passive, Line]
[pin_not_connected]: Pin not connected
    ; error
    @(1313.20 mm, 313.07 mm): Symbol U12 Pin 7 [Pin_7, Passive, Line]
[pin_not_connected]: Pin not connected
    ; error
    @(1313.20 mm, 315.61 mm): Symbol U12 Pin 9 [Pin_9, Passive, Line]
[pin_not_connected]: Pin not connected
    ; error
    @(1313.20 mm, 318.15 mm): Symbol U12 Pin 11 [Pin_11, Passive, Line]
[pin_not_connected]: Pin not connected
    ; error
    @(1313.20 mm, 320.69 mm): Symbol U12 Pin 13 [Pin_13, Passive, Line]
[pin_not_connected]: Pin not connected
    ; error
    @(1313.20 mm, 323.23 mm): Symbol U12 Pin 15 [Pin_15, Passive, Line]
[pin_not_connected]: Pin not connected
    ; error
    @(1313.20 mm, 325.77 mm): Symbol U12 Pin 17 [Pin_17, Passive, Line]
[pin_not_connected]: Pin not connected
    ; error
    @(1313.20 mm, 328.31 mm): Symbol U12 Pin 19 [Pin_19, Passive, Line]
[pin_not_connected]: Pin not connected
    ; error
    @(1313.20 mm, 330.85 mm): Symbol U12 Pin 21 [Pin_21, Passive, Line]
[pin_not_connected]: Pin not connected
    ; error
    @(1313.20 mm, 333.39 mm): Symbol U12 Pin 23 [Pin_23, Passive, Line]
[pin_not_connected]: Pin not connected
    ; error
    @(1313.20 mm, 335.93 mm): Symbol U12 Pin 25 [Pin_25, Passive, Line]
[pin_not_connected]: Pin not connected
    ; error
    @(1313.20 mm, 338.47 mm): Symbol U12 Pin 27 [Pin_27, Passive, Line]
[pin_not_connected]: Pin not connected
    ; error
    @(1313.20 mm, 341.01 mm): Symbol U12 Pin 29 [Pin_29, Passive, Line]
[pin_not_connected]: Pin not connected
    ; error
    @(1313.20 mm, 343.55 mm): Symbol U12 Pin 31 [Pin_31, Passive, Line]
[pin_not_connected]: Pin not connected
    ; error
    @(1325.90 mm, 305.45 mm): Symbol U12 Pin 2 [Pin_2, Passive, Line]
[pin_not_connected]: Pin not connected
    ; error
    @(1325.90 mm, 307.99 mm): Symbol U12 Pin 4 [Pin_4, Passive, Line]
[pin_not_connected]: Pin not connected
    ; error
    @(1325.90 mm, 310.53 mm): Symbol U12 Pin 6 [Pin_6, Passive, Line]
[pin_not_connected]: Pin not connected
    ; error
    @(1325.90 mm, 313.07 mm): Symbol U12 Pin 8 [Pin_8, Passive, Line]
[pin_not_connected]: Pin not connected
    ; error
    @(1325.90 mm, 315.61 mm): Symbol U12 Pin 10 [Pin_10, Passive, Line]
[pin_not_connected]: Pin not connected
    ; error
    @(1325.90 mm, 318.15 mm): Symbol U12 Pin 12 [Pin_12, Passive, Line]
[pin_not_connected]: Pin not connected
    ; error
    @(1325.90 mm, 320.69 mm): Symbol U12 Pin 14 [Pin_14, Passive, Line]
[pin_not_connected]: Pin not connected
    ; error
    @(1325.90 mm, 323.23 mm): Symbol U12 Pin 16 [Pin_16, Passive, Line]
[pin_not_connected]: Pin not connected
    ; error
    @(1325.90 mm, 325.77 mm): Symbol U12 Pin 18 [Pin_18, Passive, Line]
[pin_not_connected]: Pin not connected
    ; error
    @(1325.90 mm, 328.31 mm): Symbol U12 Pin 20 [Pin_20, Passive, Line]
[pin_not_connected]: Pin not connected
    ; error
    @(1325.90 mm, 330.85 mm): Symbol U12 Pin 22 [Pin_22, Passive, Line]
[pin_not_connected]: Pin not connected
    ; error
    @(1325.90 mm, 333.39 mm): Symbol U12 Pin 24 [Pin_24, Passive, Line]
[pin_not_connected]: Pin not connected
    ; error
    @(1325.90 mm, 335.93 mm): Symbol U12 Pin 26 [Pin_26, Passive, Line]
[pin_not_connected]: Pin not connected
    ; error
    @(1325.90 mm, 338.47 mm): Symbol U12 Pin 28 [Pin_28, Passive, Line]
[pin_not_connected]: Pin not connected
    ; error
    @(1325.90 mm, 341.01 mm): Symbol U12 Pin 30 [Pin_30, Passive, Line]
[pin_not_connected]: Pin not connected
    ; error
    @(1325.90 mm, 343.55 mm): Symbol U12 Pin 32 [Pin_32, Passive, Line]
[label_dangling]: Label not connected
    ; error
    @(1330.98 mm, 302.91 mm): Label 'HUB_D4P'
[label_dangling]: Label not connected
    ; error
    @(1330.98 mm, 305.45 mm): Label 'HUB_D4M'
[label_dangling]: Label not connected
    ; error
    @(1330.98 mm, 315.61 mm): Label 'J2_DM'
[label_dangling]: Label not connected
    ; error
    @(1330.98 mm, 318.15 mm): Label 'J2_DP'
[label_dangling]: Label not connected
    ; error
    @(1330.98 mm, 320.69 mm): Label 'USB_HUB_SS_RX_n'
[label_dangling]: Label not connected
    ; error
    @(1330.98 mm, 325.77 mm): Label 'USB_HUB_SS_TX_n'
[label_dangling]: Label not connected
    ; error
    @(1330.98 mm, 330.85 mm): Label 'HUB_XTAL'
[label_dangling]: Label not connected
    ; error
    @(1348.28 mm, 543.23 mm): Label 'DDIB_TXP0'
[label_dangling]: Label not connected
    ; error
    @(1348.28 mm, 550.85 mm): Label 'DDIB_TXN1'
[label_dangling]: Label not connected
    ; error
    @(1348.28 mm, 553.39 mm): Label 'DDIB_TXP2'
[label_dangling]: Label not connected
    ; error
    @(1348.28 mm, 558.47 mm): Label 'DDIB_TXP3'
[label_dangling]: Label not connected
    ; error
    @(1348.28 mm, 561.01 mm): Label 'DDIB_TXN3'
[label_dangling]: Label not connected
    ; error
    @(1348.28 mm, 563.55 mm): Label 'DDIB_AUXP'
[label_dangling]: Label not connected
    ; error
    @(1348.28 mm, 566.09 mm): Label 'DDIB_AUXN'
[label_dangling]: Label not connected
    ; error
    @(1348.28 mm, 568.63 mm): Label 'DDIB_HPD'
[label_dangling]: Label not connected
    ; error
    @(1348.28 mm, 593.23 mm): Label 'DDID_TXP0'
[label_dangling]: Label not connected
    ; error
    @(1348.28 mm, 603.39 mm): Label 'DDID_TXP2'
[label_dangling]: Label not connected
    ; error
    @(1348.28 mm, 605.93 mm): Label 'DDID_TXN2'
[label_dangling]: Label not connected
    ; error
    @(1348.28 mm, 608.47 mm): Label 'DDID_TXP3'
[label_dangling]: Label not connected
    ; error
    @(1348.28 mm, 611.01 mm): Label 'DDID_TXN3'
[label_dangling]: Label not connected
    ; error
    @(1348.28 mm, 613.55 mm): Label 'DDID_AUXP'
[label_dangling]: Label not connected
    ; error
    @(1348.28 mm, 618.63 mm): Label 'DDID_HPD'
[label_dangling]: Label not connected
    ; error
    @(1355.66 mm, 299.42 mm): Label '+5V'
[label_dangling]: Label not connected
    ; error
    @(1355.66 mm, 301.96 mm): Label 'HUB_D1M'
[label_dangling]: Label not connected
    ; error
    @(1355.66 mm, 304.50 mm): Label 'HUB_D1P'
[pin_not_connected]: Pin not connected
    ; error
    @(1355.66 mm, 309.58 mm): Symbol #PWR10097 Pin 1 [Power input, Line]
[label_dangling]: Label not connected
    ; error
    @(1355.66 mm, 321.96 mm): Label 'HUB_D2M'
[label_dangling]: Label not connected
    ; error
    @(1355.66 mm, 324.50 mm): Label 'HUB_D2P'
[pin_not_connected]: Pin not connected
    ; error
    @(1355.66 mm, 329.58 mm): Symbol #PWR10076 Pin 1 [Power input, Line]
[label_dangling]: Label not connected
    ; error
    @(1355.66 mm, 344.50 mm): Label 'HUB_D3P'
[pin_not_connected]: Pin not connected
    ; error
    @(1355.66 mm, 349.58 mm): Symbol #PWR09983 Pin 1 [Power input, Line]
[pin_not_connected]: Pin not connected
    ; error
    @(1355.66 mm, 369.58 mm): Symbol #PWR10057 Pin 1 [Power input, Line]
[pin_not_connected]: Pin not connected
    ; error
    @(1358.20 mm, 300.69 mm): Symbol J_USB_A1 Pin 1 [Pin_1, Passive, Line]
[pin_not_connected]: Pin not connected
    ; error
    @(1358.20 mm, 303.23 mm): Symbol J_USB_A1 Pin 2 [Pin_2, Passive, Line]
[pin_not_connected]: Pin not connected
    ; error
    @(1358.20 mm, 305.77 mm): Symbol J_USB_A1 Pin 3 [Pin_3, Passive, Line]
[pin_not_connected]: Pin not connected
    ; error
    @(1358.20 mm, 308.31 mm): Symbol J_USB_A1 Pin 4 [Pin_4, Passive, Line]
[pin_not_connected]: Pin not connected
    ; error
    @(1358.20 mm, 320.69 mm): Symbol J_USB_A2 Pin 1 [Pin_1, Passive, Line]
[pin_not_connected]: Pin not connected
    ; error
    @(1358.20 mm, 323.23 mm): Symbol J_USB_A2 Pin 2 [Pin_2, Passive, Line]
[pin_not_connected]: Pin not connected
    ; error
    @(1358.20 mm, 325.77 mm): Symbol J_USB_A2 Pin 3 [Pin_3, Passive, Line]
[pin_not_connected]: Pin not connected
    ; error
    @(1358.20 mm, 328.31 mm): Symbol J_USB_A2 Pin 4 [Pin_4, Passive, Line]
[pin_not_connected]: Pin not connected
    ; error
    @(1358.20 mm, 340.69 mm): Symbol J_USB_A3 Pin 1 [Pin_1, Passive, Line]
[pin_not_connected]: Pin not connected
    ; error
    @(1358.20 mm, 343.23 mm): Symbol J_USB_A3 Pin 2 [Pin_2, Passive, Line]
[pin_not_connected]: Pin not connected
    ; error
    @(1358.20 mm, 345.77 mm): Symbol J_USB_A3 Pin 3 [Pin_3, Passive, Line]
[pin_not_connected]: Pin not connected
    ; error
    @(1358.20 mm, 348.31 mm): Symbol J_USB_A3 Pin 4 [Pin_4, Passive, Line]
[pin_not_connected]: Pin not connected
    ; error
    @(1358.20 mm, 360.69 mm): Symbol J_USB_A4 Pin 1 [Pin_1, Passive, Line]
[pin_not_connected]: Pin not connected
    ; error
    @(1358.20 mm, 363.23 mm): Symbol J_USB_A4 Pin 2 [Pin_2, Passive, Line]
[pin_not_connected]: Pin not connected
    ; error
    @(1358.20 mm, 365.77 mm): Symbol J_USB_A4 Pin 3 [Pin_3, Passive, Line]
[pin_not_connected]: Pin not connected
    ; error
    @(1358.20 mm, 368.31 mm): Symbol J_USB_A4 Pin 4 [Pin_4, Passive, Line]
[label_dangling]: Label not connected
    ; error
    @(1373.28 mm, 385.77 mm): Label 'SPI_MOSI'
[pin_not_connected]: Pin not connected
    ; error
    @(1378.12 mm, 375.61 mm): Symbol U14 Pin 1 [~{CS}, Input, Line]
[pin_not_driven]: Input pin not driven by any Output pins
    ; error
    @(1378.12 mm, 375.61 mm): Symbol U14 Pin 1 [~{CS}, Input, Line]
[pin_not_connected]: Pin not connected
    ; error
    @(1378.12 mm, 378.15 mm): Symbol U14 Pin 6 [CLK, Input, Line]
[pin_not_driven]: Input pin not driven by any Output pins
    ; error
    @(1378.12 mm, 378.15 mm): Symbol U14 Pin 6 [CLK, Input, Line]
[pin_not_connected]: Pin not connected
    ; error
    @(1378.12 mm, 380.69 mm): Symbol U14 Pin 5 [DI/IO_{0}, Bidirectional, Line]
[pin_not_connected]: Pin not connected
    ; error
    @(1378.12 mm, 383.23 mm): Symbol U14 Pin 2 [DO/IO_{1}, Bidirectional, Line]
[pin_not_connected]: Pin not connected
    ; error
    @(1378.12 mm, 385.77 mm): Symbol U14 Pin 3 [~{WP}/IO_{2}, Bidirectional, Line]
[pin_not_connected]: Pin not connected
    ; error
    @(1378.12 mm, 388.31 mm): Symbol U14 Pin 7 [~{HOLD}/~{RESET}/IO_{3}, Bidirectional, Line]
[label_dangling]: Label not connected
    ; error
    @(1383.20 mm, 379.42 mm): Label 'EC_SPI_CS_N'
[label_dangling]: Label not connected
    ; error
    @(1383.20 mm, 381.96 mm): Label 'EC_SPI_MISO'
[pin_not_connected]: Pin not connected
    ; error
    @(1383.20 mm, 387.04 mm): Symbol #PWR09982 Pin 1 [Power input, Line]
[pin_not_connected]: Pin not connected
    ; error
    @(1383.20 mm, 389.58 mm): Symbol #PWR10012 Pin 1 [Power input, Line]
[pin_not_connected]: Pin not connected
    ; error
    @(1388.28 mm, 370.53 mm): Symbol U14 Pin 8 [VCC, Power input, Line]
[power_pin_not_driven]: Input Power pin not driven by any Output Power pins
    ; error
    @(1388.28 mm, 370.53 mm): Symbol U14 Pin 8 [VCC, Power input, Line]
[pin_not_connected]: Pin not connected
    ; error
    @(1388.28 mm, 395.93 mm): Symbol U14 Pin 4 [GND, Power input, Line]
[power_pin_not_driven]: Input Power pin not driven by any Output Power pins
    ; error
    @(1388.28 mm, 395.93 mm): Symbol U14 Pin 4 [GND, Power input, Line]
[pin_not_connected]: Pin not connected
    ; error
    @(1390.82 mm, 395.93 mm): Symbol U14 Pin 9 [EP, Passive, Line]
[pin_not_connected]: Pin not connected
    ; error
    @(1393.36 mm, 379.42 mm): Symbol #PWR09976 Pin 1 [Power input, Line]
[pin_not_connected]: Pin not connected
    ; error
    @(1393.36 mm, 381.96 mm): Symbol #PWR10069 Pin 1 [Power input, Line]
[label_dangling]: Label not connected
    ; error
    @(1393.36 mm, 384.50 mm): Label 'EC_SPI_CLK'
[pin_not_connected]: Pin not connected
    ; error
    @(1402.09 mm, 300.37 mm): Symbol C40 Pin 2 [Passive, Line]
[pin_not_connected]: Pin not connected
    ; error
    @(1402.09 mm, 379.42 mm): Symbol C38 Pin 2 [Passive, Line]
[pin_not_connected]: Pin not connected
    ; error
    @(1402.09 mm, 381.96 mm): Symbol #PWR10054 Pin 1 [Power input, Line]
[pin_not_connected]: Pin not connected
    ; error
    @(1410.50 mm, 300.37 mm): Symbol U13 Pin 1 [VCC3, Power input, Line]
[power_pin_not_driven]: Input Power pin not driven by any Output Power pins
    ; error
    @(1410.50 mm, 300.37 mm): Symbol U13 Pin 1 [VCC3, Power input, Line]
[pin_not_connected]: Pin not connected
    ; error
    @(1410.50 mm, 302.91 mm): Symbol U13 Pin 2 [VCCIO, Power input, Line]
[power_pin_not_driven]: Input Power pin not driven by any Output Power pins
    ; error
    @(1410.50 mm, 302.91 mm): Symbol U13 Pin 2 [VCCIO, Power input, Line]
[pin_not_connected]: Pin not connected
    ; error
    @(1410.50 mm, 305.45 mm): Symbol U13 Pin 3 [GND_1, Power input, Line]
[power_pin_not_driven]: Input Power pin not driven by any Output Power pins
    ; error
    @(1410.50 mm, 305.45 mm): Symbol U13 Pin 3 [GND_1, Power input, Line]
[pin_not_connected]: Pin not connected
    ; error
    @(1410.50 mm, 307.99 mm): Symbol U13 Pin 4 [GND_2, Power input, Line]
[power_pin_not_driven]: Input Power pin not driven by any Output Power pins
    ; error
    @(1410.50 mm, 307.99 mm): Symbol U13 Pin 4 [GND_2, Power input, Line]
[pin_not_driven]: Input pin not driven by any Output pins
    ; error
    @(1410.50 mm, 310.53 mm): Symbol U13 Pin 5 [LCLK, Input, Line]
[pin_not_driven]: Input pin not driven by any Output pins
    ; error
    @(1410.50 mm, 313.07 mm): Symbol U13 Pin 6 [LRESET_N, Input, Line]
[pin_not_driven]: Input pin not driven by any Output pins
    ; error
    @(1410.50 mm, 315.61 mm): Symbol U13 Pin 7 [LFRAME_N, Input, Line]
[label_dangling]: Label not connected
    ; error
    @(1410.50 mm, 333.39 mm): Label 'EC_SPI_MOSI'
[pin_not_connected]: Pin not connected
    ; error
    @(1413.20 mm, 403.23 mm): Symbol BT1 Pin 1 [+, Power output, Line]
[pin_not_connected]: Pin not connected
    ; error
    @(1414.47 mm, 420.23 mm): Symbol X2 Pin 1 [1, Passive, Line]
[pin_not_connected]: Pin not connected
    ; error
    @(1418.28 mm, 375.42 mm): Symbol R31 Pin 1 [Passive, Line]
[pin_not_connected]: Pin not connected
    ; error
    @(1418.28 mm, 383.04 mm): Symbol R31 Pin 2 [Passive, Line]
[pin_not_connected]: Pin not connected
    ; error
    @(1422.09 mm, 420.23 mm): Symbol X2 Pin 2 [2, Passive, Line]
[pin_not_connected]: Pin not connected
    ; error
    @(1423.36 mm, 403.23 mm): Symbol BT1 Pin 2 [-, Power input, Line]
[power_pin_not_driven]: Input Power pin not driven by any Output Power pins
    ; error
    @(1423.36 mm, 403.23 mm): Symbol BT1 Pin 2 [-, Power input, Line]
[missing_power_pin]: Symbol U13 has input power pins in units [ C, D ] that are not placed
    ; error
    @(1428.28 mm, 323.23 mm): Symbol U13 [IT8528E]
[label_dangling]: Label not connected
    ; error
    @(1428.28 mm, 545.77 mm): Label 'DDIB_TXN0'
[label_dangling]: Label not connected
    ; error
    @(1428.28 mm, 548.31 mm): Label 'DDIB_TXP1'
[label_dangling]: Label not connected
    ; error
    @(1428.28 mm, 555.93 mm): Label 'DDIB_TXN2'
[label_dangling]: Label not connected
    ; error
    @(1428.28 mm, 595.77 mm): Label 'DDID_TXN0'
[label_dangling]: Label not connected
    ; error
    @(1428.28 mm, 598.31 mm): Label 'DDID_TXP1'
[label_dangling]: Label not connected
    ; error
    @(1428.28 mm, 600.85 mm): Label 'DDID_TXN1'
[label_dangling]: Label not connected
    ; error
    @(1428.28 mm, 621.17 mm): Label 'DDID_AUXN'
[pin_not_connected]: Pin not connected
    ; error
    @(1438.28 mm, 375.42 mm): Symbol R32 Pin 1 [Passive, Line]
[pin_not_connected]: Pin not connected
    ; error
    @(1438.28 mm, 383.04 mm): Symbol R32 Pin 2 [Passive, Line]
[pin_not_connected]: Pin not connected
    ; error
    @(1438.28 mm, 416.42 mm): Symbol C39 Pin 1 [Passive, Line]
[pin_not_connected]: Pin not connected
    ; error
    @(1438.28 mm, 424.04 mm): Symbol C39 Pin 2 [Passive, Line]
[pin_not_driven]: Input pin not driven by any Output pins
    ; error
    @(1446.06 mm, 305.45 mm): Symbol U13 Pin 15 [PWRGD, Input, Line]
[pin_not_driven]: Input pin not driven by any Output pins
    ; error
    @(1446.06 mm, 307.99 mm): Symbol U13 Pin 16 [SUS_CLK, Input, Line]
[pin_not_driven]: Input pin not driven by any Output pins
    ; error
    @(1446.06 mm, 313.07 mm): Symbol U13 Pin 18 [SWI_N, Input, Line]
[label_dangling]: Label not connected
    ; error
    @(1446.06 mm, 333.39 mm): Label 'EC_GPIO2'
[label_dangling]: Label not connected
    ; error
    @(1446.06 mm, 338.47 mm): Label 'EC_GPIO4'
[label_dangling]: Label not connected
    ; error
    @(1446.06 mm, 343.55 mm): Label 'EC_GPIO6'
[label_dangling]: Label not connected
    ; error
    @(1446.06 mm, 346.09 mm): Label 'EC_GPIO7'
[label_dangling]: Label not connected
    ; error
    @(1453.20 mm, 299.42 mm): Label 'FAN1_PWM'
[pin_not_connected]: Pin not connected
    ; error
    @(1453.20 mm, 300.69 mm): Symbol J_FAN1 Pin 1 [Pin_1, Passive, Line]
[label_dangling]: Label not connected
    ; error
    @(1453.20 mm, 301.96 mm): Label 'FAN1_TACH'
[pin_not_connected]: Pin not connected
    ; error
    @(1453.20 mm, 303.23 mm): Symbol J_FAN1 Pin 2 [Pin_2, Passive, Line]
[pin_not_connected]: Pin not connected
    ; error
    @(1453.20 mm, 304.50 mm): Symbol #PWR10089 Pin 1 [Power input, Line]
[pin_not_connected]: Pin not connected
    ; error
    @(1453.20 mm, 305.77 mm): Symbol J_FAN1 Pin 3 [Pin_3, Passive, Line]
[pin_not_connected]: Pin not connected
    ; error
    @(1453.20 mm, 308.31 mm): Symbol J_FAN1 Pin 4 [Pin_4, Passive, Line]
[pin_not_connected]: Pin not connected
    ; error
    @(1453.20 mm, 309.58 mm): Symbol #PWR10025 Pin 1 [Power input, Line]
[label_dangling]: Label not connected
    ; error
    @(1453.20 mm, 319.42 mm): Label 'FAN2_PWM'
[pin_not_connected]: Pin not connected
    ; error
    @(1453.20 mm, 320.69 mm): Symbol J_FAN2 Pin 1 [Pin_1, Passive, Line]
[label_dangling]: Label not connected
    ; error
    @(1453.20 mm, 321.96 mm): Label 'FAN2_TACH'
[pin_not_connected]: Pin not connected
    ; error
    @(1453.20 mm, 323.23 mm): Symbol J_FAN2 Pin 2 [Pin_2, Passive, Line]
[pin_not_connected]: Pin not connected
    ; error
    @(1453.20 mm, 324.50 mm): Symbol #PWR0341 Pin 1 [Power input, Line]
[pin_not_connected]: Pin not connected
    ; error
    @(1453.20 mm, 325.77 mm): Symbol J_FAN2 Pin 3 [Pin_3, Passive, Line]
[pin_not_connected]: Pin not connected
    ; error
    @(1453.20 mm, 328.31 mm): Symbol J_FAN2 Pin 4 [Pin_4, Passive, Line]
[pin_not_connected]: Pin not connected
    ; error
    @(1453.20 mm, 329.58 mm): Symbol #PWR10029 Pin 1 [Power input, Line]
[label_dangling]: Label not connected
    ; error
    @(1453.20 mm, 351.96 mm): Label 'PWRBTN_N'
[pin_not_connected]: Pin not connected
    ; error
    @(1453.20 mm, 353.23 mm): Symbol J_PWR_BTN1 Pin 1 [Pin_1, Passive, Line]
[pin_not_connected]: Pin not connected
    ; error
    @(1453.20 mm, 355.77 mm): Symbol J_PWR_BTN1 Pin 2 [Pin_2, Passive, Line]
[pin_not_connected]: Pin not connected
    ; error
    @(1453.20 mm, 357.04 mm): Symbol #PWR09997 Pin 1 [Power input, Line]
[pin_not_connected]: Pin not connected
    ; error
    @(1453.28 mm, 334.42 mm): Symbol C78 Pin 1 [Passive, Line]
[pin_not_connected]: Pin not connected
    ; error
    @(1453.28 mm, 340.77 mm): Symbol #PWR0260 Pin 1 [Power input, Line]
[pin_not_connected]: Pin not connected
    ; error
    @(1453.28 mm, 342.04 mm): Symbol C78 Pin 2 [Passive, Line]
[pin_not_connected]: Pin not connected
    ; error
    @(1453.28 mm, 346.42 mm): Symbol C79 Pin 1 [Passive, Line]
[pin_not_connected]: Pin not connected
    ; error
    @(1453.28 mm, 352.77 mm): Symbol #PWR0261 Pin 1 [Power input, Line]
[pin_not_connected]: Pin not connected
    ; error
    @(1453.28 mm, 354.04 mm): Symbol C79 Pin 2 [Passive, Line]
[pin_not_connected]: Pin not connected
    ; error
    @(1453.28 mm, 358.42 mm): Symbol C80 Pin 1 [Passive, Line]
[pin_not_connected]: Pin not connected
    ; error
    @(1453.28 mm, 364.77 mm): Symbol #PWR0262 Pin 1 [Power input, Line]
[pin_not_connected]: Pin not connected
    ; error
    @(1453.28 mm, 366.04 mm): Symbol C80 Pin 2 [Passive, Line]
[label_dangling]: Label not connected
    ; error
    @(1458.28 mm, 325.77 mm): Label 'LFRAME_n'
[label_dangling]: Label not connected
    ; error
    @(1458.28 mm, 328.31 mm): Label 'LPC_AD0'
[label_dangling]: Label not connected
    ; error
    @(1458.28 mm, 333.39 mm): Label 'LPC_AD2'
[label_dangling]: Label not connected
    ; error
    @(1458.28 mm, 341.01 mm): Label 'RSMRST_n'
[label_dangling]: Label not connected
    ; error
    @(1458.28 mm, 343.55 mm): Label 'PWRBTN_n'
[label_dangling]: Label not connected
    ; error
    @(1458.28 mm, 348.63 mm): Label 'SUS_S5_n'
[label_dangling]: Label not connected
    ; error
    @(1458.28 mm, 393.73 mm): Label 'SCI_N'
[label_dangling]: Label not connected
    ; error
    @(1458.28 mm, 398.73 mm): Label 'EC_CLKOUT'
[label_dangling]: Label not connected
    ; error
    @(1478.28 mm, 295.23 mm): Label '+5VSB'
[label_dangling]: Label not connected
    ; error
    @(1478.28 mm, 333.23 mm): Label 'J_FAN4_PWM'
[label_dangling]: Label not connected
    ; error
    @(1478.28 mm, 335.77 mm): Label 'J_FAN4_TACH'
[label_dangling]: Label not connected
    ; error
    @(1478.28 mm, 345.77 mm): Label 'J_FAN5_TACH'
[label_dangling]: Label not connected
    ; error
    @(1478.28 mm, 360.77 mm): Label 'RST_BTN_N'
[label_dangling]: Label not connected
    ; error
    @(1478.28 mm, 365.85 mm): Label 'MSG_LED_A'
[label_dangling]: Label not connected
    ; error
    @(1478.28 mm, 370.93 mm): Label 'BAT_EN'
[label_dangling]: Label not connected
    ; error
    @(1478.28 mm, 373.47 mm): Label 'BAT_PWR_GOOD'
[label_dangling]: Label not connected
    ; error
    @(1478.28 mm, 376.01 mm): Label 'HDMI1_MUX_SEL'
[label_dangling]: Label not connected
    ; error
    @(1478.28 mm, 378.55 mm): Label 'HDMI2_MUX_SEL'
[label_dangling]: Label not connected
    ; error
    @(1478.28 mm, 381.09 mm): Label 'LRESET_n'
[label_dangling]: Label not connected
    ; error
    @(1478.28 mm, 383.63 mm): Label 'KBRST_n'
[label_dangling]: Label not connected
    ; error
    @(1478.28 mm, 386.17 mm): Label 'THRM_n'
[label_dangling]: Label not connected
    ; error
    @(1478.28 mm, 388.23 mm): Label 'SCI_n'
[label_dangling]: Label not connected
    ; error
    @(1478.28 mm, 388.71 mm): Label 'EC_GPIO0'
[label_dangling]: Label not connected
    ; error
    @(1478.28 mm, 408.31 mm): Label 'TPM_MISO'
[label_dangling]: Label not connected
    ; error
    @(1478.28 mm, 421.01 mm): Label 'ETH_MDIO'
[label_dangling]: Label not connected
    ; error
    @(1478.28 mm, 428.23 mm): Label 'HDMI1_I2C_SCL'
[label_dangling]: Label not connected
    ; error
    @(1478.28 mm, 428.63 mm): Label 'PRSNT2_n'
[label_dangling]: Label not connected
    ; error
    @(1478.28 mm, 438.23 mm): Label 'HDMI2_I2C_SCL'
[label_dangling]: Label not connected
    ; error
    @(1478.28 mm, 440.77 mm): Label 'HDMI2_I2C_SDA'
[label_dangling]: Label not connected
    ; error
    @(1478.28 mm, 445.77 mm): Label 'SMB_DAT'
[label_dangling]: Label not connected
    ; error
    @(1478.28 mm, 518.31 mm): Label 'BOARD_ID2'
[label_dangling]: Label not connected
    ; error
    @(1483.28 mm, 445.77 mm): Label 'EC_GPIO1'
[label_dangling]: Label not connected
    ; error
    @(1483.28 mm, 450.85 mm): Label 'EC_GPIO3'
[label_dangling]: Label not connected
    ; error
    @(1483.28 mm, 455.93 mm): Label 'EC_GPIO5'
[label_dangling]: Label not connected
    ; error
    @(1483.28 mm, 465.73 mm): Label 'DDR5_ALERT_D4_N'
[label_dangling]: Label not connected
    ; error
    @(1483.28 mm, 468.23 mm): Label 'PWR_LED_N'
[label_dangling]: Label not connected
    ; error
    @(1490.66 mm, 493.23 mm): Label 'BOARD_ID0'
[pin_not_connected]: Pin not connected
    ; error
    @(1498.28 mm, 489.42 mm): Symbol R87 Pin 1 [Passive, Line]
[pin_not_connected]: Pin not connected
    ; error
    @(1498.28 mm, 497.04 mm): Symbol R87 Pin 2 [Passive, Line]
[label_dangling]: Label not connected
    ; error
    @(1505.90 mm, 493.23 mm): Label 'BOARD_ID1'
[pin_not_connected]: Pin not connected
    ; error
    @(1505.90 mm, 498.31 mm): Symbol #PWR4527 Pin 1 [Power input, Line]
[pin_not_connected]: Pin not connected
    ; error
    @(1513.52 mm, 489.42 mm): Symbol R88 Pin 1 [Passive, Line]
[pin_not_connected]: Pin not connected
    ; error
    @(1513.52 mm, 497.04 mm): Symbol R88 Pin 2 [Passive, Line]
[pin_not_connected]: Pin not connected
    ; error
    @(1521.14 mm, 498.31 mm): Symbol #PWR10043 Pin 1 [Power input, Line]
[pin_not_connected]: Pin not connected
    ; error
    @(1528.76 mm, 489.42 mm): Symbol R89 Pin 1 [Passive, Line]
[pin_not_connected]: Pin not connected
    ; error
    @(1528.76 mm, 497.04 mm): Symbol R89 Pin 2 [Passive, Line]
[pin_not_connected]: Pin not connected
    ; error
    @(1531.28 mm, 326.42 mm): Symbol C76 Pin 1 [Passive, Line]
[pin_not_connected]: Pin not connected
    ; error
    @(1531.28 mm, 327.69 mm): Symbol #PWR0271 Pin 1 [~, Power input, Line]
[power_pin_not_driven]: Input Power pin not driven by any Output Power pins
    ; error
    @(1531.28 mm, 327.69 mm): Symbol #PWR0271 Pin 1 [~, Power input, Line]
[pin_not_connected]: Pin not connected
    ; error
    @(1531.28 mm, 332.77 mm): Symbol #PWR0263 Pin 1 [Power input, Line]
[pin_not_connected]: Pin not connected
    ; error
    @(1531.28 mm, 334.04 mm): Symbol C76 Pin 2 [Passive, Line]
[pin_not_connected]: Pin not connected
    ; error
    @(1535.80 mm, 323.23 mm): Symbol #PWR0272 Pin 1 [~, Power input, Line]
[pin_not_connected]: Pin not connected
    ; error
    @(1536.38 mm, 498.31 mm): Symbol #PWR10065 Pin 1 [Power input, Line]
[pin_not_connected]: Pin not connected
    ; error
    @(1538.28 mm, 471.42 mm): Symbol C68 Pin 1 [Passive, Line]
[pin_not_connected]: Pin not connected
    ; error
    @(1538.28 mm, 479.04 mm): Symbol C68 Pin 2 [Passive, Line]
[pin_not_connected]: Pin not connected
    ; error
    @(1540.66 mm, 293.23 mm): Symbol #PWR10133 Pin 1 [Power input, Line]
[pin_not_connected]: Pin not connected
    ; error
    @(1540.66 mm, 295.77 mm): Symbol #PWR10130 Pin 1 [Power input, Line]
[pin_not_connected]: Pin not connected
    ; error
    @(1540.66 mm, 298.31 mm): Symbol #PWR10101 Pin 1 [Power input, Line]
[label_dangling]: Label not connected
    ; error
    @(1540.66 mm, 300.85 mm): Label 'CNV_BRI_DT_P'
[label_dangling]: Label not connected
    ; error
    @(1540.66 mm, 308.47 mm): Label 'CNV_BRI_RSP_N'
[label_dangling]: Label not connected
    ; error
    @(1540.66 mm, 313.55 mm): Label 'WIFI_RF_KILL_N'
[pin_not_connected]: Pin not connected
    ; error
    @(1540.66 mm, 445.77 mm): Symbol #PWR10110 Pin 1 [Power input, Line]
[pin_not_connected]: Pin not connected
    ; error
    @(1540.66 mm, 600.69 mm): Symbol #PWR10126 Pin 1 [Power input, Line]
[pin_not_connected]: Pin not connected
    ; error
    @(1540.66 mm, 608.31 mm): Symbol #PWR10099 Pin 1 [Power input, Line]
[pin_not_connected]: Pin not connected
    ; error
    @(1540.66 mm, 650.69 mm): Symbol #PWR10141 Pin 1 [Power input, Line]
[pin_not_connected]: Pin not connected
    ; error
    @(1540.66 mm, 658.31 mm): Symbol #PWR10140 Pin 1 [Power input, Line]
[pin_not_connected]: Pin not connected
    ; error
    @(1543.20 mm, 440.69 mm): Symbol J_BAT1 Pin 1 [Pin_1, Passive, Line]
[pin_not_connected]: Pin not connected
    ; error
    @(1543.20 mm, 443.23 mm): Symbol J_BAT1 Pin 2 [Pin_2, Passive, Line]
[pin_not_connected]: Pin not connected
    ; error
    @(1543.20 mm, 445.77 mm): Symbol J_BAT1 Pin 3 [Pin_3, Passive, Line]
[pin_not_connected]: Pin not connected
    ; error
    @(1543.20 mm, 448.31 mm): Symbol J_BAT1 Pin 4 [Pin_4, Passive, Line]
[pin_not_connected]: Pin not connected
    ; error
    @(1546.28 mm, 471.42 mm): Symbol C69 Pin 1 [Passive, Line]
[pin_not_connected]: Pin not connected
    ; error
    @(1546.28 mm, 479.04 mm): Symbol C69 Pin 2 [Passive, Line]
[pin_not_connected]: Pin not connected
    ; error
    @(1548.28 mm, 335.77 mm): Symbol #PWR0264 Pin 1 [Power input, Line]
[pin_not_connected]: Pin not connected
    ; error
    @(1548.28 mm, 549.42 mm): Symbol R51 Pin 1 [Passive, Line]
[pin_not_connected]: Pin not connected
    ; error
    @(1548.28 mm, 557.04 mm): Symbol R51 Pin 2 [Passive, Line]
[pin_not_connected]: Pin not connected
    ; error
    @(1554.28 mm, 471.42 mm): Symbol C70 Pin 1 [Passive, Line]
[pin_not_connected]: Pin not connected
    ; error
    @(1554.28 mm, 479.04 mm): Symbol C70 Pin 2 [Passive, Line]
[pin_not_connected]: Pin not connected
    ; error
    @(1562.28 mm, 471.42 mm): Symbol C71 Pin 1 [Passive, Line]
[pin_not_connected]: Pin not connected
    ; error
    @(1562.28 mm, 479.04 mm): Symbol C71 Pin 2 [Passive, Line]
[pin_not_connected]: Pin not connected
    ; error
    @(1565.28 mm, 326.42 mm): Symbol C77 Pin 1 [Passive, Line]
[pin_not_connected]: Pin not connected
    ; error
    @(1565.28 mm, 332.77 mm): Symbol #PWR0265 Pin 1 [Power input, Line]
[pin_not_connected]: Pin not connected
    ; error
    @(1565.28 mm, 334.04 mm): Symbol C77 Pin 2 [Passive, Line]
[pin_not_connected]: Pin not connected
    ; error
    @(1568.60 mm, 293.23 mm): Symbol #PWR10127 Pin 1 [Power input, Line]
[pin_not_connected]: Pin not connected
    ; error
    @(1568.60 mm, 295.77 mm): Symbol #PWR10100 Pin 1 [Power input, Line]
[label_dangling]: Label not connected
    ; error
    @(1568.60 mm, 303.39 mm): Label 'CNV_RGI_DT_N'
[label_dangling]: Label not connected
    ; error
    @(1568.60 mm, 305.93 mm): Label 'CNV_RGI_RSP_P'
[label_dangling]: Label not connected
    ; error
    @(1568.60 mm, 308.47 mm): Label 'CNV_RGI_RSP_N'
[label_dangling]: Label not connected
    ; error
    @(1570.66 mm, 553.23 mm): Label 'VREFCA_DDR4'
[pin_not_connected]: Pin not connected
    ; error
    @(1570.66 mm, 600.69 mm): Symbol #PWR10134 Pin 1 [Power input, Line]
[pin_not_connected]: Pin not connected
    ; error
    @(1570.66 mm, 608.31 mm): Symbol #PWR10123 Pin 1 [Power input, Line]
[pin_not_connected]: Pin not connected
    ; error
    @(1570.66 mm, 650.69 mm): Symbol #PWR10139 Pin 1 [Power input, Line]
[pin_not_connected]: Pin not connected
    ; error
    @(1570.66 mm, 658.31 mm): Symbol #PWR10129 Pin 1 [Power input, Line]
[pin_not_connected]: Pin not connected
    ; error
    @(1578.28 mm, 549.42 mm): Symbol R52 Pin 1 [Passive, Line]
[pin_not_connected]: Pin not connected
    ; error
    @(1578.28 mm, 557.04 mm): Symbol R52 Pin 2 [Passive, Line]
[pin_not_connected]: Pin not connected
    ; error
    @(1578.28 mm, 599.42 mm): Symbol C55 Pin 1 [Passive, Line]
[pin_not_connected]: Pin not connected
    ; error
    @(1578.28 mm, 607.04 mm): Symbol C55 Pin 2 [Passive, Line]
[pin_not_connected]: Pin not connected
    ; error
    @(1578.28 mm, 649.42 mm): Symbol C57 Pin 1 [Passive, Line]
[pin_not_connected]: Pin not connected
    ; error
    @(1578.28 mm, 657.04 mm): Symbol C57 Pin 2 [Passive, Line]
[pin_not_connected]: Pin not connected
    ; error
    @(1585.90 mm, 555.77 mm): Symbol #PWR10118 Pin 1 [Power input, Line]
[pin_not_connected]: Pin not connected
    ; error
    @(1590.74 mm, 290.69 mm): Symbol #PWR10131 Pin 1 [Power input, Line]
[pin_not_connected]: Pin not connected
    ; error
    @(1590.74 mm, 298.31 mm): Symbol #PWR10121 Pin 1 [Power input, Line]
[pin_not_connected]: Pin not connected
    ; error
    @(1590.74 mm, 305.69 mm): Symbol #PWR10122 Pin 1 [Power input, Line]
[pin_not_connected]: Pin not connected
    ; error
    @(1590.74 mm, 313.31 mm): Symbol #PWR10107 Pin 1 [Power input, Line]
[pin_not_connected]: Pin not connected
    ; error
    @(1593.28 mm, 289.42 mm): Symbol C52 Pin 1 [Passive, Line]
[pin_not_connected]: Pin not connected
    ; error
    @(1593.28 mm, 297.04 mm): Symbol C52 Pin 2 [Passive, Line]
[pin_not_connected]: Pin not connected
    ; error
    @(1593.28 mm, 304.42 mm): Symbol C53 Pin 1 [Passive, Line]
[pin_not_connected]: Pin not connected
    ; error
    @(1593.28 mm, 312.04 mm): Symbol C53 Pin 2 [Passive, Line]
[label_dangling]: Label not connected
    ; error
    @(1595.66 mm, 603.23 mm): Label 'VDDQ_DDR5'
[pin_not_connected]: Pin not connected
    ; error
    @(1595.66 mm, 608.31 mm): Symbol #PWR10106 Pin 1 [Power input, Line]
[label_dangling]: Label not connected
    ; error
    @(1595.66 mm, 653.23 mm): Label 'VPP_DDR5'
[pin_not_connected]: Pin not connected
    ; error
    @(1595.66 mm, 658.31 mm): Symbol #PWR10137 Pin 1 [Power input, Line]
[pin_not_connected]: Pin not connected
    ; error
    @(1600.66 mm, 558.31 mm): Symbol #PWR10103 Pin 1 [Power input, Line]
[pin_not_connected]: Pin not connected
    ; error
    @(1603.28 mm, 599.42 mm): Symbol C56 Pin 1 [Passive, Line]
[pin_not_connected]: Pin not connected
    ; error
    @(1603.28 mm, 607.04 mm): Symbol C56 Pin 2 [Passive, Line]
[pin_not_connected]: Pin not connected
    ; error
    @(1603.28 mm, 649.42 mm): Symbol C58 Pin 1 [Passive, Line]
[pin_not_connected]: Pin not connected
    ; error
    @(1603.28 mm, 657.04 mm): Symbol C58 Pin 2 [Passive, Line]
[pin_not_connected]: Pin not connected
    ; error
    @(1608.20 mm, 293.23 mm): Symbol J_ANT1 Pin 1 [Pin_1, Passive, Line]
[pin_not_connected]: Pin not connected
    ; error
    @(1608.20 mm, 295.77 mm): Symbol J_ANT1 Pin 2 [Pin_2, Passive, Line]
[pin_not_connected]: Pin not connected
    ; error
    @(1608.20 mm, 313.23 mm): Symbol J_ANT2 Pin 1 [Pin_1, Passive, Line]
[pin_not_connected]: Pin not connected
    ; error
    @(1608.20 mm, 315.77 mm): Symbol J_ANT2 Pin 2 [Pin_2, Passive, Line]
[pin_not_connected]: Pin not connected
    ; error
    @(1608.20 mm, 333.23 mm): Symbol J_ANT3 Pin 1 [Pin_1, Passive, Line]
[pin_not_connected]: Pin not connected
    ; error
    @(1608.20 mm, 335.77 mm): Symbol J_ANT3 Pin 2 [Pin_2, Passive, Line]
[label_dangling]: Label not connected
    ; error
    @(1608.28 mm, 293.23 mm): Label 'WIFI_ANT_MAIN'
[pin_not_connected]: Pin not connected
    ; error
    @(1608.28 mm, 295.77 mm): Symbol #PWR10108 Pin 1 [Power input, Line]
[pin_not_connected]: Pin not connected
    ; error
    @(1608.28 mm, 315.77 mm): Symbol #PWR10113 Pin 1 [Power input, Line]
[label_dangling]: Label not connected
    ; error
    @(1608.28 mm, 333.23 mm): Label 'BT_ANT'
[pin_not_connected]: Pin not connected
    ; error
    @(1608.28 mm, 335.77 mm): Symbol #PWR10119 Pin 1 [Power input, Line]
[pin_not_connected]: Pin not connected
    ; error
    @(1608.28 mm, 549.42 mm): Symbol C54 Pin 1 [Passive, Line]
[pin_not_connected]: Pin not connected
    ; error
    @(1608.28 mm, 557.04 mm): Symbol C54 Pin 2 [Passive, Line]
[pin_not_connected]: Pin not connected
    ; error
    @(1638.28 mm, 599.42 mm): Symbol R53 Pin 1 [Passive, Line]
[pin_not_connected]: Pin not connected
    ; error
    @(1638.28 mm, 607.04 mm): Symbol R53 Pin 2 [Passive, Line]
[label_dangling]: Label not connected
    ; error
    @(1660.66 mm, 603.23 mm): Label 'VREFCA_DDR5'
[pin_not_connected]: Pin not connected
    ; error
    @(1668.28 mm, 599.42 mm): Symbol R54 Pin 1 [Passive, Line]
[pin_not_connected]: Pin not connected
    ; error
    @(1668.28 mm, 607.04 mm): Symbol R54 Pin 2 [Passive, Line]
[pin_not_connected]: Pin not connected
    ; error
    @(1675.90 mm, 605.77 mm): Symbol #PWR10117 Pin 1 [Power input, Line]
[label_dangling]: Label not connected
    ; error
    @(1680.66 mm, 300.85 mm): Label 'TB4_CAM1_TX_N1'
[label_dangling]: Label not connected
    ; error
    @(1680.66 mm, 305.93 mm): Label 'TB4_CAM1_TX_N2'
[label_dangling]: Label not connected
    ; error
    @(1680.66 mm, 313.55 mm): Label 'TB4_CAM1_USB_D_P'
[label_dangling]: Label not connected
    ; error
    @(1680.66 mm, 316.09 mm): Label 'TB4_CAM1_CLKREQ_N'
[pin_not_connected]: Pin not connected
    ; error
    @(1680.66 mm, 318.63 mm): Symbol #PWR10135 Pin 1 [Power input, Line]
[pin_not_connected]: Pin not connected
    ; error
    @(1683.20 mm, 280.53 mm): Symbol J_CAM1 Pin 1 [Pin_1, Passive, Line]
[pin_not_connected]: Pin not connected
    ; error
    @(1683.20 mm, 283.07 mm): Symbol J_CAM1 Pin 3 [Pin_3, Passive, Line]
[pin_not_connected]: Pin not connected
    ; error
    @(1683.20 mm, 285.61 mm): Symbol J_CAM1 Pin 5 [Pin_5, Passive, Line]
[pin_not_connected]: Pin not connected
    ; error
    @(1683.20 mm, 288.15 mm): Symbol J_CAM1 Pin 7 [Pin_7, Passive, Line]
[pin_not_connected]: Pin not connected
    ; error
    @(1683.20 mm, 290.69 mm): Symbol J_CAM1 Pin 9 [Pin_9, Passive, Line]
[pin_not_connected]: Pin not connected
    ; error
    @(1683.20 mm, 293.23 mm): Symbol J_CAM1 Pin 11 [Pin_11, Passive, Line]
[pin_not_connected]: Pin not connected
    ; error
    @(1683.20 mm, 295.77 mm): Symbol J_CAM1 Pin 13 [Pin_13, Passive, Line]
[pin_not_connected]: Pin not connected
    ; error
    @(1683.20 mm, 298.31 mm): Symbol J_CAM1 Pin 15 [Pin_15, Passive, Line]
[pin_not_connected]: Pin not connected
    ; error
    @(1683.20 mm, 300.85 mm): Symbol J_CAM1 Pin 17 [Pin_17, Passive, Line]
[pin_not_connected]: Pin not connected
    ; error
    @(1683.20 mm, 303.39 mm): Symbol J_CAM1 Pin 19 [Pin_19, Passive, Line]
[pin_not_connected]: Pin not connected
    ; error
    @(1683.20 mm, 305.93 mm): Symbol J_CAM1 Pin 21 [Pin_21, Passive, Line]
[pin_not_connected]: Pin not connected
    ; error
    @(1683.20 mm, 308.47 mm): Symbol J_CAM1 Pin 23 [Pin_23, Passive, Line]
[pin_not_connected]: Pin not connected
    ; error
    @(1690.66 mm, 608.31 mm): Symbol #PWR10112 Pin 1 [Power input, Line]
[pin_not_connected]: Pin not connected
    ; error
    @(1695.90 mm, 280.53 mm): Symbol J_CAM1 Pin 2 [Pin_2, Passive, Line]
[pin_not_connected]: Pin not connected
    ; error
    @(1695.90 mm, 283.07 mm): Symbol J_CAM1 Pin 4 [Pin_4, Passive, Line]
[pin_not_connected]: Pin not connected
    ; error
    @(1695.90 mm, 285.61 mm): Symbol J_CAM1 Pin 6 [Pin_6, Passive, Line]
[pin_not_connected]: Pin not connected
    ; error
    @(1695.90 mm, 288.15 mm): Symbol J_CAM1 Pin 8 [Pin_8, Passive, Line]
[pin_not_connected]: Pin not connected
    ; error
    @(1695.90 mm, 290.69 mm): Symbol J_CAM1 Pin 10 [Pin_10, Passive, Line]
[pin_not_connected]: Pin not connected
    ; error
    @(1695.90 mm, 293.23 mm): Symbol J_CAM1 Pin 12 [Pin_12, Passive, Line]
[pin_not_connected]: Pin not connected
    ; error
    @(1695.90 mm, 295.77 mm): Symbol J_CAM1 Pin 14 [Pin_14, Passive, Line]
[pin_not_connected]: Pin not connected
    ; error
    @(1695.90 mm, 298.31 mm): Symbol J_CAM1 Pin 16 [Pin_16, Passive, Line]
[pin_not_connected]: Pin not connected
    ; error
    @(1695.90 mm, 300.85 mm): Symbol J_CAM1 Pin 18 [Pin_18, Passive, Line]
[pin_not_connected]: Pin not connected
    ; error
    @(1695.90 mm, 303.39 mm): Symbol J_CAM1 Pin 20 [Pin_20, Passive, Line]
[pin_not_connected]: Pin not connected
    ; error
    @(1695.90 mm, 305.93 mm): Symbol J_CAM1 Pin 22 [Pin_22, Passive, Line]
[pin_not_connected]: Pin not connected
    ; error
    @(1695.90 mm, 308.47 mm): Symbol J_CAM1 Pin 24 [Pin_24, Passive, Line]
[pin_not_connected]: Pin not connected
    ; error
    @(1698.28 mm, 599.42 mm): Symbol C59 Pin 1 [Passive, Line]
[pin_not_connected]: Pin not connected
    ; error
    @(1698.28 mm, 607.04 mm): Symbol C59 Pin 2 [Passive, Line]
[label_dangling]: Label not connected
    ; error
    @(1708.60 mm, 295.77 mm): Label 'TB4_CAM1_RX_N0'
[label_dangling]: Label not connected
    ; error
    @(1708.60 mm, 303.39 mm): Label 'TB4_CAM1_RX_P2'
[label_dangling]: Label not connected
    ; error
    @(1708.60 mm, 313.55 mm): Label 'TB4_CAM1_USB_D_N'
[label_dangling]: Label not connected
    ; error
    @(1708.60 mm, 316.09 mm): Label 'TB4_CAM1_PERST_N'
[pin_not_connected]: Pin not connected
    ; error
    @(1708.60 mm, 318.63 mm): Symbol #PWR10115 Pin 1 [Power input, Line]
[pin_not_connected]: Pin not connected
    ; error
    @(1736.00 mm, 792.70 mm): Symbol #PWR9837 Pin 1 [Power input, Line]
[pin_not_connected]: Pin not connected
    ; error
    @(1736.00 mm, 807.00 mm): Symbol #PWR9840 Pin 1 [Power input, Line]
[pin_not_connected]: Pin not connected
    ; error
    @(1748.00 mm, 790.16 mm): Symbol FB1 Pin 1 [~, Passive, Line]
[pin_not_connected]: Pin not connected
    ; error
    @(1748.00 mm, 795.24 mm): Symbol FB1 Pin 2 [~, Passive, Line]
[pin_not_connected]: Pin not connected
    ; error
    @(1748.00 mm, 804.46 mm): Symbol FB2 Pin 1 [~, Passive, Line]
[pin_not_connected]: Pin not connected
    ; error
    @(1748.00 mm, 809.54 mm): Symbol FB2 Pin 2 [~, Passive, Line]
[pin_not_connected]: Pin not connected
    ; error
    @(1754.00 mm, 774.92 mm): Symbol #PWR9836 Pin 1 [Power input, Line]
[label_dangling]: Label not connected
    ; error
    @(1760.66 mm, 293.23 mm): Label 'TB4_CAM2_TX_P0'
[label_dangling]: Label not connected
    ; error
    @(1760.66 mm, 295.77 mm): Label 'TB4_CAM2_TX_N0'
[label_dangling]: Label not connected
    ; error
    @(1760.66 mm, 298.31 mm): Label 'TB4_CAM2_TX_P1'
[label_dangling]: Label not connected
    ; error
    @(1760.66 mm, 300.85 mm): Label 'TB4_CAM2_TX_N1'
[label_dangling]: Label not connected
    ; error
    @(1760.66 mm, 303.39 mm): Label 'TB4_CAM2_TX_P2'
[label_dangling]: Label not connected
    ; error
    @(1760.66 mm, 308.47 mm): Label 'TB4_CAM2_TX_P3'
[label_dangling]: Label not connected
    ; error
    @(1760.66 mm, 311.01 mm): Label 'TB4_CAM2_TX_N3'
[label_dangling]: Label not connected
    ; error
    @(1760.66 mm, 316.09 mm): Label 'TB4_CAM2_CLKREQ_N'
[pin_not_connected]: Pin not connected
    ; error
    @(1760.66 mm, 318.63 mm): Symbol #PWR10143 Pin 1 [Power input, Line]
[pin_not_driven]: Input pin not driven by any Output pins
    ; error
    @(1762.22 mm, 762.22 mm): Symbol U32 Pin 1 [HDA_SDI, Input, Line]
[pin_not_driven]: Input pin not driven by any Output pins
    ; error
    @(1762.22 mm, 764.76 mm): Symbol U32 Pin 3 [HDA_SYNC, Input, Line]
[pin_not_driven]: Input pin not driven by any Output pins
    ; error
    @(1762.22 mm, 767.30 mm): Symbol U32 Pin 4 [HDA_BCLK, Input, Line]
[pin_not_driven]: Input pin not driven by any Output pins
    ; error
    @(1762.22 mm, 769.84 mm): Symbol U32 Pin 5 [HDA_RST_N, Input, Line]
[pin_not_driven]: Input pin not driven by any Output pins
    ; error
    @(1762.22 mm, 774.92 mm): Symbol U32 Pin 11 [MIC1_N, Input, Line]
[pin_not_connected]: Pin not connected
    ; error
    @(1762.22 mm, 796.19 mm): Symbol C101 Pin 1 [Passive, Line]
[pin_not_connected]: Pin not connected
    ; error
    @(1762.22 mm, 803.81 mm): Symbol C101 Pin 2 [Passive, Line]
[pin_not_connected]: Pin not connected
    ; error
    @(1762.22 mm, 804.54 mm): Symbol #PWR9838 Pin 1 [Power input, Line]
[pin_not_connected]: Pin not connected
    ; error
    @(1762.22 mm, 810.19 mm): Symbol C103 Pin 1 [Passive, Line]
[pin_not_connected]: Pin not connected
    ; error
    @(1762.22 mm, 817.81 mm): Symbol C103 Pin 2 [Passive, Line]
[pin_not_connected]: Pin not connected
    ; error
    @(1762.22 mm, 818.54 mm): Symbol #PWR9841 Pin 1 [Power input, Line]
[pin_not_connected]: Pin not connected
    ; error
    @(1763.20 mm, 280.53 mm): Symbol J_CAM2 Pin 1 [Pin_1, Passive, Line]
[pin_not_connected]: Pin not connected
    ; error
    @(1763.20 mm, 283.07 mm): Symbol J_CAM2 Pin 3 [Pin_3, Passive, Line]
[pin_not_connected]: Pin not connected
    ; error
    @(1763.20 mm, 285.61 mm): Symbol J_CAM2 Pin 5 [Pin_5, Passive, Line]
[pin_not_connected]: Pin not connected
    ; error
    @(1763.20 mm, 288.15 mm): Symbol J_CAM2 Pin 7 [Pin_7, Passive, Line]
[pin_not_connected]: Pin not connected
    ; error
    @(1763.20 mm, 290.69 mm): Symbol J_CAM2 Pin 9 [Pin_9, Passive, Line]
[pin_not_connected]: Pin not connected
    ; error
    @(1763.20 mm, 293.23 mm): Symbol J_CAM2 Pin 11 [Pin_11, Passive, Line]
[pin_not_connected]: Pin not connected
    ; error
    @(1763.20 mm, 295.77 mm): Symbol J_CAM2 Pin 13 [Pin_13, Passive, Line]
[pin_not_connected]: Pin not connected
    ; error
    @(1763.20 mm, 298.31 mm): Symbol J_CAM2 Pin 15 [Pin_15, Passive, Line]
[pin_not_connected]: Pin not connected
    ; error
    @(1763.20 mm, 300.85 mm): Symbol J_CAM2 Pin 17 [Pin_17, Passive, Line]
[pin_not_connected]: Pin not connected
    ; error
    @(1763.20 mm, 303.39 mm): Symbol J_CAM2 Pin 19 [Pin_19, Passive, Line]
[pin_not_connected]: Pin not connected
    ; error
    @(1763.20 mm, 305.93 mm): Symbol J_CAM2 Pin 21 [Pin_21, Passive, Line]
[pin_not_connected]: Pin not connected
    ; error
    @(1763.20 mm, 308.47 mm): Symbol J_CAM2 Pin 23 [Pin_23, Passive, Line]
[label_dangling]: Label not connected
    ; error
    @(1769.84 mm, 774.92 mm): Label 'HP_L'
[label_dangling]: Label not connected
    ; error
    @(1769.84 mm, 780.00 mm): Label 'MIC1_P'
[pin_not_connected]: Pin not connected
    ; error
    @(1769.84 mm, 785.08 mm): Symbol #PWR10044 Pin 1 [Power input, Line]
[pin_not_connected]: Pin not connected
    ; error
    @(1770.00 mm, 796.19 mm): Symbol C102 Pin 1 [Passive, Line]
[pin_not_connected]: Pin not connected
    ; error
    @(1770.00 mm, 803.81 mm): Symbol C102 Pin 2 [Passive, Line]
[pin_not_connected]: Pin not connected
    ; error
    @(1770.00 mm, 804.54 mm): Symbol #PWR9839 Pin 1 [Power input, Line]
[pin_not_connected]: Pin not connected
    ; error
    @(1770.00 mm, 810.19 mm): Symbol C104 Pin 1 [Passive, Line]
[pin_not_connected]: Pin not connected
    ; error
    @(1770.00 mm, 817.81 mm): Symbol C104 Pin 2 [Passive, Line]
[pin_not_connected]: Pin not connected
    ; error
    @(1770.00 mm, 818.54 mm): Symbol #PWR9842 Pin 1 [Power input, Line]
[pin_not_connected]: Pin not connected
    ; error
    @(1770.66 mm, 443.23 mm): Symbol #PWR10124 Pin 1 [Power input, Line]
[pin_not_connected]: Pin not connected
    ; error
    @(1770.66 mm, 445.77 mm): Symbol #PWR10105 Pin 1 [Power input, Line]
[pin_not_connected]: Pin not connected
    ; error
    @(1770.66 mm, 483.23 mm): Symbol #PWR10104 Pin 1 [Power input, Line]
[pin_not_connected]: Pin not connected
    ; error
    @(1770.66 mm, 485.77 mm): Symbol #PWR10136 Pin 1 [Power input, Line]
[pin_not_connected]: Pin not connected
    ; error
    @(1770.66 mm, 523.23 mm): Symbol #PWR10098 Pin 1 [Power input, Line]
[pin_not_connected]: Pin not connected
    ; error
    @(1770.66 mm, 525.77 mm): Symbol #PWR10128 Pin 1 [Power input, Line]
[label_dangling]: Label not connected
    ; error
    @(1770.66 mm, 530.85 mm): Label 'J_FAN5_PWM'
[pin_not_connected]: Pin not connected
    ; error
    @(1773.20 mm, 440.69 mm): Symbol J_FAN3 Pin 1 [Pin_1, Passive, Line]
[pin_not_connected]: Pin not connected
    ; error
    @(1773.20 mm, 443.23 mm): Symbol J_FAN3 Pin 2 [Pin_2, Passive, Line]
[pin_not_connected]: Pin not connected
    ; error
    @(1773.20 mm, 445.77 mm): Symbol J_FAN3 Pin 3 [Pin_3, Passive, Line]
[pin_not_connected]: Pin not connected
    ; error
    @(1773.20 mm, 448.31 mm): Symbol J_FAN3 Pin 4 [Pin_4, Passive, Line]
[pin_not_connected]: Pin not connected
    ; error
    @(1773.20 mm, 480.69 mm): Symbol J_FAN4 Pin 1 [Pin_1, Passive, Line]
[pin_not_connected]: Pin not connected
    ; error
    @(1773.20 mm, 483.23 mm): Symbol J_FAN4 Pin 2 [Pin_2, Passive, Line]
[pin_not_connected]: Pin not connected
    ; error
    @(1773.20 mm, 485.77 mm): Symbol J_FAN4 Pin 3 [Pin_3, Passive, Line]
[pin_not_connected]: Pin not connected
    ; error
    @(1773.20 mm, 488.31 mm): Symbol J_FAN4 Pin 4 [Pin_4, Passive, Line]
[pin_not_connected]: Pin not connected
    ; error
    @(1773.20 mm, 520.69 mm): Symbol J_FAN5 Pin 1 [Pin_1, Passive, Line]
[pin_not_connected]: Pin not connected
    ; error
    @(1773.20 mm, 523.23 mm): Symbol J_FAN5 Pin 2 [Pin_2, Passive, Line]
[pin_not_connected]: Pin not connected
    ; error
    @(1773.20 mm, 525.77 mm): Symbol J_FAN5 Pin 3 [Pin_3, Passive, Line]
[pin_not_connected]: Pin not connected
    ; error
    @(1773.20 mm, 528.31 mm): Symbol J_FAN5 Pin 4 [Pin_4, Passive, Line]
[pin_not_connected]: Pin not connected
    ; error
    @(1775.00 mm, 803.00 mm): Symbol #PWR0275 Pin 1 [Power input, Line]
[pin_not_connected]: Pin not connected
    ; error
    @(1775.00 mm, 804.19 mm): Symbol C94 Pin 1 [Passive, Line]
[pin_not_connected]: Pin not connected
    ; error
    @(1775.00 mm, 811.81 mm): Symbol C94 Pin 2 [Passive, Line]
[pin_not_connected]: Pin not connected
    ; error
    @(1775.00 mm, 815.00 mm): Symbol #PWR0276 Pin 1 [Power input, Line]
[pin_not_connected]: Pin not connected
    ; error
    @(1775.90 mm, 280.53 mm): Symbol J_CAM2 Pin 2 [Pin_2, Passive, Line]
[pin_not_connected]: Pin not connected
    ; error
    @(1775.90 mm, 283.07 mm): Symbol J_CAM2 Pin 4 [Pin_4, Passive, Line]
[pin_not_connected]: Pin not connected
    ; error
    @(1775.90 mm, 285.61 mm): Symbol J_CAM2 Pin 6 [Pin_6, Passive, Line]
[pin_not_connected]: Pin not connected
    ; error
    @(1775.90 mm, 288.15 mm): Symbol J_CAM2 Pin 8 [Pin_8, Passive, Line]
[pin_not_connected]: Pin not connected
    ; error
    @(1775.90 mm, 290.69 mm): Symbol J_CAM2 Pin 10 [Pin_10, Passive, Line]
[pin_not_connected]: Pin not connected
    ; error
    @(1775.90 mm, 293.23 mm): Symbol J_CAM2 Pin 12 [Pin_12, Passive, Line]
[pin_not_connected]: Pin not connected
    ; error
    @(1775.90 mm, 295.77 mm): Symbol J_CAM2 Pin 14 [Pin_14, Passive, Line]
[pin_not_connected]: Pin not connected
    ; error
    @(1775.90 mm, 298.31 mm): Symbol J_CAM2 Pin 16 [Pin_16, Passive, Line]
[pin_not_connected]: Pin not connected
    ; error
    @(1775.90 mm, 300.85 mm): Symbol J_CAM2 Pin 18 [Pin_18, Passive, Line]
[pin_not_connected]: Pin not connected
    ; error
    @(1775.90 mm, 303.39 mm): Symbol J_CAM2 Pin 20 [Pin_20, Passive, Line]
[pin_not_connected]: Pin not connected
    ; error
    @(1775.90 mm, 305.93 mm): Symbol J_CAM2 Pin 22 [Pin_22, Passive, Line]
[pin_not_connected]: Pin not connected
    ; error
    @(1775.90 mm, 308.47 mm): Symbol J_CAM2 Pin 24 [Pin_24, Passive, Line]
[pin_not_connected]: Pin not connected
    ; error
    @(1785.00 mm, 803.00 mm): Symbol #PWR0277 Pin 1 [Power input, Line]
[pin_not_connected]: Pin not connected
    ; error
    @(1785.00 mm, 804.19 mm): Symbol C95 Pin 1 [Passive, Line]
[pin_not_connected]: Pin not connected
    ; error
    @(1785.00 mm, 811.81 mm): Symbol C95 Pin 2 [Passive, Line]
[pin_not_connected]: Pin not connected
    ; error
    @(1785.00 mm, 815.00 mm): Symbol #PWR0278 Pin 1 [Power input, Line]
[label_dangling]: Label not connected
    ; error
    @(1788.60 mm, 293.23 mm): Label 'TB4_CAM2_RX_P0'
[label_dangling]: Label not connected
    ; error
    @(1788.60 mm, 298.31 mm): Label 'TB4_CAM2_RX_P1'
[label_dangling]: Label not connected
    ; error
    @(1788.60 mm, 300.85 mm): Label 'TB4_CAM2_RX_N1'
[label_dangling]: Label not connected
    ; error
    @(1788.60 mm, 305.93 mm): Label 'TB4_CAM2_RX_N2'
[label_dangling]: Label not connected
    ; error
    @(1788.60 mm, 313.55 mm): Label 'TB4_CAM2_USB_D_N'
[pin_not_connected]: Pin not connected
    ; error
    @(1788.60 mm, 318.63 mm): Symbol #PWR10120 Pin 1 [Power input, Line]
[pin_not_connected]: Pin not connected
    ; error
    @(1804.19 mm, 770.00 mm): Symbol R90 Pin 1 [Passive, Line]
[pin_not_connected]: Pin not connected
    ; error
    @(1805.78 mm, 771.11 mm): Symbol C96 Pin 1 [Passive, Line]
[pin_not_connected]: Pin not connected
    ; error
    @(1805.78 mm, 778.73 mm): Symbol C96 Pin 2 [Passive, Line]
[pin_not_connected]: Pin not connected
    ; error
    @(1805.78 mm, 782.00 mm): Symbol #PWR0281 Pin 1 [Power input, Line]
[pin_not_connected]: Pin not connected
    ; error
    @(1808.00 mm, 765.24 mm): Symbol #PWR9835 Pin 1 [Power input, Line]
[label_dangling]: Label not connected
    ; error
    @(1808.00 mm, 774.92 mm): Label 'MICBIAS'
[pin_not_connected]: Pin not connected
    ; error
    @(1808.00 mm, 796.19 mm): Symbol C105 Pin 1 [Passive, Line]
[pin_not_connected]: Pin not connected
    ; error
    @(1808.00 mm, 803.81 mm): Symbol C105 Pin 2 [Passive, Line]
[pin_not_connected]: Pin not connected
    ; error
    @(1808.00 mm, 804.54 mm): Symbol #PWR9843 Pin 1 [Power input, Line]
[pin_not_connected]: Pin not connected
    ; error
    @(1811.81 mm, 770.00 mm): Symbol R90 Pin 2 [Passive, Line]
[pin_not_connected]: Pin not connected
    ; error
    @(1817.19 mm, 764.76 mm): Symbol C99 Pin 1 [Passive, Line]
[pin_not_connected]: Pin not connected
    ; error
    @(1817.19 mm, 767.30 mm): Symbol C100 Pin 1 [Passive, Line]
[pin_not_connected]: Pin not connected
    ; error
    @(1820.00 mm, 795.24 mm): Symbol #PWR9844 Pin 1 [Power input, Line]
[pin_not_connected]: Pin not connected
    ; error
    @(1823.81 mm, 760.95 mm): Symbol C97 Pin 1 [Passive, Line]
[pin_not_connected]: Pin not connected
    ; error
    @(1823.81 mm, 768.57 mm): Symbol C97 Pin 2 [Passive, Line]
[pin_not_connected]: Pin not connected
    ; error
    @(1824.81 mm, 764.76 mm): Symbol C99 Pin 2 [Passive, Line]
[pin_not_connected]: Pin not connected
    ; error
    @(1824.81 mm, 767.30 mm): Symbol C100 Pin 2 [Passive, Line]
[label_dangling]: Label not connected
    ; error
    @(1829.50 mm, 767.30 mm): Label 'HP_R_OUT'
[pin_not_connected]: Pin not connected
    ; error
    @(1833.81 mm, 763.49 mm): Symbol C98 Pin 1 [Passive, Line]
[pin_not_connected]: Pin not connected
    ; error
    @(1833.81 mm, 771.11 mm): Symbol C98 Pin 2 [Passive, Line]
[pin_not_connected]: Pin not connected
    ; error
    @(1859.84 mm, 787.62 mm): Symbol #PWR9834 Pin 1 [Power input, Line]
[label_dangling]: Label not connected
    ; error
    @(1860.66 mm, 293.23 mm): Label 'TB1_MIC_TX_P'
[label_dangling]: Label not connected
    ; error
    @(1860.66 mm, 298.31 mm): Label 'TB1_MIC_USB_D_P'
[pin_not_connected]: Pin not connected
    ; error
    @(1860.66 mm, 300.85 mm): Symbol #PWR10125 Pin 1 [Power input, Line]
[label_dangling]: Label not connected
    ; error
    @(1860.66 mm, 443.23 mm): Label 'PWR_LED_A'
[pin_not_connected]: Pin not connected
    ; error
    @(1860.66 mm, 445.77 mm): Symbol #PWR10109 Pin 1 [Power input, Line]
[pin_not_connected]: Pin not connected
    ; error
    @(1860.66 mm, 450.85 mm): Symbol #PWR10132 Pin 1 [Power input, Line]
[pin_not_connected]: Pin not connected
    ; error
    @(1860.66 mm, 453.39 mm): Symbol #PWR10142 Pin 1 [Power input, Line]
[pin_not_connected]: Pin not connected
    ; error
    @(1860.66 mm, 533.23 mm): Symbol #PWR09909 Pin 1 [Power input, Line]
[label_dangling]: Label not connected
    ; error
    @(1860.66 mm, 535.77 mm): Label 'RTCRST_N'
[pin_not_connected]: Pin not connected
    ; error
    @(1860.66 mm, 538.31 mm): Symbol #PWR4276 Pin 1 [Power input, Line]
[pin_not_connected]: Pin not connected
    ; error
    @(1860.66 mm, 583.23 mm): Symbol #PWR10111 Pin 1 [Power input, Line]
[pin_not_connected]: Pin not connected
    ; error
    @(1860.66 mm, 588.31 mm): Symbol #PWR10102 Pin 1 [Power input, Line]
[label_dangling]: Label not connected
    ; error
    @(1860.66 mm, 590.85 mm): Label 'BEEP'
[pin_not_connected]: Pin not connected
    ; error
    @(1863.20 mm, 290.69 mm): Symbol J_MIC1 Pin 1 [Pin_1, Passive, Line]
[pin_not_connected]: Pin not connected
    ; error
    @(1863.20 mm, 293.23 mm): Symbol J_MIC1 Pin 3 [Pin_3, Passive, Line]
[pin_not_connected]: Pin not connected
    ; error
    @(1863.20 mm, 295.77 mm): Symbol J_MIC1 Pin 5 [Pin_5, Passive, Line]
[pin_not_connected]: Pin not connected
    ; error
    @(1863.20 mm, 298.31 mm): Symbol J_MIC1 Pin 7 [Pin_7, Passive, Line]
[pin_not_connected]: Pin not connected
    ; error
    @(1863.20 mm, 438.15 mm): Symbol J_FPANEL1 Pin 1 [Pin_1, Passive, Line]
[pin_not_connected]: Pin not connected
    ; error
    @(1863.20 mm, 440.69 mm): Symbol J_FPANEL1 Pin 3 [Pin_3, Passive, Line]
[pin_not_connected]: Pin not connected
    ; error
    @(1863.20 mm, 443.23 mm): Symbol J_FPANEL1 Pin 5 [Pin_5, Passive, Line]
[pin_not_connected]: Pin not connected
    ; error
    @(1863.20 mm, 445.77 mm): Symbol J_FPANEL1 Pin 7 [Pin_7, Passive, Line]
[pin_not_connected]: Pin not connected
    ; error
    @(1863.20 mm, 448.31 mm): Symbol J_FPANEL1 Pin 9 [Pin_9, Passive, Line]
[pin_not_connected]: Pin not connected
    ; error
    @(1863.20 mm, 530.69 mm): Symbol J_JCMOS1 Pin 1 [Pin_1, Passive, Line]
[pin_not_connected]: Pin not connected
    ; error
    @(1863.20 mm, 533.23 mm): Symbol J_JCMOS1 Pin 2 [Pin_2, Passive, Line]
[pin_not_connected]: Pin not connected
    ; error
    @(1863.20 mm, 535.77 mm): Symbol J_JCMOS1 Pin 3 [Pin_3, Passive, Line]
[pin_not_connected]: Pin not connected
    ; error
    @(1863.20 mm, 580.69 mm): Symbol J_SPEAKER1 Pin 1 [Pin_1, Passive, Line]
[pin_not_connected]: Pin not connected
    ; error
    @(1863.20 mm, 583.23 mm): Symbol J_SPEAKER1 Pin 2 [Pin_2, Passive, Line]
[pin_not_connected]: Pin not connected
    ; error
    @(1863.20 mm, 585.77 mm): Symbol J_SPEAKER1 Pin 3 [Pin_3, Passive, Line]
[pin_not_connected]: Pin not connected
    ; error
    @(1863.20 mm, 588.31 mm): Symbol J_SPEAKER1 Pin 4 [Pin_4, Passive, Line]
[pin_not_connected]: Pin not connected
    ; error
    @(1875.90 mm, 290.69 mm): Symbol J_MIC1 Pin 2 [Pin_2, Passive, Line]
[pin_not_connected]: Pin not connected
    ; error
    @(1875.90 mm, 293.23 mm): Symbol J_MIC1 Pin 4 [Pin_4, Passive, Line]
[pin_not_connected]: Pin not connected
    ; error
    @(1875.90 mm, 295.77 mm): Symbol J_MIC1 Pin 6 [Pin_6, Passive, Line]
[pin_not_connected]: Pin not connected
    ; error
    @(1875.90 mm, 298.31 mm): Symbol J_MIC1 Pin 8 [Pin_8, Passive, Line]
[pin_not_connected]: Pin not connected
    ; error
    @(1875.90 mm, 438.15 mm): Symbol J_FPANEL1 Pin 2 [Pin_2, Passive, Line]
[pin_not_connected]: Pin not connected
    ; error
    @(1875.90 mm, 440.69 mm): Symbol J_FPANEL1 Pin 4 [Pin_4, Passive, Line]
[pin_not_connected]: Pin not connected
    ; error
    @(1875.90 mm, 443.23 mm): Symbol J_FPANEL1 Pin 6 [Pin_6, Passive, Line]
[pin_not_connected]: Pin not connected
    ; error
    @(1875.90 mm, 445.77 mm): Symbol J_FPANEL1 Pin 8 [Pin_8, Passive, Line]
[pin_not_connected]: Pin not connected
    ; error
    @(1875.90 mm, 448.31 mm): Symbol J_FPANEL1 Pin 10 [Pin_10, Passive, Line]
[label_dangling]: Label not connected
    ; error
    @(1888.60 mm, 295.77 mm): Label 'TB1_MIC_RX_N'
[pin_not_connected]: Pin not connected
    ; error
    @(1888.60 mm, 300.85 mm): Symbol #PWR10116 Pin 1 [Power input, Line]
[pin_not_connected]: Pin not connected
    ; error
    @(1888.60 mm, 445.77 mm): Symbol #PWR10138 Pin 1 [Power input, Line]
[label_dangling]: Label not connected
    ; error
    @(1888.60 mm, 448.31 mm): Label 'PWR_BTN_N'
[pin_not_connected]: Pin not connected
    ; error
    @(1888.60 mm, 450.85 mm): Symbol #PWR10114 Pin 1 [Power input, Line]
[label_dangling]: Label not connected
    ; error
    @(2000.66 mm, 336.41 mm): Label 'PCIE_REFCLK_n'
[label_dangling]: Label not connected
    ; error
    @(2000.66 mm, 338.93 mm): Label 'PERST_PCIE2_n'
[pin_not_connected]: Pin not connected
    ; error
    @(2000.66 mm, 341.49 mm): Symbol #PWR09998 Pin 1 [Power input, Line]
[label_dangling]: Label not connected
    ; error
    @(2000.66 mm, 343.93 mm): Label 'CLKREQ_PCIE2_n'
[pin_not_connected]: Pin not connected
    ; error
    @(2000.66 mm, 466.09 mm): Symbol #PWR10088 Pin 1 [Power input, Line]
[pin_not_connected]: Pin not connected
    ; error
    @(2000.66 mm, 468.63 mm): Symbol #PWR10075 Pin 1 [Power input, Line]
[label_dangling]: Label not connected
    ; error
    @(2000.66 mm, 476.25 mm): Label 'ETH_PEWAKE_N'
[label_dangling]: Label not connected
    ; error
    @(2000.66 mm, 481.33 mm): Label 'ETH_LAN1_LED_A'
[pin_not_connected]: Pin not connected
    ; error
    @(2000.66 mm, 615.23 mm): Symbol #PWR0283 Pin 1 [Power input, Line]
[label_dangling]: Label not connected
    ; error
    @(2000.66 mm, 623.23 mm): Label 'TPM_SPI_CLK'
[label_dangling]: Label not connected
    ; error
    @(2000.66 mm, 625.77 mm): Label 'TPM_SPI_CS_N'
[label_dangling]: Label not connected
    ; error
    @(2000.66 mm, 628.31 mm): Label 'TPM_RST_N'
[label_dangling]: Label not connected
    ; error
    @(2000.66 mm, 630.85 mm): Label 'TPM_MOSI'
[pin_not_connected]: Pin not connected
    ; error
    @(2003.20 mm, 270.37 mm): Symbol J_M2_GPU1 Pin 1 [Pin_1, Passive, Line]
[pin_not_connected]: Pin not connected
    ; error
    @(2003.20 mm, 272.91 mm): Symbol J_M2_GPU1 Pin 3 [Pin_3, Passive, Line]
[pin_not_connected]: Pin not connected
    ; error
    @(2003.20 mm, 275.45 mm): Symbol J_M2_GPU1 Pin 5 [Pin_5, Passive, Line]
[pin_not_connected]: Pin not connected
    ; error
    @(2003.20 mm, 277.99 mm): Symbol J_M2_GPU1 Pin 7 [Pin_7, Passive, Line]
[pin_not_connected]: Pin not connected
    ; error
    @(2003.20 mm, 280.53 mm): Symbol J_M2_GPU1 Pin 9 [Pin_9, Passive, Line]
[pin_not_connected]: Pin not connected
    ; error
    @(2003.20 mm, 283.07 mm): Symbol J_M2_GPU1 Pin 11 [Pin_11, Passive, Line]
[pin_not_connected]: Pin not connected
    ; error
    @(2003.20 mm, 285.61 mm): Symbol J_M2_GPU1 Pin 13 [Pin_13, Passive, Line]
[pin_not_connected]: Pin not connected
    ; error
    @(2003.20 mm, 288.15 mm): Symbol J_M2_GPU1 Pin 15 [Pin_15, Passive, Line]
[pin_not_connected]: Pin not connected
    ; error
    @(2003.20 mm, 290.69 mm): Symbol J_M2_GPU1 Pin 17 [Pin_17, Passive, Line]
[pin_not_connected]: Pin not connected
    ; error
    @(2003.20 mm, 293.23 mm): Symbol J_M2_GPU1 Pin 19 [Pin_19, Passive, Line]
[pin_not_connected]: Pin not connected
    ; error
    @(2003.20 mm, 295.77 mm): Symbol J_M2_GPU1 Pin 21 [Pin_21, Passive, Line]
[pin_not_connected]: Pin not connected
    ; error
    @(2003.20 mm, 298.31 mm): Symbol J_M2_GPU1 Pin 23 [Pin_23, Passive, Line]
[pin_not_connected]: Pin not connected
    ; error
    @(2003.20 mm, 300.85 mm): Symbol J_M2_GPU1 Pin 25 [Pin_25, Passive, Line]
[pin_not_connected]: Pin not connected
    ; error
    @(2003.20 mm, 303.39 mm): Symbol J_M2_GPU1 Pin 27 [Pin_27, Passive, Line]
[pin_not_connected]: Pin not connected
    ; error
    @(2003.20 mm, 305.93 mm): Symbol J_M2_GPU1 Pin 29 [Pin_29, Passive, Line]
[pin_not_connected]: Pin not connected
    ; error
    @(2003.20 mm, 308.47 mm): Symbol J_M2_GPU1 Pin 31 [Pin_31, Passive, Line]
[pin_not_connected]: Pin not connected
    ; error
    @(2003.20 mm, 311.01 mm): Symbol J_M2_GPU1 Pin 33 [Pin_33, Passive, Line]
[pin_not_connected]: Pin not connected
    ; error
    @(2003.20 mm, 313.55 mm): Symbol J_M2_GPU1 Pin 35 [Pin_35, Passive, Line]
[pin_not_connected]: Pin not connected
    ; error
    @(2003.20 mm, 316.09 mm): Symbol J_M2_GPU1 Pin 37 [Pin_37, Passive, Line]
[pin_not_connected]: Pin not connected
    ; error
    @(2003.20 mm, 318.63 mm): Symbol J_M2_GPU1 Pin 39 [Pin_39, Passive, Line]
[pin_not_connected]: Pin not connected
    ; error
    @(2003.20 mm, 425.45 mm): Symbol U8 Pin 1 [Pin_1, Passive, Line]
[pin_not_connected]: Pin not connected
    ; error
    @(2003.20 mm, 427.99 mm): Symbol U8 Pin 3 [Pin_3, Passive, Line]
[pin_not_connected]: Pin not connected
    ; error
    @(2003.20 mm, 430.53 mm): Symbol U8 Pin 5 [Pin_5, Passive, Line]
[pin_not_connected]: Pin not connected
    ; error
    @(2003.20 mm, 433.07 mm): Symbol U8 Pin 7 [Pin_7, Passive, Line]
[pin_not_connected]: Pin not connected
    ; error
    @(2003.20 mm, 435.61 mm): Symbol U8 Pin 9 [Pin_9, Passive, Line]
[pin_not_connected]: Pin not connected
    ; error
    @(2003.20 mm, 438.15 mm): Symbol U8 Pin 11 [Pin_11, Passive, Line]
[pin_not_connected]: Pin not connected
    ; error
    @(2003.20 mm, 440.69 mm): Symbol U8 Pin 13 [Pin_13, Passive, Line]
[pin_not_connected]: Pin not connected
    ; error
    @(2003.20 mm, 443.23 mm): Symbol U8 Pin 15 [Pin_15, Passive, Line]
[pin_not_connected]: Pin not connected
    ; error
    @(2003.20 mm, 445.77 mm): Symbol U8 Pin 17 [Pin_17, Passive, Line]
[pin_not_connected]: Pin not connected
    ; error
    @(2003.20 mm, 448.31 mm): Symbol U8 Pin 19 [Pin_19, Passive, Line]
[pin_not_connected]: Pin not connected
    ; error
    @(2003.20 mm, 450.85 mm): Symbol U8 Pin 21 [Pin_21, Passive, Line]
[pin_not_connected]: Pin not connected
    ; error
    @(2003.20 mm, 453.39 mm): Symbol U8 Pin 23 [Pin_23, Passive, Line]
[pin_not_connected]: Pin not connected
    ; error
    @(2003.20 mm, 455.93 mm): Symbol U8 Pin 25 [Pin_25, Passive, Line]
[pin_not_connected]: Pin not connected
    ; error
    @(2003.20 mm, 458.47 mm): Symbol U8 Pin 27 [Pin_27, Passive, Line]
[pin_not_connected]: Pin not connected
    ; error
    @(2003.20 mm, 461.01 mm): Symbol U8 Pin 29 [Pin_29, Passive, Line]
[pin_not_connected]: Pin not connected
    ; error
    @(2003.20 mm, 463.55 mm): Symbol U8 Pin 31 [Pin_31, Passive, Line]
[pin_not_connected]: Pin not connected
    ; error
    @(2003.20 mm, 618.15 mm): Symbol J_TPM1 Pin 1 [Pin_1, Passive, Line]
[pin_not_connected]: Pin not connected
    ; error
    @(2003.20 mm, 620.69 mm): Symbol J_TPM1 Pin 3 [Pin_3, Passive, Line]
[pin_not_connected]: Pin not connected
    ; error
    @(2003.20 mm, 623.23 mm): Symbol J_TPM1 Pin 5 [Pin_5, Passive, Line]
[pin_not_connected]: Pin not connected
    ; error
    @(2003.20 mm, 625.77 mm): Symbol J_TPM1 Pin 7 [Pin_7, Passive, Line]
[pin_not_connected]: Pin not connected
    ; error
    @(2003.20 mm, 628.31 mm): Symbol J_TPM1 Pin 9 [Pin_9, Passive, Line]
[label_dangling]: Label not connected
    ; error
    @(2008.28 mm, 485.77 mm): Label 'ETH2_TXN'
[label_dangling]: Label not connected
    ; error
    @(2008.28 mm, 488.31 mm): Label 'ETH2_RXP'
[label_dangling]: Label not connected
    ; error
    @(2008.28 mm, 490.85 mm): Label 'ETH2_RXN'
[label_dangling]: Label not connected
    ; error
    @(2008.28 mm, 493.39 mm): Label 'ETH2_MDIOP'
[label_dangling]: Label not connected
    ; error
    @(2008.28 mm, 495.93 mm): Label 'ETH2_MDION'
[label_dangling]: Label not connected
    ; error
    @(2008.28 mm, 498.47 mm): Label 'ETH_LAN2_LED_A'
[pin_not_connected]: Pin not connected
    ; error
    @(2008.28 mm, 614.42 mm): Symbol C66 Pin 1 [Passive, Line]
[pin_not_connected]: Pin not connected
    ; error
    @(2008.28 mm, 622.04 mm): Symbol C66 Pin 2 [Passive, Line]
[pin_not_connected]: Pin not connected
    ; error
    @(2015.90 mm, 270.37 mm): Symbol J_M2_GPU1 Pin 2 [Pin_2, Passive, Line]
[pin_not_connected]: Pin not connected
    ; error
    @(2015.90 mm, 272.91 mm): Symbol J_M2_GPU1 Pin 4 [Pin_4, Passive, Line]
[pin_not_connected]: Pin not connected
    ; error
    @(2015.90 mm, 275.45 mm): Symbol J_M2_GPU1 Pin 6 [Pin_6, Passive, Line]
[pin_not_connected]: Pin not connected
    ; error
    @(2015.90 mm, 277.99 mm): Symbol J_M2_GPU1 Pin 8 [Pin_8, Passive, Line]
[pin_not_connected]: Pin not connected
    ; error
    @(2015.90 mm, 280.53 mm): Symbol J_M2_GPU1 Pin 10 [Pin_10, Passive, Line]
[pin_not_connected]: Pin not connected
    ; error
    @(2015.90 mm, 283.07 mm): Symbol J_M2_GPU1 Pin 12 [Pin_12, Passive, Line]
[pin_not_connected]: Pin not connected
    ; error
    @(2015.90 mm, 285.61 mm): Symbol J_M2_GPU1 Pin 14 [Pin_14, Passive, Line]
[pin_not_connected]: Pin not connected
    ; error
    @(2015.90 mm, 288.15 mm): Symbol J_M2_GPU1 Pin 16 [Pin_16, Passive, Line]
[pin_not_connected]: Pin not connected
    ; error
    @(2015.90 mm, 290.69 mm): Symbol J_M2_GPU1 Pin 18 [Pin_18, Passive, Line]
[pin_not_connected]: Pin not connected
    ; error
    @(2015.90 mm, 293.23 mm): Symbol J_M2_GPU1 Pin 20 [Pin_20, Passive, Line]
[pin_not_connected]: Pin not connected
    ; error
    @(2015.90 mm, 295.77 mm): Symbol J_M2_GPU1 Pin 22 [Pin_22, Passive, Line]
[pin_not_connected]: Pin not connected
    ; error
    @(2015.90 mm, 298.31 mm): Symbol J_M2_GPU1 Pin 24 [Pin_24, Passive, Line]
[pin_not_connected]: Pin not connected
    ; error
    @(2015.90 mm, 300.85 mm): Symbol J_M2_GPU1 Pin 26 [Pin_26, Passive, Line]
[pin_not_connected]: Pin not connected
    ; error
    @(2015.90 mm, 303.39 mm): Symbol J_M2_GPU1 Pin 28 [Pin_28, Passive, Line]
[pin_not_connected]: Pin not connected
    ; error
    @(2015.90 mm, 305.93 mm): Symbol J_M2_GPU1 Pin 30 [Pin_30, Passive, Line]
[pin_not_connected]: Pin not connected
    ; error
    @(2015.90 mm, 308.47 mm): Symbol J_M2_GPU1 Pin 32 [Pin_32, Passive, Line]
[pin_not_connected]: Pin not connected
    ; error
    @(2015.90 mm, 311.01 mm): Symbol J_M2_GPU1 Pin 34 [Pin_34, Passive, Line]
[pin_not_connected]: Pin not connected
    ; error
    @(2015.90 mm, 313.55 mm): Symbol J_M2_GPU1 Pin 36 [Pin_36, Passive, Line]
[pin_not_connected]: Pin not connected
    ; error
    @(2015.90 mm, 316.09 mm): Symbol J_M2_GPU1 Pin 38 [Pin_38, Passive, Line]
[pin_not_connected]: Pin not connected
    ; error
    @(2015.90 mm, 318.63 mm): Symbol J_M2_GPU1 Pin 40 [Pin_40, Passive, Line]
[pin_not_connected]: Pin not connected
    ; error
    @(2015.90 mm, 425.45 mm): Symbol U8 Pin 2 [Pin_2, Passive, Line]
[pin_not_connected]: Pin not connected
    ; error
    @(2015.90 mm, 427.99 mm): Symbol U8 Pin 4 [Pin_4, Passive, Line]
[pin_not_connected]: Pin not connected
    ; error
    @(2015.90 mm, 430.53 mm): Symbol U8 Pin 6 [Pin_6, Passive, Line]
[pin_not_connected]: Pin not connected
    ; error
    @(2015.90 mm, 433.07 mm): Symbol U8 Pin 8 [Pin_8, Passive, Line]
[pin_not_connected]: Pin not connected
    ; error
    @(2015.90 mm, 435.61 mm): Symbol U8 Pin 10 [Pin_10, Passive, Line]
[pin_not_connected]: Pin not connected
    ; error
    @(2015.90 mm, 438.15 mm): Symbol U8 Pin 12 [Pin_12, Passive, Line]
[pin_not_connected]: Pin not connected
    ; error
    @(2015.90 mm, 440.69 mm): Symbol U8 Pin 14 [Pin_14, Passive, Line]
[pin_not_connected]: Pin not connected
    ; error
    @(2015.90 mm, 443.23 mm): Symbol U8 Pin 16 [Pin_16, Passive, Line]
[pin_not_connected]: Pin not connected
    ; error
    @(2015.90 mm, 445.77 mm): Symbol U8 Pin 18 [Pin_18, Passive, Line]
[pin_not_connected]: Pin not connected
    ; error
    @(2015.90 mm, 448.31 mm): Symbol U8 Pin 20 [Pin_20, Passive, Line]
[pin_not_connected]: Pin not connected
    ; error
    @(2015.90 mm, 450.85 mm): Symbol U8 Pin 22 [Pin_22, Passive, Line]
[pin_not_connected]: Pin not connected
    ; error
    @(2015.90 mm, 453.39 mm): Symbol U8 Pin 24 [Pin_24, Passive, Line]
[pin_not_connected]: Pin not connected
    ; error
    @(2015.90 mm, 455.93 mm): Symbol U8 Pin 26 [Pin_26, Passive, Line]
[pin_not_connected]: Pin not connected
    ; error
    @(2015.90 mm, 458.47 mm): Symbol U8 Pin 28 [Pin_28, Passive, Line]
[pin_not_connected]: Pin not connected
    ; error
    @(2015.90 mm, 461.01 mm): Symbol U8 Pin 30 [Pin_30, Passive, Line]
[pin_not_connected]: Pin not connected
    ; error
    @(2015.90 mm, 463.55 mm): Symbol U8 Pin 32 [Pin_32, Passive, Line]
[pin_not_connected]: Pin not connected
    ; error
    @(2015.90 mm, 618.15 mm): Symbol J_TPM1 Pin 2 [Pin_2, Passive, Line]
[pin_not_connected]: Pin not connected
    ; error
    @(2015.90 mm, 620.69 mm): Symbol J_TPM1 Pin 4 [Pin_4, Passive, Line]
[pin_not_connected]: Pin not connected
    ; error
    @(2015.90 mm, 623.23 mm): Symbol J_TPM1 Pin 6 [Pin_6, Passive, Line]
[pin_not_connected]: Pin not connected
    ; error
    @(2015.90 mm, 625.77 mm): Symbol J_TPM1 Pin 8 [Pin_8, Passive, Line]
[pin_not_connected]: Pin not connected
    ; error
    @(2015.90 mm, 628.31 mm): Symbol J_TPM1 Pin 10 [Pin_10, Passive, Line]
[pin_not_connected]: Pin not connected
    ; error
    @(2016.28 mm, 614.42 mm): Symbol C67 Pin 1 [Passive, Line]
[pin_not_connected]: Pin not connected
    ; error
    @(2016.28 mm, 622.04 mm): Symbol C67 Pin 2 [Passive, Line]
[label_dangling]: Label not connected
    ; error
    @(2028.60 mm, 336.41 mm): Label 'GPU_W_DISABLE'
[pin_not_connected]: Pin not connected
    ; error
    @(2028.60 mm, 338.95 mm): Symbol #PWR09894 Pin 1 [Power input, Line]
[pin_not_connected]: Pin not connected
    ; error
    @(2028.60 mm, 341.49 mm): Symbol #PWR9832 Pin 1 [Power input, Line]
[label_dangling]: Label not connected
    ; error
    @(2028.60 mm, 476.25 mm): Label 'ETH_10G_RX_N'
[pin_not_connected]: Pin not connected
    ; error
    @(2028.60 mm, 478.79 mm): Symbol #PWR3959 Pin 1 [Power input, Line]
[pin_not_connected]: Pin not connected
    ; error
    @(2028.60 mm, 623.23 mm): Symbol #PWR9630 Pin 1 [Power input, Line]
[pin_not_connected]: Pin not connected
    ; error
    @(2028.60 mm, 628.31 mm): Symbol #PWR09927 Pin 1 [Power input, Line]
[pin_not_connected]: Pin not connected
    ; error
    @(2028.60 mm, 630.85 mm): Symbol #PWR09882 Pin 1 [Power input, Line]
[pin_not_connected]: Pin not connected
    ; error
    @(2028.60 mm, 633.39 mm): Symbol #PWR4385 Pin 1 [Power input, Line]
[label_dangling]: Label not connected
    ; error
    @(2038.28 mm, 483.87 mm): Label 'ETH_REFCLK_p'
[pin_not_connected]: Pin not connected
    ; error
    @(2050.66 mm, 290.69 mm): Symbol #PWR10067 Pin 1 [Power input, Line]
[pin_not_connected]: Pin not connected
    ; error
    @(2050.66 mm, 298.31 mm): Symbol #PWR10068 Pin 1 [Power input, Line]
[pin_not_connected]: Pin not connected
    ; error
    @(2050.66 mm, 305.69 mm): Symbol #PWR10083 Pin 1 [Power input, Line]
[pin_not_connected]: Pin not connected
    ; error
    @(2050.66 mm, 313.31 mm): Symbol #PWR10058 Pin 1 [Power input, Line]
[pin_not_connected]: Pin not connected
    ; error
    @(2050.66 mm, 440.69 mm): Symbol #PWR09906 Pin 1 [Power input, Line]
[pin_not_connected]: Pin not connected
    ; error
    @(2050.66 mm, 448.31 mm): Symbol #PWR09952 Pin 1 [Power input, Line]
[pin_not_connected]: Pin not connected
    ; error
    @(2050.66 mm, 455.69 mm): Symbol #PWR10096 Pin 1 [Power input, Line]
[pin_not_connected]: Pin not connected
    ; error
    @(2050.66 mm, 463.31 mm): Symbol #PWR10041 Pin 1 [Power input, Line]
[pin_not_connected]: Pin not connected
    ; error
    @(2050.66 mm, 470.69 mm): Symbol #PWR09968 Pin 1 [Power input, Line]
[pin_not_connected]: Pin not connected
    ; error
    @(2050.66 mm, 478.31 mm): Symbol #PWR1120 Pin 1 [Power input, Line]
[pin_not_connected]: Pin not connected
    ; error
    @(2050.66 mm, 485.69 mm): Symbol #PWR09926 Pin 1 [Power input, Line]
[power_pin_not_driven]: Input Power pin not driven by any Output Power pins
    ; error
    @(2050.66 mm, 485.69 mm): Symbol #PWR09926 Pin 1 [Power input, Line]
[pin_not_connected]: Pin not connected
    ; error
    @(2050.66 mm, 493.31 mm): Symbol #PWR09984 Pin 1 [Power input, Line]
[pin_not_connected]: Pin not connected
    ; error
    @(2058.28 mm, 289.42 mm): Symbol C90 Pin 1 [Passive, Line]
[pin_not_connected]: Pin not connected
    ; error
    @(2058.28 mm, 297.04 mm): Symbol C90 Pin 2 [Passive, Line]
[pin_not_connected]: Pin not connected
    ; error
    @(2058.28 mm, 304.42 mm): Symbol C91 Pin 1 [Passive, Line]
[pin_not_connected]: Pin not connected
    ; error
    @(2058.28 mm, 312.04 mm): Symbol C91 Pin 2 [Passive, Line]
[pin_not_connected]: Pin not connected
    ; error
    @(2058.28 mm, 439.42 mm): Symbol C92 Pin 1 [Passive, Line]
[pin_not_connected]: Pin not connected
    ; error
    @(2058.28 mm, 447.04 mm): Symbol C92 Pin 2 [Passive, Line]
[pin_not_connected]: Pin not connected
    ; error
    @(2058.28 mm, 454.42 mm): Symbol C93 Pin 1 [Passive, Line]
[pin_not_connected]: Pin not connected
    ; error
    @(2058.28 mm, 462.04 mm): Symbol C93 Pin 2 [Passive, Line]
[pin_not_connected]: Pin not connected
    ; error
    @(2058.28 mm, 469.42 mm): Symbol C64 Pin 1 [Passive, Line]
[pin_not_connected]: Pin not connected
    ; error
    @(2058.28 mm, 477.04 mm): Symbol C64 Pin 2 [Passive, Line]
[pin_not_connected]: Pin not connected
    ; error
    @(2058.28 mm, 484.42 mm): Symbol C65 Pin 1 [Passive, Line]
[pin_not_connected]: Pin not connected
    ; error
    @(2058.28 mm, 492.04 mm): Symbol C65 Pin 2 [Passive, Line]
[label_dangling]: Label not connected
    ; error
    @(2080.66 mm, 443.23 mm): Label 'ETH_10G_TX_P'
[label_dangling]: Label not connected
    ; error
    @(2080.66 mm, 445.77 mm): Label 'ETH_10G_TX_N'
[label_dangling]: Label not connected
    ; error
    @(2080.66 mm, 448.31 mm): Label 'ETH_10G_RX_P'
[pin_not_connected]: Pin not connected
    ; error
    @(2080.66 mm, 458.47 mm): Symbol #PWR09951 Pin 1 [Power input, Line]
[pin_not_connected]: Pin not connected
    ; error
    @(2080.66 mm, 461.01 mm): Symbol #PWR10090 Pin 1 [Power input, Line]
[label_dangling]: Label not connected
    ; error
    @(2080.66 mm, 483.23 mm): Label 'ETH2_TXP'
[pin_not_connected]: Pin not connected
    ; error
    @(2080.66 mm, 498.47 mm): Symbol #PWR10095 Pin 1 [Power input, Line]
[pin_not_connected]: Pin not connected
    ; error
    @(2080.66 mm, 501.01 mm): Symbol #PWR10030 Pin 1 [Power input, Line]
[pin_not_connected]: Pin not connected
    ; error
    @(2083.20 mm, 435.61 mm): Symbol J_ETH1 Pin 1 [Pin_1, Passive, Line]
[pin_not_connected]: Pin not connected
    ; error
    @(2083.20 mm, 438.15 mm): Symbol J_ETH1 Pin 2 [Pin_2, Passive, Line]
[pin_not_connected]: Pin not connected
    ; error
    @(2083.20 mm, 440.69 mm): Symbol J_ETH1 Pin 3 [Pin_3, Passive, Line]
[pin_not_connected]: Pin not connected
    ; error
    @(2083.20 mm, 443.23 mm): Symbol J_ETH1 Pin 4 [Pin_4, Passive, Line]
[pin_not_connected]: Pin not connected
    ; error
    @(2083.20 mm, 445.77 mm): Symbol J_ETH1 Pin 5 [Pin_5, Passive, Line]
[pin_not_connected]: Pin not connected
    ; error
    @(2083.20 mm, 448.31 mm): Symbol J_ETH1 Pin 6 [Pin_6, Passive, Line]
[pin_not_connected]: Pin not connected
    ; error
    @(2083.20 mm, 450.85 mm): Symbol J_ETH1 Pin 7 [Pin_7, Passive, Line]
[pin_not_connected]: Pin not connected
    ; error
    @(2083.20 mm, 453.39 mm): Symbol J_ETH1 Pin 8 [Pin_8, Passive, Line]
[pin_not_connected]: Pin not connected
    ; error
    @(2083.20 mm, 475.61 mm): Symbol J_ETH2 Pin 1 [Pin_1, Passive, Line]
[pin_not_connected]: Pin not connected
    ; error
    @(2083.20 mm, 478.15 mm): Symbol J_ETH2 Pin 2 [Pin_2, Passive, Line]
[pin_not_connected]: Pin not connected
    ; error
    @(2083.20 mm, 480.69 mm): Symbol J_ETH2 Pin 3 [Pin_3, Passive, Line]
[pin_not_connected]: Pin not connected
    ; error
    @(2083.20 mm, 483.23 mm): Symbol J_ETH2 Pin 4 [Pin_4, Passive, Line]
[pin_not_connected]: Pin not connected
    ; error
    @(2083.20 mm, 485.77 mm): Symbol J_ETH2 Pin 5 [Pin_5, Passive, Line]
[pin_not_connected]: Pin not connected
    ; error
    @(2083.20 mm, 488.31 mm): Symbol J_ETH2 Pin 6 [Pin_6, Passive, Line]
[pin_not_connected]: Pin not connected
    ; error
    @(2083.20 mm, 490.85 mm): Symbol J_ETH2 Pin 7 [Pin_7, Passive, Line]
[pin_not_connected]: Pin not connected
    ; error
    @(2083.20 mm, 493.39 mm): Symbol J_ETH2 Pin 8 [Pin_8, Passive, Line]
[label_dangling]: Label not connected
    ; error
    @(2140.66 mm, 295.77 mm): Label 'GPU_DP_TX_N0'
[label_dangling]: Label not connected
    ; error
    @(2140.66 mm, 300.85 mm): Label 'GPU_DP_TX_N1'
[label_dangling]: Label not connected
    ; error
    @(2140.66 mm, 305.93 mm): Label 'GPU_DP_TX_N2'
[label_dangling]: Label not connected
    ; error
    @(2140.66 mm, 308.47 mm): Label 'GPU_DP_TX_P3'
[label_dangling]: Label not connected
    ; error
    @(2140.66 mm, 311.01 mm): Label 'GPU_DP_TX_N3'
[label_dangling]: Label not connected
    ; error
    @(2140.66 mm, 316.09 mm): Label 'GPU_DP_AUX_N'
[pin_not_connected]: Pin not connected
    ; error
    @(2140.66 mm, 321.17 mm): Symbol #PWR5139 Pin 1 [Power input, Line]
[pin_not_connected]: Pin not connected
    ; error
    @(2143.20 mm, 285.61 mm): Symbol J_DP_OUT1 Pin 1 [Pin_1, Passive, Line]
[pin_not_connected]: Pin not connected
    ; error
    @(2143.20 mm, 288.15 mm): Symbol J_DP_OUT1 Pin 2 [Pin_2, Passive, Line]
[pin_not_connected]: Pin not connected
    ; error
    @(2143.20 mm, 290.69 mm): Symbol J_DP_OUT1 Pin 3 [Pin_3, Passive, Line]
[pin_not_connected]: Pin not connected
    ; error
    @(2143.20 mm, 293.23 mm): Symbol J_DP_OUT1 Pin 4 [Pin_4, Passive, Line]
[pin_not_connected]: Pin not connected
    ; error
    @(2143.20 mm, 295.77 mm): Symbol J_DP_OUT1 Pin 5 [Pin_5, Passive, Line]
[pin_not_connected]: Pin not connected
    ; error
    @(2143.20 mm, 298.31 mm): Symbol J_DP_OUT1 Pin 6 [Pin_6, Passive, Line]
[pin_not_connected]: Pin not connected
    ; error
    @(2143.20 mm, 300.85 mm): Symbol J_DP_OUT1 Pin 7 [Pin_7, Passive, Line]
[pin_not_connected]: Pin not connected
    ; error
    @(2143.20 mm, 303.39 mm): Symbol J_DP_OUT1 Pin 8 [Pin_8, Passive, Line]
[pin_not_connected]: Pin not connected
    ; error
    @(2238.12 mm, 433.07 mm): Symbol U22 Pin 14 [SER, Input, Line]
[pin_not_driven]: Input pin not driven by any Output pins
    ; error
    @(2238.12 mm, 433.07 mm): Symbol U22 Pin 14 [SER, Input, Line]
[pin_not_connected]: Pin not connected
    ; error
    @(2238.12 mm, 438.15 mm): Symbol U22 Pin 11 [SRCLK, Input, Line]
[pin_not_driven]: Input pin not driven by any Output pins
    ; error
    @(2238.12 mm, 438.15 mm): Symbol U22 Pin 11 [SRCLK, Input, Line]
[pin_not_connected]: Pin not connected
    ; error
    @(2238.12 mm, 440.69 mm): Symbol U22 Pin 10 [~{SRCLR}, Input, Line]
[pin_not_driven]: Input pin not driven by any Output pins
    ; error
    @(2238.12 mm, 440.69 mm): Symbol U22 Pin 10 [~{SRCLR}, Input, Line]
[pin_not_connected]: Pin not connected
    ; error
    @(2238.12 mm, 445.77 mm): Symbol U22 Pin 12 [RCLK, Input, Line]
[pin_not_driven]: Input pin not driven by any Output pins
    ; error
    @(2238.12 mm, 445.77 mm): Symbol U22 Pin 12 [RCLK, Input, Line]
[pin_not_connected]: Pin not connected
    ; error
    @(2238.12 mm, 448.31 mm): Symbol U22 Pin 13 [~{OE}, Input, Line]
[pin_not_driven]: Input pin not driven by any Output pins
    ; error
    @(2238.12 mm, 448.31 mm): Symbol U22 Pin 13 [~{OE}, Input, Line]
[pin_not_connected]: Pin not connected
    ; error
    @(2240.66 mm, 290.69 mm): Symbol #PWR10052 Pin 1 [~, Power input, Line]
[pin_not_connected]: Pin not connected
    ; error
    @(2240.66 mm, 298.31 mm): Symbol #PWR1503 Pin 1 [Power input, Line]
[pin_not_connected]: Pin not connected
    ; error
    @(2240.66 mm, 318.31 mm): Symbol #PWR10031 Pin 1 [Power input, Line]
[label_dangling]: Label not connected
    ; error
    @(2240.66 mm, 333.23 mm): Label 'ETH_LAN0_LED_A'
[pin_not_connected]: Pin not connected
    ; error
    @(2240.66 mm, 338.31 mm): Symbol #PWR1448 Pin 1 [Power input, Line]
[pin_not_connected]: Pin not connected
    ; error
    @(2240.66 mm, 358.31 mm): Symbol #PWR09970 Pin 1 [Power input, Line]
[pin_not_connected]: Pin not connected
    ; error
    @(2240.66 mm, 378.31 mm): Symbol #PWR09895 Pin 1 [Power input, Line]
[pin_not_connected]: Pin not connected
    ; error
    @(2240.66 mm, 440.69 mm): Symbol #PWR10051 Pin 1 [Power input, Line]
[label_dangling]: Label not connected
    ; error
    @(2240.66 mm, 443.23 mm): Label 'POST_SER'
[label_dangling]: Label not connected
    ; error
    @(2240.66 mm, 445.77 mm): Label 'POST_SRCLK'
[label_dangling]: Label not connected
    ; error
    @(2240.66 mm, 450.85 mm): Label 'POST_OE_N'
[pin_not_connected]: Pin not connected
    ; error
    @(2240.66 mm, 463.55 mm): Symbol #PWR10003 Pin 1 [Power input, Line]
[pin_not_connected]: Pin not connected
    ; error
    @(2240.66 mm, 478.23 mm): Symbol #PWR09947 Pin 1 [Power input, Line]
[pin_not_connected]: Pin not connected
    ; error
    @(2244.47 mm, 293.23 mm): Symbol D1 Pin 1 [K, Passive, Line]
[pin_not_connected]: Pin not connected
    ; error
    @(2244.47 mm, 313.23 mm): Symbol D2 Pin 1 [K, Passive, Line]
[pin_not_connected]: Pin not connected
    ; error
    @(2244.47 mm, 333.23 mm): Symbol D3 Pin 1 [K, Passive, Line]
[pin_not_connected]: Pin not connected
    ; error
    @(2244.47 mm, 353.23 mm): Symbol D4 Pin 1 [K, Passive, Line]
[pin_not_connected]: Pin not connected
    ; error
    @(2244.47 mm, 373.23 mm): Symbol D5 Pin 1 [K, Passive, Line]
[pin_not_connected]: Pin not connected
    ; error
    @(2248.28 mm, 427.99 mm): Symbol U22 Pin 16 [VCC, Power input, Line]
[power_pin_not_driven]: Input Power pin not driven by any Output Power pins
    ; error
    @(2248.28 mm, 427.99 mm): Symbol U22 Pin 16 [VCC, Power input, Line]
[pin_not_connected]: Pin not connected
    ; error
    @(2248.28 mm, 461.01 mm): Symbol U22 Pin 8 [GND, Power input, Line]
[power_pin_not_driven]: Input Power pin not driven by any Output Power pins
    ; error
    @(2248.28 mm, 461.01 mm): Symbol U22 Pin 8 [GND, Power input, Line]
[pin_not_connected]: Pin not connected
    ; error
    @(2252.09 mm, 293.23 mm): Symbol D1 Pin 2 [A, Passive, Line]
[pin_not_connected]: Pin not connected
    ; error
    @(2252.09 mm, 313.23 mm): Symbol D2 Pin 2 [A, Passive, Line]
[pin_not_connected]: Pin not connected
    ; error
    @(2252.09 mm, 333.23 mm): Symbol D3 Pin 2 [A, Passive, Line]
[pin_not_connected]: Pin not connected
    ; error
    @(2252.09 mm, 353.23 mm): Symbol D4 Pin 2 [A, Passive, Line]
[pin_not_connected]: Pin not connected
    ; error
    @(2252.09 mm, 373.23 mm): Symbol D5 Pin 2 [A, Passive, Line]
[pin_not_connected]: Pin not connected
    ; error
    @(2258.44 mm, 433.07 mm): Symbol U22 Pin 15 [QA, Tri-state, Line]
[pin_not_connected]: Pin not connected
    ; error
    @(2258.44 mm, 435.61 mm): Symbol U22 Pin 1 [QB, Tri-state, Line]
[pin_not_connected]: Pin not connected
    ; error
    @(2258.44 mm, 438.15 mm): Symbol U22 Pin 2 [QC, Tri-state, Line]
[pin_not_connected]: Pin not connected
    ; error
    @(2258.44 mm, 440.69 mm): Symbol U22 Pin 3 [QD, Tri-state, Line]
[pin_not_connected]: Pin not connected
    ; error
    @(2258.44 mm, 443.23 mm): Symbol U22 Pin 4 [QE, Tri-state, Line]
[pin_not_connected]: Pin not connected
    ; error
    @(2258.44 mm, 445.77 mm): Symbol U22 Pin 5 [QF, Tri-state, Line]
[pin_not_connected]: Pin not connected
    ; error
    @(2258.44 mm, 448.31 mm): Symbol U22 Pin 6 [QG, Tri-state, Line]
[pin_not_connected]: Pin not connected
    ; error
    @(2258.44 mm, 450.85 mm): Symbol U22 Pin 7 [QH, Tri-state, Line]
[pin_not_connected]: Pin not connected
    ; error
    @(2258.44 mm, 455.93 mm): Symbol U22 Pin 9 [QH', Output, Line]
[pin_not_connected]: Pin not connected
    ; error
    @(2268.28 mm, 289.42 mm): Symbol R60 Pin 1 [Passive, Line]
[pin_not_connected]: Pin not connected
    ; error
    @(2268.28 mm, 297.04 mm): Symbol R60 Pin 2 [Passive, Line]
[pin_not_connected]: Pin not connected
    ; error
    @(2268.28 mm, 309.42 mm): Symbol R61 Pin 1 [Passive, Line]
[pin_not_connected]: Pin not connected
    ; error
    @(2268.28 mm, 317.04 mm): Symbol R61 Pin 2 [Passive, Line]
[pin_not_connected]: Pin not connected
    ; error
    @(2268.28 mm, 329.42 mm): Symbol R62 Pin 1 [Passive, Line]
[pin_not_connected]: Pin not connected
    ; error
    @(2268.28 mm, 337.04 mm): Symbol R62 Pin 2 [Passive, Line]
[pin_not_connected]: Pin not connected
    ; error
    @(2268.28 mm, 349.42 mm): Symbol R63 Pin 1 [Passive, Line]
[pin_not_connected]: Pin not connected
    ; error
    @(2268.28 mm, 357.04 mm): Symbol R63 Pin 2 [Passive, Line]
[pin_not_connected]: Pin not connected
    ; error
    @(2268.28 mm, 369.42 mm): Symbol R80 Pin 1 [Passive, Line]
[pin_not_connected]: Pin not connected
    ; error
    @(2268.28 mm, 377.04 mm): Symbol R80 Pin 2 [Passive, Line]
[label_dangling]: Label not connected
    ; error
    @(2268.60 mm, 443.23 mm): Label 'POST_D0_A'
[label_dangling]: Label not connected
    ; error
    @(2268.60 mm, 450.85 mm): Label 'POST_D0_D'
[label_dangling]: Label not connected
    ; error
    @(2268.60 mm, 453.39 mm): Label 'POST_D0_E'
[label_dangling]: Label not connected
    ; error
    @(2268.60 mm, 458.47 mm): Label 'POST_D0_G'
[pin_not_connected]: Pin not connected
    ; error
    @(2278.28 mm, 339.42 mm): Symbol R81 Pin 1 [Passive, Line]
[pin_not_connected]: Pin not connected
    ; error
    @(2278.28 mm, 347.04 mm): Symbol R81 Pin 2 [Passive, Line]
[pin_not_connected]: Pin not connected
    ; error
    @(2278.28 mm, 354.42 mm): Symbol R82 Pin 1 [Passive, Line]
[pin_not_connected]: Pin not connected
    ; error
    @(2278.28 mm, 362.04 mm): Symbol R82 Pin 2 [Passive, Line]
[label_dangling]: Label not connected
    ; error
    @(2280.66 mm, 445.77 mm): Label 'POST_D0_B'
[label_dangling]: Label not connected
    ; error
    @(2280.66 mm, 448.31 mm): Label 'POST_D0_C'
[pin_not_connected]: Pin not connected
    ; error
    @(2285.90 mm, 348.31 mm): Symbol #PWR10093 Pin 1 [Power input, Line]
[pin_not_connected]: Pin not connected
    ; error
    @(2285.90 mm, 363.31 mm): Symbol #PWR09945 Pin 1 [Power input, Line]
[pin_not_connected]: Pin not connected
    ; error
    @(2288.28 mm, 439.42 mm): Symbol R64 Pin 1 [Passive, Line]
[pin_not_connected]: Pin not connected
    ; error
    @(2288.28 mm, 441.96 mm): Symbol R65 Pin 1 [Passive, Line]
[pin_not_connected]: Pin not connected
    ; error
    @(2288.28 mm, 444.50 mm): Symbol R66 Pin 1 [Passive, Line]
[pin_not_connected]: Pin not connected
    ; error
    @(2288.28 mm, 459.74 mm): Symbol R69 Pin 2 [Passive, Line]
[pin_not_connected]: Pin not connected
    ; error
    @(2288.28 mm, 462.28 mm): Symbol R70 Pin 2 [Passive, Line]
[pin_not_connected]: Pin not connected
    ; error
    @(2288.28 mm, 464.82 mm): Symbol R71 Pin 2 [Passive, Line]
[pin_not_connected]: Pin not connected
    ; error
    @(2298.12 mm, 433.07 mm): Symbol U23 Pin 14 [SER, Input, Line]
[pin_not_driven]: Input pin not driven by any Output pins
    ; error
    @(2298.12 mm, 433.07 mm): Symbol U23 Pin 14 [SER, Input, Line]
[pin_not_connected]: Pin not connected
    ; error
    @(2298.12 mm, 438.15 mm): Symbol U23 Pin 11 [SRCLK, Input, Line]
[pin_not_driven]: Input pin not driven by any Output pins
    ; error
    @(2298.12 mm, 438.15 mm): Symbol U23 Pin 11 [SRCLK, Input, Line]
[pin_not_connected]: Pin not connected
    ; error
    @(2298.12 mm, 440.69 mm): Symbol U23 Pin 10 [~{SRCLR}, Input, Line]
[pin_not_driven]: Input pin not driven by any Output pins
    ; error
    @(2298.12 mm, 440.69 mm): Symbol U23 Pin 10 [~{SRCLR}, Input, Line]
[pin_not_connected]: Pin not connected
    ; error
    @(2298.12 mm, 445.77 mm): Symbol U23 Pin 12 [RCLK, Input, Line]
[pin_not_driven]: Input pin not driven by any Output pins
    ; error
    @(2298.12 mm, 445.77 mm): Symbol U23 Pin 12 [RCLK, Input, Line]
[pin_not_connected]: Pin not connected
    ; error
    @(2298.12 mm, 448.31 mm): Symbol U23 Pin 13 [~{OE}, Input, Line]
[pin_not_driven]: Input pin not driven by any Output pins
    ; error
    @(2298.12 mm, 448.31 mm): Symbol U23 Pin 13 [~{OE}, Input, Line]
[pin_not_connected]: Pin not connected
    ; error
    @(2300.66 mm, 398.31 mm): Symbol #PWR10028 Pin 1 [Power input, Line]
[pin_not_connected]: Pin not connected
    ; error
    @(2300.66 mm, 418.31 mm): Symbol #PWR10053 Pin 1 [Power input, Line]
[pin_not_connected]: Pin not connected
    ; error
    @(2300.66 mm, 440.69 mm): Symbol #PWR09896 Pin 1 [Power input, Line]
[label_dangling]: Label not connected
    ; error
    @(2300.66 mm, 443.23 mm): Label 'POST_SER_OUT'
[label_dangling]: Label not connected
    ; error
    @(2300.66 mm, 448.31 mm): Label 'POST_RCLK'
[pin_not_connected]: Pin not connected
    ; error
    @(2300.66 mm, 463.55 mm): Symbol #PWR09922 Pin 1 [Power input, Line]
[pin_not_connected]: Pin not connected
    ; error
    @(2308.28 mm, 389.42 mm): Symbol C60 Pin 1 [Passive, Line]
[pin_not_connected]: Pin not connected
    ; error
    @(2308.28 mm, 397.04 mm): Symbol C60 Pin 2 [Passive, Line]
[pin_not_connected]: Pin not connected
    ; error
    @(2308.28 mm, 409.42 mm): Symbol C62 Pin 1 [Passive, Line]
[pin_not_connected]: Pin not connected
    ; error
    @(2308.28 mm, 417.04 mm): Symbol C62 Pin 2 [Passive, Line]
[pin_not_connected]: Pin not connected
    ; error
    @(2308.28 mm, 427.99 mm): Symbol U23 Pin 16 [VCC, Power input, Line]
[power_pin_not_driven]: Input Power pin not driven by any Output Power pins
    ; error
    @(2308.28 mm, 427.99 mm): Symbol U23 Pin 16 [VCC, Power input, Line]
[pin_not_connected]: Pin not connected
    ; error
    @(2308.28 mm, 461.01 mm): Symbol U23 Pin 8 [GND, Power input, Line]
[power_pin_not_driven]: Input Power pin not driven by any Output Power pins
    ; error
    @(2308.28 mm, 461.01 mm): Symbol U23 Pin 8 [GND, Power input, Line]
[pin_not_connected]: Pin not connected
    ; error
    @(2318.44 mm, 433.07 mm): Symbol U23 Pin 15 [QA, Tri-state, Line]
[pin_not_connected]: Pin not connected
    ; error
    @(2318.44 mm, 435.61 mm): Symbol U23 Pin 1 [QB, Tri-state, Line]
[pin_not_connected]: Pin not connected
    ; error
    @(2318.44 mm, 438.15 mm): Symbol U23 Pin 2 [QC, Tri-state, Line]
[pin_not_connected]: Pin not connected
    ; error
    @(2318.44 mm, 440.69 mm): Symbol U23 Pin 3 [QD, Tri-state, Line]
[pin_not_connected]: Pin not connected
    ; error
    @(2318.44 mm, 443.23 mm): Symbol U23 Pin 4 [QE, Tri-state, Line]
[pin_not_connected]: Pin not connected
    ; error
    @(2318.44 mm, 445.77 mm): Symbol U23 Pin 5 [QF, Tri-state, Line]
[pin_not_connected]: Pin not connected
    ; error
    @(2318.44 mm, 448.31 mm): Symbol U23 Pin 6 [QG, Tri-state, Line]
[pin_not_connected]: Pin not connected
    ; error
    @(2318.44 mm, 450.85 mm): Symbol U23 Pin 7 [QH, Tri-state, Line]
[pin_not_connected]: Pin not connected
    ; error
    @(2318.44 mm, 455.93 mm): Symbol U23 Pin 9 [QH', Output, Line]
[pin_not_connected]: Pin not connected
    ; error
    @(2320.66 mm, 398.31 mm): Symbol #PWR09969 Pin 1 [Power input, Line]
[pin_not_connected]: Pin not connected
    ; error
    @(2320.66 mm, 418.31 mm): Symbol #PWR09965 Pin 1 [Power input, Line]
[pin_not_connected]: Pin not connected
    ; error
    @(2328.28 mm, 389.42 mm): Symbol C61 Pin 1 [Passive, Line]
[pin_not_connected]: Pin not connected
    ; error
    @(2328.28 mm, 397.04 mm): Symbol C61 Pin 2 [Passive, Line]
[pin_not_connected]: Pin not connected
    ; error
    @(2328.28 mm, 409.42 mm): Symbol C63 Pin 1 [Passive, Line]
[pin_not_connected]: Pin not connected
    ; error
    @(2328.28 mm, 417.04 mm): Symbol C63 Pin 2 [Passive, Line]
[label_dangling]: Label not connected
    ; error
    @(2328.60 mm, 445.77 mm): Label 'POST_D1_B'
[label_dangling]: Label not connected
    ; error
    @(2328.60 mm, 453.39 mm): Label 'POST_D1_E'
[label_dangling]: Label not connected
    ; error
    @(2328.60 mm, 455.93 mm): Label 'POST_D1_F'
[label_dangling]: Label not connected
    ; error
    @(2340.66 mm, 448.31 mm): Label 'POST_D1_C'
[label_dangling]: Label not connected
    ; error
    @(2340.66 mm, 450.85 mm): Label 'POST_D1_D'
[label_dangling]: Label not connected
    ; error
    @(2340.66 mm, 458.47 mm): Label 'POST_D1_G'
[label_dangling]: Label not connected
    ; error
    @(2340.66 mm, 461.01 mm): Label 'POST_D1_DP'
[pin_not_connected]: Pin not connected
    ; error
    @(2348.28 mm, 439.42 mm): Symbol R72 Pin 1 [Passive, Line]
[pin_not_connected]: Pin not connected
    ; error
    @(2348.28 mm, 441.96 mm): Symbol R73 Pin 1 [Passive, Line]
[pin_not_connected]: Pin not connected
    ; error
    @(2348.28 mm, 444.50 mm): Symbol R74 Pin 1 [Passive, Line]
[pin_not_connected]: Pin not connected
    ; error
    @(2348.28 mm, 459.74 mm): Symbol R77 Pin 2 [Passive, Line]
[pin_not_connected]: Pin not connected
    ; error
    @(2348.28 mm, 462.28 mm): Symbol R78 Pin 2 [Passive, Line]
[pin_not_connected]: Pin not connected
    ; error
    @(2348.28 mm, 464.82 mm): Symbol R79 Pin 2 [Passive, Line]
[label_dangling]: Label not connected
    ; error
    @(2370.66 mm, 455.93 mm): Label 'POST_D0_F'
[label_dangling]: Label not connected
    ; error
    @(2370.66 mm, 461.01 mm): Label 'POST_D0_DP'
[pin_not_connected]: Pin not connected
    ; error
    @(2370.66 mm, 463.55 mm): Symbol #PWR3107 Pin 1 [Power input, Line]
[pin_not_connected]: Pin not connected
    ; error
    @(2370.66 mm, 473.71 mm): Symbol #PWR10094 Pin 1 [Power input, Line]
[pin_not_connected]: Pin not connected
    ; error
    @(2373.20 mm, 433.07 mm): Symbol J_POST_D0 Pin 1 [Pin_1, Passive, Line]
[pin_not_connected]: Pin not connected
    ; error
    @(2373.20 mm, 435.61 mm): Symbol J_POST_D0 Pin 2 [Pin_2, Passive, Line]
[pin_not_connected]: Pin not connected
    ; error
    @(2373.20 mm, 438.15 mm): Symbol J_POST_D0 Pin 3 [Pin_3, Passive, Line]
[pin_not_connected]: Pin not connected
    ; error
    @(2373.20 mm, 440.69 mm): Symbol J_POST_D0 Pin 4 [Pin_4, Passive, Line]
[pin_not_connected]: Pin not connected
    ; error
    @(2373.20 mm, 443.23 mm): Symbol J_POST_D0 Pin 5 [Pin_5, Passive, Line]
[pin_not_connected]: Pin not connected
    ; error
    @(2373.20 mm, 445.77 mm): Symbol J_POST_D0 Pin 6 [Pin_6, Passive, Line]
[pin_not_connected]: Pin not connected
    ; error
    @(2373.20 mm, 448.31 mm): Symbol J_POST_D0 Pin 7 [Pin_7, Passive, Line]
[pin_not_connected]: Pin not connected
    ; error
    @(2373.20 mm, 450.85 mm): Symbol J_POST_D0 Pin 8 [Pin_8, Passive, Line]
[pin_not_connected]: Pin not connected
    ; error
    @(2373.20 mm, 453.39 mm): Symbol J_POST_D0 Pin 9 [Pin_9, Passive, Line]
[pin_not_connected]: Pin not connected
    ; error
    @(2373.20 mm, 455.93 mm): Symbol J_POST_D0 Pin 10 [Pin_10, Passive, Line]
[label_dangling]: Label not connected
    ; error
    @(2400.66 mm, 443.23 mm): Label 'POST_D1_A'
[pin_not_connected]: Pin not connected
    ; error
    @(2400.66 mm, 463.55 mm): Symbol #PWR09991 Pin 1 [Power input, Line]
[pin_not_connected]: Pin not connected
    ; error
    @(2400.66 mm, 473.71 mm): Symbol #PWR09975 Pin 1 [Power input, Line]
[pin_not_connected]: Pin not connected
    ; error
    @(2403.20 mm, 433.07 mm): Symbol J_POST_D1 Pin 1 [Pin_1, Passive, Line]
[pin_not_connected]: Pin not connected
    ; error
    @(2403.20 mm, 435.61 mm): Symbol J_POST_D1 Pin 2 [Pin_2, Passive, Line]
[pin_not_connected]: Pin not connected
    ; error
    @(2403.20 mm, 438.15 mm): Symbol J_POST_D1 Pin 3 [Pin_3, Passive, Line]
[pin_not_connected]: Pin not connected
    ; error
    @(2403.20 mm, 440.69 mm): Symbol J_POST_D1 Pin 4 [Pin_4, Passive, Line]
[pin_not_connected]: Pin not connected
    ; error
    @(2403.20 mm, 443.23 mm): Symbol J_POST_D1 Pin 5 [Pin_5, Passive, Line]
[pin_not_connected]: Pin not connected
    ; error
    @(2403.20 mm, 445.77 mm): Symbol J_POST_D1 Pin 6 [Pin_6, Passive, Line]
[pin_not_connected]: Pin not connected
    ; error
    @(2403.20 mm, 448.31 mm): Symbol J_POST_D1 Pin 7 [Pin_7, Passive, Line]
[pin_not_connected]: Pin not connected
    ; error
    @(2403.20 mm, 450.85 mm): Symbol J_POST_D1 Pin 8 [Pin_8, Passive, Line]
[pin_not_connected]: Pin not connected
    ; error
    @(2403.20 mm, 453.39 mm): Symbol J_POST_D1 Pin 9 [Pin_9, Passive, Line]
[pin_not_connected]: Pin not connected
    ; error
    @(2403.20 mm, 455.93 mm): Symbol J_POST_D1 Pin 10 [Pin_10, Passive, Line]
[endpoint_off_grid]: Symbol pin or wire end off connection grid
    ; warning
    @(70.66 mm, 265.23 mm): Symbol #PWR10062 Pin 1 [Power input, Line]
[endpoint_off_grid]: Symbol pin or wire end off connection grid
    ; warning
    @(78.28 mm, 261.42 mm): Symbol F1 Pin 1 [Passive, Line]
[endpoint_off_grid]: Symbol pin or wire end off connection grid
    ; warning
    @(82.57 mm, 450.24 mm): Symbol J_ATX24 Pin 1 [Pin_1, Passive, Line]
[endpoint_off_grid]: Symbol pin or wire end off connection grid
    ; warning
    @(82.57 mm, 506.12 mm): Symbol J_EPS8 Pin 1 [Pin_1, Passive, Line]
[endpoint_off_grid]: Symbol pin or wire end off connection grid
    ; warning
    @(82.57 mm, 525.17 mm): Symbol J_PCIE1 Pin 1 [Pin_1, Passive, Line]
[endpoint_off_grid]: Symbol pin or wire end off connection grid
    ; warning
    @(82.57 mm, 545.49 mm): Symbol J_PCIE2 Pin 1 [Pin_1, Passive, Line]
[endpoint_off_grid]: Symbol pin or wire end off connection grid
    ; warning
    @(87.65 mm, 356.26 mm): Symbol J2 Pin A1 [GND, Passive, Line]
[endpoint_off_grid]: Symbol pin or wire end off connection grid
    ; warning
    @(87.65 mm, 405.79 mm): Symbol J3 Pin A1 [GND, Passive, Line]
[endpoint_off_grid]: Symbol pin or wire end off connection grid
    ; warning
    @(89.47 mm, 431.23 mm): Symbol D6 Pin 1 [A1, Passive, Line]
[endpoint_off_grid]: Symbol pin or wire end off connection grid
    ; warning
    @(100.90 mm, 436.31 mm): Symbol #PWR10059 Pin 1 [Power input, Line]
[endpoint_off_grid]: Symbol pin or wire end off connection grid
    ; warning
    @(102.89 mm, 287.68 mm): Symbol J1 Pin A5 [CC1, Bidirectional, Line]
[endpoint_off_grid]: Symbol pin or wire end off connection grid
    ; warning
    @(105.28 mm, 273.23 mm): Symbol #PWR10048 Pin 1 [Power input, Line]
[endpoint_off_grid]: Symbol pin or wire end off connection grid
    ; warning
    @(105.28 mm, 324.23 mm): Symbol #PWR10072 Pin 1 [Power input, Line]
[endpoint_off_grid]: Symbol pin or wire end off connection grid
    ; warning
    @(105.28 mm, 373.23 mm): Symbol #PWR10046 Pin 1 [Power input, Line]
[endpoint_off_grid]: Symbol pin or wire end off connection grid
    ; warning
    @(107.97 mm, 413.41 mm): Symbol #PWR01 Pin 1 [Power output, Line]
[endpoint_off_grid]: Symbol pin or wire end off connection grid
    ; warning
    @(114.39 mm, 278.23 mm): Symbol U24 Pin 1 [A1, Passive, Line]
[endpoint_off_grid]: Symbol pin or wire end off connection grid
    ; warning
    @(114.39 mm, 329.23 mm): Symbol U25 Pin 1 [A1, Passive, Line]
[endpoint_off_grid]: Symbol pin or wire end off connection grid
    ; warning
    @(114.39 mm, 379.23 mm): Symbol U26 Pin 1 [A1, Passive, Line]
[endpoint_off_grid]: Symbol pin or wire end off connection grid
    ; warning
    @(123.21 mm, 272.44 mm): Symbol R1 Pin 1 [Passive, Line]
[endpoint_off_grid]: Symbol pin or wire end off connection grid
    ; warning
    @(123.21 mm, 283.87 mm): Symbol R2 Pin 1 [Passive, Line]
[endpoint_off_grid]: Symbol pin or wire end off connection grid
    ; warning
    @(123.21 mm, 321.97 mm): Symbol R3 Pin 1 [Passive, Line]
[endpoint_off_grid]: Symbol pin or wire end off connection grid
    ; warning
    @(123.21 mm, 334.67 mm): Symbol R4 Pin 1 [Passive, Line]
[endpoint_off_grid]: Symbol pin or wire end off connection grid
    ; warning
    @(123.21 mm, 372.77 mm): Symbol R5 Pin 1 [Passive, Line]
[endpoint_off_grid]: Symbol pin or wire end off connection grid
    ; warning
    @(123.21 mm, 384.20 mm): Symbol R6 Pin 1 [Passive, Line]
[endpoint_off_grid]: Symbol pin or wire end off connection grid
    ; warning
    @(123.21 mm, 413.41 mm): Symbol #PWR02 Pin 1 [Power output, Line]
[lib_symbol_issues]: Symbol 'D_TVS_Dual_Series' not found in symbol library 'Device'
    ; warning
    @(123.28 mm, 278.23 mm): Symbol U24 [D_TVS_Dual_Series]
[lib_symbol_issues]: Symbol 'D_TVS_Dual_Series' not found in symbol library 'Device'
    ; warning
    @(123.28 mm, 329.23 mm): Symbol U25 [D_TVS_Dual_Series]
[lib_symbol_issues]: Symbol 'D_TVS_Dual_Series' not found in symbol library 'Device'
    ; warning
    @(123.28 mm, 379.23 mm): Symbol U26 [D_TVS_Dual_Series]
[endpoint_off_grid]: Symbol pin or wire end off connection grid
    ; warning
    @(123.28 mm, 458.23 mm): Symbol #PWR10060 Pin 1 [~, Power input, Line]
[lib_symbol_issues]: Symbol '+5VSB' not found in symbol library 'power'
    ; warning
    @(123.28 mm, 458.23 mm): Symbol #PWR10060 [+5VSB]
[endpoint_off_grid]: Symbol pin or wire end off connection grid
    ; warning
    @(123.28 mm, 473.23 mm): Symbol #PWR0256 Pin 1 [Power output, Line]
[endpoint_off_grid]: Symbol pin or wire end off connection grid
    ; warning
    @(125.82 mm, 270.61 mm): Symbol #PWR09962 Pin 1 [Power input, Line]
[endpoint_off_grid]: Symbol pin or wire end off connection grid
    ; warning
    @(125.82 mm, 285.85 mm): Symbol #PWR09910 Pin 1 [Power input, Line]
[endpoint_off_grid]: Symbol pin or wire end off connection grid
    ; warning
    @(125.82 mm, 321.61 mm): Symbol #PWR10066 Pin 1 [Power input, Line]
[endpoint_off_grid]: Symbol pin or wire end off connection grid
    ; warning
    @(125.82 mm, 336.85 mm): Symbol #PWR09942 Pin 1 [Power input, Line]
[endpoint_off_grid]: Symbol pin or wire end off connection grid
    ; warning
    @(125.82 mm, 371.61 mm): Symbol #PWR10082 Pin 1 [Power input, Line]
[endpoint_off_grid]: Symbol pin or wire end off connection grid
    ; warning
    @(125.82 mm, 386.85 mm): Symbol #PWR10081 Pin 1 [Power input, Line]
[endpoint_off_grid]: Symbol pin or wire end off connection grid
    ; warning
    @(135.91 mm, 277.52 mm): Symbol C1 Pin 1 [Passive, Line]
[endpoint_off_grid]: Symbol pin or wire end off connection grid
    ; warning
    @(135.91 mm, 327.05 mm): Symbol C2 Pin 1 [Passive, Line]
[endpoint_off_grid]: Symbol pin or wire end off connection grid
    ; warning
    @(135.91 mm, 377.85 mm): Symbol C3 Pin 1 [Passive, Line]
[endpoint_off_grid]: Symbol pin or wire end off connection grid
    ; warning
    @(138.45 mm, 346.10 mm): Symbol U2 Pin 1 [~{CS}, Input, Line]
[endpoint_off_grid]: Symbol pin or wire end off connection grid
    ; warning
    @(143.53 mm, 462.94 mm): Symbol J_PWRBTN1 Pin 1 [Pin_1, Passive, Line]
[endpoint_off_grid]: Symbol pin or wire end off connection grid
    ; warning
    @(143.53 mm, 478.18 mm): Symbol J_PWRLED1 Pin 1 [Pin_1, Passive, Line]
[endpoint_off_grid]: Symbol pin or wire end off connection grid
    ; warning
    @(143.53 mm, 493.42 mm): Symbol J_PWROK1 Pin 1 [Pin_1, Passive, Line]
[endpoint_off_grid]: Symbol pin or wire end off connection grid
    ; warning
    @(160.04 mm, 306.73 mm): Symbol R7 Pin 1 [Passive, Line]
[endpoint_off_grid]: Symbol pin or wire end off connection grid
    ; warning
    @(161.31 mm, 337.21 mm): Symbol C5 Pin 1 [Passive, Line]
[endpoint_off_grid]: Symbol pin or wire end off connection grid
    ; warning
    @(167.66 mm, 471.83 mm): Symbol R8 Pin 1 [Passive, Line]
[endpoint_off_grid]: Symbol pin or wire end off connection grid
    ; warning
    @(195.60 mm, 287.68 mm): Symbol U1 Pin 1 [IOVDD, Power input, Line]
[lib_symbol_mismatch]: Symbol 'RP2040' doesn't match copy in library 'MCU_RaspberryPi'
    ; warning
    @(198.14 mm, 333.40 mm): Symbol U1 [RP2040]
[endpoint_off_grid]: Symbol pin or wire end off connection grid
    ; warning
    @(200.66 mm, 628.31 mm): Symbol #PWR10079 Pin 1 [Power input, Line]
[endpoint_off_grid]: Symbol pin or wire end off connection grid
    ; warning
    @(203.20 mm, 620.69 mm): Symbol J_UART1 Pin 1 [Pin_1, Passive, Line]
[endpoint_off_grid]: Symbol pin or wire end off connection grid
    ; warning
    @(205.76 mm, 271.17 mm): Symbol C4 Pin 1 [Passive, Line]
[endpoint_off_grid]: Symbol pin or wire end off connection grid
    ; warning
    @(230.50 mm, 253.86 mm): Symbol U_CPU1 Pin 1L1 [DQ0_D1, Bidirectional, Line]
[endpoint_off_grid]: Symbol pin or wire end off connection grid
    ; warning
    @(230.50 mm, 442.43 mm): Symbol U_CPU1 Pin 2L1 [DQ32_D1, Bidirectional, Line]
[endpoint_off_grid]: Symbol pin or wire end off connection grid
    ; warning
    @(230.50 mm, 806.87 mm): Symbol U_CPU1 Pin 4L1 [DQ0_A_D3, Bidirectional, Line]
[endpoint_off_grid]: Symbol pin or wire end off connection grid
    ; warning
    @(230.50 mm, 1261.48 mm): Symbol U_CPU1 Pin 6L1 [PCIE_PET0_p, Output, Line]
[endpoint_off_grid]: Symbol pin or wire end off connection grid
    ; warning
    @(230.50 mm, 1476.72 mm): Symbol U_CPU1 Pin 7L1 [ETH_PET0_p, Output, Line]
[endpoint_off_grid]: Symbol pin or wire end off connection grid
    ; warning
    @(230.50 mm, 1669.10 mm): Symbol U_CPU1 Pin 8L1 [LPC_AD0, Output, Line]
[endpoint_off_grid]: Symbol pin or wire end off connection grid
    ; warning
    @(230.50 mm, 1874.18 mm): Symbol U_CPU1 Pin 9L1 [USB_HUB_SS_TX_p, Bidirectional, Line]
[similar_labels]: Labels are similar (lower/upper case difference only)
    ; warning
    @(233.04 mm, 1276.73 mm): Label 'PERST_PCIe1_n'
    @(233.04 mm, 1281.73 mm): Label 'PERST_PCIE1_n'
[similar_labels]: Labels are similar (lower/upper case difference only)
    ; warning
    @(233.04 mm, 1276.73 mm): Label 'PERST_PCIe1_n'
    @(2000.66 mm, 336.43 mm): Label 'PERST_PCIE1_n'
[similar_labels]: Labels are similar (lower/upper case difference only)
    ; warning
    @(233.04 mm, 1289.23 mm): Label 'SCI_N'
    @(1478.28 mm, 388.23 mm): Label 'SCI_n'
[similar_labels]: Labels are similar (lower/upper case difference only)
    ; warning
    @(233.04 mm, 1289.23 mm): Label 'SCI_N'
    @(398.28 mm, 1688.23 mm): Label 'SCI_n'
[multiple_net_names]: Both PCIE_PET0_n and PCIE_PET5_p are attached to the same items; PCIE_PET0_n will be used in the netlist
    ; warning
    @(227.96 mm, 1304.66 mm): Label 'PCIE_PET0_n'
    @(233.04 mm, 1312.28 mm): Label 'PCIE_PET5_p'
[lib_symbol_issues]: The current configuration does not include the symbol library ''
    ; warning
    @(248.28 mm, 293.23 mm): Symbol U_CPU1 [i7-12700H]
[lib_symbol_issues]: The current configuration does not include the symbol library ''
    ; warning
    @(248.28 mm, 493.23 mm): Symbol U_CPU1 [i7-12700H]
[lib_symbol_issues]: The current configuration does not include the symbol library ''
    ; warning
    @(248.28 mm, 693.23 mm): Symbol U_CPU1 [i7-12700H]
[endpoint_off_grid]: Symbol pin or wire end off connection grid
    ; warning
    @(248.28 mm, 843.23 mm): Symbol #PWR10144 Pin 1 [Power output, Line]
[lib_symbol_issues]: The current configuration does not include the symbol library ''
    ; warning
    @(248.28 mm, 893.23 mm): Symbol U_CPU1 [i7-12700H]
[lib_symbol_issues]: The current configuration does not include the symbol library ''
    ; warning
    @(248.28 mm, 1093.23 mm): Symbol U_CPU1 [i7-12700H]
[lib_symbol_issues]: The current configuration does not include the symbol library ''
    ; warning
    @(248.28 mm, 1293.23 mm): Symbol U_CPU1 [i7-12700H]
[lib_symbol_issues]: The current configuration does not include the symbol library ''
    ; warning
    @(248.28 mm, 1493.23 mm): Symbol U_CPU1 [i7-12700H]
[lib_symbol_issues]: The current configuration does not include the symbol library ''
    ; warning
    @(248.28 mm, 1693.23 mm): Symbol U_CPU1 [i7-12700H]
[lib_symbol_issues]: The current configuration does not include the symbol library ''
    ; warning
    @(248.28 mm, 1893.23 mm): Symbol U_CPU1 [i7-12700H]
[endpoint_off_grid]: Symbol pin or wire end off connection grid
    ; warning
    @(262.91 mm, 302.92 mm): Symbol J_GPIO1 Pin 1 [Pin_1, Passive, Line]
[endpoint_off_grid]: Symbol pin or wire end off connection grid
    ; warning
    @(262.91 mm, 400.71 mm): Symbol J_SWD1 Pin 1 [Pin_1, Passive, Line]
[endpoint_off_grid]: Symbol pin or wire end off connection grid
    ; warning
    @(266.06 mm, 713.55 mm): Symbol U_CPU1 Pin 3R43 [DQS2_t_D2, Output, Line]
[endpoint_off_grid]: Symbol pin or wire end off connection grid
    ; warning
    @(266.06 mm, 1067.83 mm): Symbol U_CPU1 Pin 5R25 [DQ27_B_D4, Bidirectional, Line]
[multiple_net_names]: Both PCIE_PER0_n and PCIE_PER2_n are attached to the same items; PCIE_PER0_n will be used in the netlist
    ; warning
    @(2028.60 mm, 298.31 mm): Label 'PCIE_PER0_n'
    @(268.60 mm, 1299.58 mm): Label 'PCIE_PER2_n'
[multiple_net_names]: Both ETH_MDC and ETH_PER1_p are attached to the same items; ETH_MDC will be used in the netlist
    ; warning
    @(1478.28 mm, 418.47 mm): Label 'ETH_MDC'
    @(268.60 mm, 1507.20 mm): Label 'ETH_PER1_p'
[multiple_net_names]: Both 3V3_SB and T_IN1 are attached to the same items; 3V3_SB will be used in the netlist
    ; warning
    @(1453.28 mm, 359.69 mm): Label '3V3_SB'
    @(268.60 mm, 1714.82 mm): Label 'T_IN1'
[endpoint_off_grid]: Symbol pin or wire end off connection grid
    ; warning
    @(307.36 mm, 454.05 mm): Symbol R9 Pin 1 [Passive, Line]
[endpoint_off_grid]: Symbol pin or wire end off connection grid
    ; warning
    @(307.36 mm, 461.67 mm): Symbol #PWR10036 Pin 1 [Power input, Line]
[endpoint_off_grid]: Symbol pin or wire end off connection grid
    ; warning
    @(307.36 mm, 468.02 mm): Symbol C6 Pin 1 [Passive, Line]
[endpoint_off_grid]: Symbol pin or wire end off connection grid
    ; warning
    @(307.36 mm, 475.64 mm): Symbol #PWR10159 Pin 1 [Power input, Line]
[endpoint_off_grid]: Symbol pin or wire end off connection grid
    ; warning
    @(307.36 mm, 476.91 mm): Symbol R10 Pin 1 [Passive, Line]
[endpoint_off_grid]: Symbol pin or wire end off connection grid
    ; warning
    @(307.36 mm, 487.07 mm): Symbol R11 Pin 1 [Passive, Line]
[endpoint_off_grid]: Symbol pin or wire end off connection grid
    ; warning
    @(307.36 mm, 494.69 mm): Symbol #PWR10009 Pin 1 [Power input, Line]
[endpoint_off_grid]: Symbol pin or wire end off connection grid
    ; warning
    @(307.36 mm, 523.90 mm): Symbol R12 Pin 1 [Passive, Line]
[endpoint_off_grid]: Symbol pin or wire end off connection grid
    ; warning
    @(307.36 mm, 537.87 mm): Symbol C9 Pin 1 [Passive, Line]
[endpoint_off_grid]: Symbol pin or wire end off connection grid
    ; warning
    @(307.36 mm, 546.76 mm): Symbol R13 Pin 1 [Passive, Line]
[endpoint_off_grid]: Symbol pin or wire end off connection grid
    ; warning
    @(307.36 mm, 556.92 mm): Symbol R14 Pin 1 [Passive, Line]
[endpoint_off_grid]: Symbol pin or wire end off connection grid
    ; warning
    @(307.36 mm, 593.75 mm): Symbol R15 Pin 1 [Passive, Line]
[endpoint_off_grid]: Symbol pin or wire end off connection grid
    ; warning
    @(307.36 mm, 601.37 mm): Symbol #PWR03 Pin 1 [Power input, Line]
[endpoint_off_grid]: Symbol pin or wire end off connection grid
    ; warning
    @(307.36 mm, 607.72 mm): Symbol C12 Pin 1 [Passive, Line]
[endpoint_off_grid]: Symbol pin or wire end off connection grid
    ; warning
    @(307.36 mm, 615.34 mm): Symbol #PWR04 Pin 1 [Power input, Line]
[endpoint_off_grid]: Symbol pin or wire end off connection grid
    ; warning
    @(307.36 mm, 615.34 mm): Symbol #PWR05 Pin 1 [Power input, Line]
[endpoint_off_grid]: Symbol pin or wire end off connection grid
    ; warning
    @(307.36 mm, 616.61 mm): Symbol R16 Pin 1 [Passive, Line]
[endpoint_off_grid]: Symbol pin or wire end off connection grid
    ; warning
    @(307.36 mm, 626.77 mm): Symbol R17 Pin 1 [Passive, Line]
[endpoint_off_grid]: Symbol pin or wire end off connection grid
    ; warning
    @(307.36 mm, 634.39 mm): Symbol #PWR06 Pin 1 [Power input, Line]
[endpoint_off_grid]: Symbol pin or wire end off connection grid
    ; warning
    @(307.36 mm, 634.39 mm): Symbol #PWR07 Pin 1 [Power input, Line]
[endpoint_off_grid]: Symbol pin or wire end off connection grid
    ; warning
    @(307.36 mm, 663.60 mm): Symbol R18 Pin 1 [Passive, Line]
[endpoint_off_grid]: Symbol pin or wire end off connection grid
    ; warning
    @(307.36 mm, 671.22 mm): Symbol #PWR10150 Pin 1 [Power input, Line]
[endpoint_off_grid]: Symbol pin or wire end off connection grid
    ; warning
    @(307.36 mm, 671.22 mm): Symbol #PWR08 Pin 1 [Power input, Line]
[endpoint_off_grid]: Symbol pin or wire end off connection grid
    ; warning
    @(307.36 mm, 677.57 mm): Symbol C15 Pin 1 [Passive, Line]
[endpoint_off_grid]: Symbol pin or wire end off connection grid
    ; warning
    @(307.36 mm, 685.19 mm): Symbol #PWR10016 Pin 1 [Power input, Line]
[endpoint_off_grid]: Symbol pin or wire end off connection grid
    ; warning
    @(307.36 mm, 685.19 mm): Symbol #PWR09 Pin 1 [Power input, Line]
[endpoint_off_grid]: Symbol pin or wire end off connection grid
    ; warning
    @(307.36 mm, 685.19 mm): Symbol #PWR010 Pin 1 [Power input, Line]
[endpoint_off_grid]: Symbol pin or wire end off connection grid
    ; warning
    @(307.36 mm, 686.46 mm): Symbol R19 Pin 1 [Passive, Line]
[endpoint_off_grid]: Symbol pin or wire end off connection grid
    ; warning
    @(307.36 mm, 696.62 mm): Symbol R20 Pin 1 [Passive, Line]
[endpoint_off_grid]: Symbol pin or wire end off connection grid
    ; warning
    @(307.36 mm, 704.24 mm): Symbol #PWR012 Pin 1 [Power input, Line]
[endpoint_off_grid]: Symbol pin or wire end off connection grid
    ; warning
    @(307.36 mm, 704.24 mm): Symbol #PWR011 Pin 1 [Power input, Line]
[endpoint_off_grid]: Symbol pin or wire end off connection grid
    ; warning
    @(322.60 mm, 455.32 mm): Symbol #PWR10004 Pin 1 [Power output, Line]
[endpoint_off_grid]: Symbol pin or wire end off connection grid
    ; warning
    @(322.60 mm, 455.32 mm): Symbol #PWR10169 Pin 1 [Power input, Line]
[endpoint_off_grid]: Symbol pin or wire end off connection grid
    ; warning
    @(322.60 mm, 462.94 mm): Symbol U3 Pin 1 [CLKOUT, Output, Line]
[endpoint_off_grid]: Symbol pin or wire end off connection grid
    ; warning
    @(322.60 mm, 532.79 mm): Symbol U4 Pin 1 [CLKOUT, Output, Line]
[endpoint_off_grid]: Symbol pin or wire end off connection grid
    ; warning
    @(322.60 mm, 602.64 mm): Symbol U5 Pin 1 [CLKOUT, Output, Line]
[endpoint_off_grid]: Symbol pin or wire end off connection grid
    ; warning
    @(322.60 mm, 664.87 mm): Symbol #PWR09964 Pin 1 [Power input, Line]
[endpoint_off_grid]: Symbol pin or wire end off connection grid
    ; warning
    @(322.60 mm, 664.87 mm): Symbol #PWR10199 Pin 1 [Power input, Line]
[endpoint_off_grid]: Symbol pin or wire end off connection grid
    ; warning
    @(322.60 mm, 672.49 mm): Symbol U6 Pin 1 [CLKOUT, Output, Line]
[endpoint_off_grid]: Symbol pin or wire end off connection grid
    ; warning
    @(332.76 mm, 478.18 mm): Symbol #PWR10188 Pin 1 [Power input, Line]
[endpoint_off_grid]: Symbol pin or wire end off connection grid
    ; warning
    @(332.76 mm, 687.73 mm): Symbol #PWR09978 Pin 1 [Power input, Line]
[endpoint_off_grid]: Symbol pin or wire end off connection grid
    ; warning
    @(332.76 mm, 690.27 mm): Symbol #PWR014 Pin 1 [Power input, Line]
[endpoint_off_grid]: Symbol pin or wire end off connection grid
    ; warning
    @(332.76 mm, 690.27 mm): Symbol #PWR013 Pin 1 [Power input, Line]
[endpoint_off_grid]: Symbol pin or wire end off connection grid
    ; warning
    @(337.84 mm, 447.70 mm): Symbol #PWR10206 Pin 1 [Power input, Line]
[endpoint_off_grid]: Symbol pin or wire end off connection grid
    ; warning
    @(337.84 mm, 478.18 mm): Symbol #PWR09956 Pin 1 [Power input, Line]
[endpoint_off_grid]: Symbol pin or wire end off connection grid
    ; warning
    @(337.84 mm, 654.71 mm): Symbol #PWR015 Pin 1 [Power input, Line]
[endpoint_off_grid]: Symbol pin or wire end off connection grid
    ; warning
    @(337.84 mm, 654.71 mm): Symbol #PWR016 Pin 1 [Power input, Line]
[endpoint_off_grid]: Symbol pin or wire end off connection grid
    ; warning
    @(337.84 mm, 657.25 mm): Symbol #PWR10158 Pin 1 [Power input, Line]
[endpoint_off_grid]: Symbol pin or wire end off connection grid
    ; warning
    @(337.84 mm, 687.73 mm): Symbol #PWR10156 Pin 1 [Power input, Line]
[endpoint_off_grid]: Symbol pin or wire end off connection grid
    ; warning
    @(340.38 mm, 447.70 mm): Symbol #PWR10195 Pin 1 [Power input, Line]
[endpoint_off_grid]: Symbol pin or wire end off connection grid
    ; warning
    @(340.38 mm, 478.18 mm): Symbol #PWR10191 Pin 1 [Power input, Line]
[endpoint_off_grid]: Symbol pin or wire end off connection grid
    ; warning
    @(340.38 mm, 654.71 mm): Symbol #PWR018 Pin 1 [Power input, Line]
[endpoint_off_grid]: Symbol pin or wire end off connection grid
    ; warning
    @(340.38 mm, 654.71 mm): Symbol #PWR017 Pin 1 [Power input, Line]
[endpoint_off_grid]: Symbol pin or wire end off connection grid
    ; warning
    @(340.38 mm, 657.25 mm): Symbol #PWR5980 Pin 1 [Power input, Line]
[endpoint_off_grid]: Symbol pin or wire end off connection grid
    ; warning
    @(340.38 mm, 687.73 mm): Symbol #PWR5257 Pin 1 [Power input, Line]
[endpoint_off_grid]: Symbol pin or wire end off connection grid
    ; warning
    @(364.47 mm, 601.23 mm): Symbol U29 Pin 1 [A1, Passive, Line]
[lib_symbol_issues]: Symbol 'D_TVS_Array_4channels' not found in symbol library 'Device'
    ; warning
    @(368.28 mm, 601.23 mm): Symbol U29 [D_TVS_Array_4channels]
[endpoint_off_grid]: Symbol pin or wire end off connection grid
    ; warning
    @(368.32 mm, 445.16 mm): Symbol C8 Pin 1 [Passive, Line]
[endpoint_off_grid]: Symbol pin or wire end off connection grid
    ; warning
    @(368.32 mm, 515.01 mm): Symbol C10 Pin 1 [Passive, Line]
[endpoint_off_grid]: Symbol pin or wire end off connection grid
    ; warning
    @(368.32 mm, 584.86 mm): Symbol C13 Pin 1 [Passive, Line]
[endpoint_off_grid]: Symbol pin or wire end off connection grid
    ; warning
    @(368.32 mm, 654.71 mm): Symbol C16 Pin 1 [Passive, Line]
[endpoint_off_grid]: Symbol pin or wire end off connection grid
    ; warning
    @(370.82 mm, 589.23 mm): Symbol #PWR09889 Pin 1 [Power input, Line]
[endpoint_off_grid]: Symbol pin or wire end off connection grid
    ; warning
    @(370.82 mm, 613.23 mm): Symbol #PWR10084 Pin 1 [Power input, Line]
[endpoint_off_grid]: Symbol pin or wire end off connection grid
    ; warning
    @(378.48 mm, 587.40 mm): Symbol #PWR020 Pin 1 [Power input, Line]
[endpoint_off_grid]: Symbol pin or wire end off connection grid
    ; warning
    @(378.48 mm, 587.40 mm): Symbol #PWR019 Pin 1 [Power input, Line]
[endpoint_off_grid]: Symbol pin or wire end off connection grid
    ; warning
    @(378.48 mm, 617.88 mm): Symbol #PWR022 Pin 1 [Power input, Line]
[endpoint_off_grid]: Symbol pin or wire end off connection grid
    ; warning
    @(378.48 mm, 617.88 mm): Symbol #PWR021 Pin 1 [Power input, Line]
[endpoint_off_grid]: Symbol pin or wire end off connection grid
    ; warning
    @(378.48 mm, 657.25 mm): Symbol #PWR023 Pin 1 [Power input, Line]
[endpoint_off_grid]: Symbol pin or wire end off connection grid
    ; warning
    @(378.48 mm, 657.25 mm): Symbol #PWR024 Pin 1 [Power input, Line]
[endpoint_off_grid]: Symbol pin or wire end off connection grid
    ; warning
    @(378.48 mm, 687.73 mm): Symbol #PWR025 Pin 1 [Power input, Line]
[endpoint_off_grid]: Symbol pin or wire end off connection grid
    ; warning
    @(378.48 mm, 687.73 mm): Symbol #PWR026 Pin 1 [Power input, Line]
[endpoint_off_grid]: Symbol pin or wire end off connection grid
    ; warning
    @(381.02 mm, 447.70 mm): Symbol Q1 Pin D [D, Passive, Line]
[endpoint_off_grid]: Symbol pin or wire end off connection grid
    ; warning
    @(381.02 mm, 447.70 mm): Symbol #PWR09985 Pin 1 [Power output, Line]
[endpoint_off_grid]: Symbol pin or wire end off connection grid
    ; warning
    @(381.02 mm, 447.70 mm): Symbol #PWR9586 Pin 1 [Power input, Line]
[endpoint_off_grid]: Symbol pin or wire end off connection grid
    ; warning
    @(381.02 mm, 468.02 mm): Symbol Q2 Pin D [D, Passive, Line]
[endpoint_off_grid]: Symbol pin or wire end off connection grid
    ; warning
    @(381.02 mm, 478.18 mm): Symbol #PWR09916 Pin 1 [Power input, Line]
[endpoint_off_grid]: Symbol pin or wire end off connection grid
    ; warning
    @(381.02 mm, 517.55 mm): Symbol Q3 Pin D [D, Passive, Line]
[endpoint_off_grid]: Symbol pin or wire end off connection grid
    ; warning
    @(381.02 mm, 537.87 mm): Symbol Q4 Pin D [D, Passive, Line]
[endpoint_off_grid]: Symbol pin or wire end off connection grid
    ; warning
    @(381.02 mm, 587.40 mm): Symbol #PWR10180 Pin 1 [Power input, Line]
[endpoint_off_grid]: Symbol pin or wire end off connection grid
    ; warning
    @(381.02 mm, 587.40 mm): Symbol Q5 Pin D [D, Passive, Line]
[endpoint_off_grid]: Symbol pin or wire end off connection grid
    ; warning
    @(381.02 mm, 607.72 mm): Symbol Q6 Pin D [D, Passive, Line]
[endpoint_off_grid]: Symbol pin or wire end off connection grid
    ; warning
    @(381.02 mm, 617.88 mm): Symbol #PWR10021 Pin 1 [Power input, Line]
[endpoint_off_grid]: Symbol pin or wire end off connection grid
    ; warning
    @(381.02 mm, 657.25 mm): Symbol Q7 Pin D [D, Passive, Line]
[endpoint_off_grid]: Symbol pin or wire end off connection grid
    ; warning
    @(381.02 mm, 657.25 mm): Symbol #PWR09883 Pin 1 [Power input, Line]
[endpoint_off_grid]: Symbol pin or wire end off connection grid
    ; warning
    @(381.02 mm, 677.57 mm): Symbol Q8 Pin D [D, Passive, Line]
[endpoint_off_grid]: Symbol pin or wire end off connection grid
    ; warning
    @(381.02 mm, 687.73 mm): Symbol #PWR6170 Pin 1 [Power input, Line]
[endpoint_off_grid]: Symbol pin or wire end off connection grid
    ; warning
    @(393.20 mm, 1685.61 mm): Symbol U_CNVio2 Pin 1 [Pin_1, Passive, Line]
[endpoint_off_grid]: Symbol pin or wire end off connection grid
    ; warning
    @(393.20 mm, 1708.15 mm): Symbol U_CNVio2_RGI1 Pin 1 [Pin_1, Passive, Line]
[endpoint_off_grid]: Symbol pin or wire end off connection grid
    ; warning
    @(393.20 mm, 1783.07 mm): Symbol U_TB4_CAM1 Pin 1 [Pin_1, Passive, Line]
[endpoint_off_grid]: Symbol pin or wire end off connection grid
    ; warning
    @(393.20 mm, 1818.15 mm): Symbol U_TB4_CAM1_RX1 Pin 1 [Pin_1, Passive, Line]
[endpoint_off_grid]: Symbol pin or wire end off connection grid
    ; warning
    @(403.88 mm, 457.86 mm): Symbol L1 Pin 1 [1, Passive, Line]
[endpoint_off_grid]: Symbol pin or wire end off connection grid
    ; warning
    @(403.88 mm, 527.71 mm): Symbol L2 Pin 1 [1, Passive, Line]
[endpoint_off_grid]: Symbol pin or wire end off connection grid
    ; warning
    @(403.88 mm, 597.56 mm): Symbol L3 Pin 1 [1, Passive, Line]
[endpoint_off_grid]: Symbol pin or wire end off connection grid
    ; warning
    @(403.88 mm, 667.41 mm): Symbol L4 Pin 1 [1, Passive, Line]
[endpoint_off_grid]: Symbol pin or wire end off connection grid
    ; warning
    @(422.93 mm, 457.86 mm): Symbol C7 Pin 1 [Passive, Line]
[endpoint_off_grid]: Symbol pin or wire end off connection grid
    ; warning
    @(422.93 mm, 465.48 mm): Symbol #PWR10213 Pin 1 [Power input, Line]
[endpoint_off_grid]: Symbol pin or wire end off connection grid
    ; warning
    @(422.93 mm, 527.71 mm): Symbol C11 Pin 1 [Passive, Line]
[endpoint_off_grid]: Symbol pin or wire end off connection grid
    ; warning
    @(422.93 mm, 597.56 mm): Symbol C14 Pin 1 [Passive, Line]
[endpoint_off_grid]: Symbol pin or wire end off connection grid
    ; warning
    @(422.93 mm, 605.18 mm): Symbol #PWR028 Pin 1 [Power input, Line]
[endpoint_off_grid]: Symbol pin or wire end off connection grid
    ; warning
    @(422.93 mm, 605.18 mm): Symbol #PWR027 Pin 1 [Power input, Line]
[endpoint_off_grid]: Symbol pin or wire end off connection grid
    ; warning
    @(422.93 mm, 667.41 mm): Symbol C17 Pin 1 [Passive, Line]
[endpoint_off_grid]: Symbol pin or wire end off connection grid
    ; warning
    @(422.93 mm, 675.03 mm): Symbol #PWR030 Pin 1 [Power input, Line]
[endpoint_off_grid]: Symbol pin or wire end off connection grid
    ; warning
    @(422.93 mm, 675.03 mm): Symbol #PWR029 Pin 1 [Power input, Line]
[endpoint_off_grid]: Symbol pin or wire end off connection grid
    ; warning
    @(448.28 mm, 289.42 mm): Symbol R50 Pin 1 [Passive, Line]
[endpoint_off_grid]: Symbol pin or wire end off connection grid
    ; warning
    @(463.20 mm, 305.45 mm): Symbol U15 Pin 1 [Pin_1, Passive, Line]
[endpoint_off_grid]: Symbol pin or wire end off connection grid
    ; warning
    @(463.20 mm, 505.45 mm): Symbol U17 Pin 1 [Pin_1, Passive, Line]
[endpoint_off_grid]: Symbol pin or wire end off connection grid
    ; warning
    @(508.02 mm, 343.56 mm): Symbol #PWR09907 Pin 1 [Power input, Line]
[endpoint_off_grid]: Symbol pin or wire end off connection grid
    ; warning
    @(508.02 mm, 343.56 mm): Symbol J_DIMM1 Pin 1 [1, Unspecified, Line]
[pin_to_pin]: Pins of type Unspecified and Power input are connected
    ; warning
    @(508.02 mm, 343.56 mm): Symbol J_DIMM1 Pin 1 [1, Unspecified, Line]
    @(508.02 mm, 343.56 mm): Symbol #PWR09907 Pin 1 [Power input, Line]
[endpoint_off_grid]: Symbol pin or wire end off connection grid
    ; warning
    @(508.02 mm, 346.10 mm): Symbol #PWR10196 Pin 1 [Power input, Line]
[pin_to_pin]: Pins of type Unspecified and Power input are connected
    ; warning
    @(508.02 mm, 346.10 mm): Symbol J_DIMM1 Pin 2 [2, Unspecified, Line]
    @(508.02 mm, 346.10 mm): Symbol #PWR10196 Pin 1 [Power input, Line]
[endpoint_off_grid]: Symbol pin or wire end off connection grid
    ; warning
    @(508.02 mm, 353.72 mm): Symbol #PWR09913 Pin 1 [Power input, Line]
[pin_to_pin]: Pins of type Unspecified and Power input are connected
    ; warning
    @(508.02 mm, 353.72 mm): Symbol J_DIMM1 Pin 5 [5, Unspecified, Line]
    @(508.02 mm, 353.72 mm): Symbol #PWR09913 Pin 1 [Power input, Line]
[endpoint_off_grid]: Symbol pin or wire end off connection grid
    ; warning
    @(508.02 mm, 356.26 mm): Symbol #PWR09933 Pin 1 [Power input, Line]
[pin_to_pin]: Pins of type Unspecified and Power input are connected
    ; warning
    @(508.02 mm, 356.26 mm): Symbol J_DIMM1 Pin 6 [6, Unspecified, Line]
    @(508.02 mm, 356.26 mm): Symbol #PWR09933 Pin 1 [Power input, Line]
[endpoint_off_grid]: Symbol pin or wire end off connection grid
    ; warning
    @(508.02 mm, 363.88 mm): Symbol #PWR09900 Pin 1 [Power input, Line]
[pin_to_pin]: Pins of type Unspecified and Power input are connected
    ; warning
    @(508.02 mm, 363.88 mm): Symbol J_DIMM1 Pin 9 [9, Unspecified, Line]
    @(508.02 mm, 363.88 mm): Symbol #PWR09900 Pin 1 [Power input, Line]
[endpoint_off_grid]: Symbol pin or wire end off connection grid
    ; warning
    @(508.02 mm, 366.42 mm): Symbol #PWR9614 Pin 1 [Power input, Line]
[pin_to_pin]: Pins of type Unspecified and Power input are connected
    ; warning
    @(508.02 mm, 366.42 mm): Symbol J_DIMM1 Pin 10 [10, Unspecified, Line]
    @(508.02 mm, 366.42 mm): Symbol #PWR9614 Pin 1 [Power input, Line]
[endpoint_off_grid]: Symbol pin or wire end off connection grid
    ; warning
    @(508.02 mm, 376.58 mm): Symbol #PWR10146 Pin 1 [Power input, Line]
[pin_to_pin]: Pins of type Unspecified and Power input are connected
    ; warning
    @(508.02 mm, 376.58 mm): Symbol J_DIMM1 Pin 14 [14, Unspecified, Line]
    @(508.02 mm, 376.58 mm): Symbol #PWR10146 Pin 1 [Power input, Line]
[endpoint_off_grid]: Symbol pin or wire end off connection grid
    ; warning
    @(508.02 mm, 379.12 mm): Symbol #PWR09949 Pin 1 [Power input, Line]
[pin_to_pin]: Pins of type Unspecified and Power input are connected
    ; warning
    @(508.02 mm, 379.12 mm): Symbol J_DIMM1 Pin 15 [15, Unspecified, Line]
    @(508.02 mm, 379.12 mm): Symbol #PWR09949 Pin 1 [Power input, Line]
[endpoint_off_grid]: Symbol pin or wire end off connection grid
    ; warning
    @(508.02 mm, 386.74 mm): Symbol #PWR10186 Pin 1 [Power input, Line]
[pin_to_pin]: Pins of type Unspecified and Power input are connected
    ; warning
    @(508.02 mm, 386.74 mm): Symbol J_DIMM1 Pin 18 [18, Unspecified, Line]
    @(508.02 mm, 386.74 mm): Symbol #PWR10186 Pin 1 [Power input, Line]
[endpoint_off_grid]: Symbol pin or wire end off connection grid
    ; warning
    @(508.02 mm, 389.28 mm): Symbol #PWR09993 Pin 1 [Power input, Line]
[pin_to_pin]: Pins of type Unspecified and Power input are connected
    ; warning
    @(508.02 mm, 389.28 mm): Symbol J_DIMM1 Pin 19 [19, Unspecified, Line]
    @(508.02 mm, 389.28 mm): Symbol #PWR09993 Pin 1 [Power input, Line]
[endpoint_off_grid]: Symbol pin or wire end off connection grid
    ; warning
    @(508.02 mm, 396.90 mm): Symbol #PWR09957 Pin 1 [Power input, Line]
[pin_to_pin]: Pins of type Unspecified and Power input are connected
    ; warning
    @(508.02 mm, 396.90 mm): Symbol J_DIMM1 Pin 22 [22, Unspecified, Line]
    @(508.02 mm, 396.90 mm): Symbol #PWR09957 Pin 1 [Power input, Line]
[endpoint_off_grid]: Symbol pin or wire end off connection grid
    ; warning
    @(508.02 mm, 399.44 mm): Symbol #PWR1347 Pin 1 [Power input, Line]
[pin_to_pin]: Pins of type Unspecified and Power input are connected
    ; warning
    @(508.02 mm, 399.44 mm): Symbol J_DIMM1 Pin 23 [23, Unspecified, Line]
    @(508.02 mm, 399.44 mm): Symbol #PWR1347 Pin 1 [Power input, Line]
[endpoint_off_grid]: Symbol pin or wire end off connection grid
    ; warning
    @(508.02 mm, 407.06 mm): Symbol #PWR09908 Pin 1 [Power input, Line]
[pin_to_pin]: Pins of type Unspecified and Power input are connected
    ; warning
    @(508.02 mm, 407.06 mm): Symbol J_DIMM1 Pin 26 [26, Unspecified, Line]
    @(508.02 mm, 407.06 mm): Symbol #PWR09908 Pin 1 [Power input, Line]
[endpoint_off_grid]: Symbol pin or wire end off connection grid
    ; warning
    @(508.02 mm, 409.60 mm): Symbol #PWR09974 Pin 1 [Power input, Line]
[pin_to_pin]: Pins of type Unspecified and Power input are connected
    ; warning
    @(508.02 mm, 409.60 mm): Symbol J_DIMM1 Pin 27 [27, Unspecified, Line]
    @(508.02 mm, 409.60 mm): Symbol #PWR09974 Pin 1 [Power input, Line]
[endpoint_off_grid]: Symbol pin or wire end off connection grid
    ; warning
    @(508.02 mm, 417.22 mm): Symbol #PWR10006 Pin 1 [Power input, Line]
[pin_to_pin]: Pins of type Unspecified and Power input are connected
    ; warning
    @(508.02 mm, 417.22 mm): Symbol J_DIMM1 Pin 30 [30, Unspecified, Line]
    @(508.02 mm, 417.22 mm): Symbol #PWR10006 Pin 1 [Power input, Line]
[endpoint_off_grid]: Symbol pin or wire end off connection grid
    ; warning
    @(508.02 mm, 419.76 mm): Symbol #PWR09874 Pin 1 [Power input, Line]
[pin_to_pin]: Pins of type Unspecified and Power input are connected
    ; warning
    @(508.02 mm, 419.76 mm): Symbol J_DIMM1 Pin 31 [31, Unspecified, Line]
    @(508.02 mm, 419.76 mm): Symbol #PWR09874 Pin 1 [Power input, Line]
[endpoint_off_grid]: Symbol pin or wire end off connection grid
    ; warning
    @(508.02 mm, 429.92 mm): Symbol #PWR09988 Pin 1 [Power input, Line]
[pin_to_pin]: Pins of type Unspecified and Power input are connected
    ; warning
    @(508.02 mm, 429.92 mm): Symbol J_DIMM1 Pin 35 [35, Unspecified, Line]
    @(508.02 mm, 429.92 mm): Symbol #PWR09988 Pin 1 [Power input, Line]
[endpoint_off_grid]: Symbol pin or wire end off connection grid
    ; warning
    @(508.02 mm, 432.46 mm): Symbol #PWR10175 Pin 1 [Power input, Line]
[pin_to_pin]: Pins of type Unspecified and Power input are connected
    ; warning
    @(508.02 mm, 432.46 mm): Symbol J_DIMM1 Pin 36 [36, Unspecified, Line]
    @(508.02 mm, 432.46 mm): Symbol #PWR10175 Pin 1 [Power input, Line]
[endpoint_off_grid]: Symbol pin or wire end off connection grid
    ; warning
    @(508.02 mm, 440.08 mm): Symbol #PWR10184 Pin 1 [Power input, Line]
[pin_to_pin]: Pins of type Unspecified and Power input are connected
    ; warning
    @(508.02 mm, 440.08 mm): Symbol J_DIMM1 Pin 39 [39, Unspecified, Line]
    @(508.02 mm, 440.08 mm): Symbol #PWR10184 Pin 1 [Power input, Line]
[endpoint_off_grid]: Symbol pin or wire end off connection grid
    ; warning
    @(508.02 mm, 442.62 mm): Symbol #PWR09931 Pin 1 [Power input, Line]
[pin_to_pin]: Pins of type Unspecified and Power input are connected
    ; warning
    @(508.02 mm, 442.62 mm): Symbol J_DIMM1 Pin 40 [40, Unspecified, Line]
    @(508.02 mm, 442.62 mm): Symbol #PWR09931 Pin 1 [Power input, Line]
[endpoint_off_grid]: Symbol pin or wire end off connection grid
    ; warning
    @(508.02 mm, 450.24 mm): Symbol #PWR09891 Pin 1 [Power input, Line]
[pin_to_pin]: Pins of type Unspecified and Power input are connected
    ; warning
    @(508.02 mm, 450.24 mm): Symbol J_DIMM1 Pin 43 [43, Unspecified, Line]
    @(508.02 mm, 450.24 mm): Symbol #PWR09891 Pin 1 [Power input, Line]
[endpoint_off_grid]: Symbol pin or wire end off connection grid
    ; warning
    @(508.02 mm, 452.78 mm): Symbol #PWR10203 Pin 1 [Power input, Line]
[pin_to_pin]: Pins of type Unspecified and Power input are connected
    ; warning
    @(508.02 mm, 452.78 mm): Symbol J_DIMM1 Pin 44 [44, Unspecified, Line]
    @(508.02 mm, 452.78 mm): Symbol #PWR10203 Pin 1 [Power input, Line]
[endpoint_off_grid]: Symbol pin or wire end off connection grid
    ; warning
    @(508.02 mm, 473.56 mm): Symbol J_DIMM1 Pin 45 [45, Unspecified, Line]
[endpoint_off_grid]: Symbol pin or wire end off connection grid
    ; warning
    @(508.02 mm, 478.64 mm): Symbol #PWR09899 Pin 1 [Power input, Line]
[pin_to_pin]: Pins of type Unspecified and Power input are connected
    ; warning
    @(508.02 mm, 478.64 mm): Symbol J_DIMM1 Pin 47 [47, Unspecified, Line]
    @(508.02 mm, 478.64 mm): Symbol #PWR09899 Pin 1 [Power input, Line]
[endpoint_off_grid]: Symbol pin or wire end off connection grid
    ; warning
    @(508.02 mm, 481.18 mm): Symbol #PWR10193 Pin 1 [Power input, Line]
[pin_to_pin]: Pins of type Unspecified and Power input are connected
    ; warning
    @(508.02 mm, 481.18 mm): Symbol J_DIMM1 Pin 48 [48, Unspecified, Line]
    @(508.02 mm, 481.18 mm): Symbol #PWR10193 Pin 1 [Power input, Line]
[endpoint_off_grid]: Symbol pin or wire end off connection grid
    ; warning
    @(508.02 mm, 488.80 mm): Symbol #PWR09886 Pin 1 [Power input, Line]
[pin_to_pin]: Pins of type Unspecified and Power input are connected
    ; warning
    @(508.02 mm, 488.80 mm): Symbol J_DIMM1 Pin 51 [51, Unspecified, Line]
    @(508.02 mm, 488.80 mm): Symbol #PWR09886 Pin 1 [Power input, Line]
[endpoint_off_grid]: Symbol pin or wire end off connection grid
    ; warning
    @(508.02 mm, 491.34 mm): Symbol #PWR7402 Pin 1 [Power input, Line]
[pin_to_pin]: Pins of type Unspecified and Power input are connected
    ; warning
    @(508.02 mm, 491.34 mm): Symbol J_DIMM1 Pin 52 [52, Unspecified, Line]
    @(508.02 mm, 491.34 mm): Symbol #PWR7402 Pin 1 [Power input, Line]
[endpoint_off_grid]: Symbol pin or wire end off connection grid
    ; warning
    @(508.02 mm, 501.50 mm): Symbol #PWR09884 Pin 1 [Power input, Line]
[pin_to_pin]: Pins of type Unspecified and Power input are connected
    ; warning
    @(508.02 mm, 501.50 mm): Symbol J_DIMM1 Pin 56 [56, Unspecified, Line]
    @(508.02 mm, 501.50 mm): Symbol #PWR09884 Pin 1 [Power input, Line]
[endpoint_off_grid]: Symbol pin or wire end off connection grid
    ; warning
    @(508.02 mm, 504.04 mm): Symbol #PWR09918 Pin 1 [Power input, Line]
[pin_to_pin]: Pins of type Unspecified and Power input are connected
    ; warning
    @(508.02 mm, 504.04 mm): Symbol J_DIMM1 Pin 57 [57, Unspecified, Line]
    @(508.02 mm, 504.04 mm): Symbol #PWR09918 Pin 1 [Power input, Line]
[endpoint_off_grid]: Symbol pin or wire end off connection grid
    ; warning
    @(508.02 mm, 511.66 mm): Symbol #PWR10010 Pin 1 [Power input, Line]
[pin_to_pin]: Pins of type Unspecified and Power input are connected
    ; warning
    @(508.02 mm, 511.66 mm): Symbol J_DIMM1 Pin 60 [60, Unspecified, Line]
    @(508.02 mm, 511.66 mm): Symbol #PWR10010 Pin 1 [Power input, Line]
[endpoint_off_grid]: Symbol pin or wire end off connection grid
    ; warning
    @(508.02 mm, 514.20 mm): Symbol #PWR09904 Pin 1 [Power input, Line]
[pin_to_pin]: Pins of type Unspecified and Power input are connected
    ; warning
    @(508.02 mm, 514.20 mm): Symbol J_DIMM1 Pin 61 [61, Unspecified, Line]
    @(508.02 mm, 514.20 mm): Symbol #PWR09904 Pin 1 [Power input, Line]
[endpoint_off_grid]: Symbol pin or wire end off connection grid
    ; warning
    @(508.02 mm, 521.82 mm): Symbol #PWR10039 Pin 1 [Power input, Line]
[pin_to_pin]: Pins of type Unspecified and Power input are connected
    ; warning
    @(508.02 mm, 521.82 mm): Symbol J_DIMM1 Pin 64 [64, Unspecified, Line]
    @(508.02 mm, 521.82 mm): Symbol #PWR10039 Pin 1 [Power input, Line]
[endpoint_off_grid]: Symbol pin or wire end off connection grid
    ; warning
    @(508.02 mm, 524.36 mm): Symbol #PWR10037 Pin 1 [Power input, Line]
[pin_to_pin]: Pins of type Unspecified and Power input are connected
    ; warning
    @(508.02 mm, 524.36 mm): Symbol J_DIMM1 Pin 65 [65, Unspecified, Line]
    @(508.02 mm, 524.36 mm): Symbol #PWR10037 Pin 1 [Power input, Line]
[endpoint_off_grid]: Symbol pin or wire end off connection grid
    ; warning
    @(508.02 mm, 531.98 mm): Symbol #PWR8029 Pin 1 [Power input, Line]
[pin_to_pin]: Pins of type Unspecified and Power input are connected
    ; warning
    @(508.02 mm, 531.98 mm): Symbol J_DIMM1 Pin 68 [68, Unspecified, Line]
    @(508.02 mm, 531.98 mm): Symbol #PWR8029 Pin 1 [Power input, Line]
[endpoint_off_grid]: Symbol pin or wire end off connection grid
    ; warning
    @(508.02 mm, 534.52 mm): Symbol #PWR09923 Pin 1 [Power input, Line]
[pin_to_pin]: Pins of type Unspecified and Power input are connected
    ; warning
    @(508.02 mm, 534.52 mm): Symbol J_DIMM1 Pin 69 [69, Unspecified, Line]
    @(508.02 mm, 534.52 mm): Symbol #PWR09923 Pin 1 [Power input, Line]
[endpoint_off_grid]: Symbol pin or wire end off connection grid
    ; warning
    @(508.02 mm, 542.14 mm): Symbol #PWR2066 Pin 1 [Power input, Line]
[pin_to_pin]: Pins of type Unspecified and Power input are connected
    ; warning
    @(508.02 mm, 542.14 mm): Symbol J_DIMM1 Pin 72 [72, Unspecified, Line]
    @(508.02 mm, 542.14 mm): Symbol #PWR2066 Pin 1 [Power input, Line]
[endpoint_off_grid]: Symbol pin or wire end off connection grid
    ; warning
    @(508.02 mm, 544.68 mm): Symbol #PWR10176 Pin 1 [Power input, Line]
[pin_to_pin]: Pins of type Unspecified and Power input are connected
    ; warning
    @(508.02 mm, 544.68 mm): Symbol J_DIMM1 Pin 73 [73, Unspecified, Line]
    @(508.02 mm, 544.68 mm): Symbol #PWR10176 Pin 1 [Power input, Line]
[endpoint_off_grid]: Symbol pin or wire end off connection grid
    ; warning
    @(508.02 mm, 554.84 mm): Symbol #PWR09888 Pin 1 [Power input, Line]
[pin_to_pin]: Pins of type Unspecified and Power input are connected
    ; warning
    @(508.02 mm, 554.84 mm): Symbol J_DIMM1 Pin 77 [77, Unspecified, Line]
    @(508.02 mm, 554.84 mm): Symbol #PWR09888 Pin 1 [Power input, Line]
[endpoint_off_grid]: Symbol pin or wire end off connection grid
    ; warning
    @(508.02 mm, 557.38 mm): Symbol #PWR10026 Pin 1 [Power input, Line]
[pin_to_pin]: Pins of type Unspecified and Power input are connected
    ; warning
    @(508.02 mm, 557.38 mm): Symbol J_DIMM1 Pin 78 [78, Unspecified, Line]
    @(508.02 mm, 557.38 mm): Symbol #PWR10026 Pin 1 [Power input, Line]
[endpoint_off_grid]: Symbol pin or wire end off connection grid
    ; warning
    @(508.02 mm, 565.00 mm): Symbol #PWR2796 Pin 1 [Power input, Line]
[pin_to_pin]: Pins of type Unspecified and Power input are connected
    ; warning
    @(508.02 mm, 565.00 mm): Symbol J_DIMM1 Pin 81 [81, Unspecified, Line]
    @(508.02 mm, 565.00 mm): Symbol #PWR2796 Pin 1 [Power input, Line]
[endpoint_off_grid]: Symbol pin or wire end off connection grid
    ; warning
    @(508.02 mm, 567.54 mm): Symbol #PWR10197 Pin 1 [Power input, Line]
[pin_to_pin]: Pins of type Unspecified and Power input are connected
    ; warning
    @(508.02 mm, 567.54 mm): Symbol J_DIMM1 Pin 82 [82, Unspecified, Line]
    @(508.02 mm, 567.54 mm): Symbol #PWR10197 Pin 1 [Power input, Line]
[endpoint_off_grid]: Symbol pin or wire end off connection grid
    ; warning
    @(508.02 mm, 575.16 mm): Symbol #PWR1330 Pin 1 [Power input, Line]
[pin_to_pin]: Pins of type Unspecified and Power input are connected
    ; warning
    @(508.02 mm, 575.16 mm): Symbol J_DIMM1 Pin 85 [85, Unspecified, Line]
    @(508.02 mm, 575.16 mm): Symbol #PWR1330 Pin 1 [Power input, Line]
[endpoint_off_grid]: Symbol pin or wire end off connection grid
    ; warning
    @(508.02 mm, 577.70 mm): Symbol #PWR10212 Pin 1 [Power input, Line]
[pin_to_pin]: Pins of type Unspecified and Power input are connected
    ; warning
    @(508.02 mm, 577.70 mm): Symbol J_DIMM1 Pin 86 [86, Unspecified, Line]
    @(508.02 mm, 577.70 mm): Symbol #PWR10212 Pin 1 [Power input, Line]
[endpoint_off_grid]: Symbol pin or wire end off connection grid
    ; warning
    @(508.02 mm, 603.56 mm): Symbol J_DIMM1 Pin 89 [89, Unspecified, Line]
[endpoint_off_grid]: Symbol pin or wire end off connection grid
    ; warning
    @(508.02 mm, 603.56 mm): Symbol #PWR10151 Pin 1 [Power input, Line]
[pin_to_pin]: Pins of type Unspecified and Power input are connected
    ; warning
    @(508.02 mm, 603.56 mm): Symbol J_DIMM1 Pin 89 [89, Unspecified, Line]
    @(508.02 mm, 603.56 mm): Symbol #PWR10151 Pin 1 [Power input, Line]
[endpoint_off_grid]: Symbol pin or wire end off connection grid
    ; warning
    @(508.02 mm, 606.10 mm): Symbol #PWR10179 Pin 1 [Power input, Line]
[pin_to_pin]: Pins of type Unspecified and Power input are connected
    ; warning
    @(508.02 mm, 606.10 mm): Symbol J_DIMM1 Pin 90 [90, Unspecified, Line]
    @(508.02 mm, 606.10 mm): Symbol #PWR10179 Pin 1 [Power input, Line]
[endpoint_off_grid]: Symbol pin or wire end off connection grid
    ; warning
    @(508.02 mm, 613.72 mm): Symbol #PWR10166 Pin 1 [Power input, Line]
[pin_to_pin]: Pins of type Unspecified and Power input are connected
    ; warning
    @(508.02 mm, 613.72 mm): Symbol J_DIMM1 Pin 93 [93, Unspecified, Line]
    @(508.02 mm, 613.72 mm): Symbol #PWR10166 Pin 1 [Power input, Line]
[endpoint_off_grid]: Symbol pin or wire end off connection grid
    ; warning
    @(508.02 mm, 616.26 mm): Symbol #PWR09936 Pin 1 [Power input, Line]
[pin_to_pin]: Pins of type Unspecified and Power input are connected
    ; warning
    @(508.02 mm, 616.26 mm): Symbol J_DIMM1 Pin 94 [94, Unspecified, Line]
    @(508.02 mm, 616.26 mm): Symbol #PWR09936 Pin 1 [Power input, Line]
[endpoint_off_grid]: Symbol pin or wire end off connection grid
    ; warning
    @(508.02 mm, 626.42 mm): Symbol #PWR1879 Pin 1 [Power input, Line]
[pin_to_pin]: Pins of type Unspecified and Power input are connected
    ; warning
    @(508.02 mm, 626.42 mm): Symbol J_DIMM1 Pin 98 [98, Unspecified, Line]
    @(508.02 mm, 626.42 mm): Symbol #PWR1879 Pin 1 [Power input, Line]
[endpoint_off_grid]: Symbol pin or wire end off connection grid
    ; warning
    @(508.02 mm, 628.96 mm): Symbol #PWR10154 Pin 1 [Power input, Line]
[pin_to_pin]: Pins of type Unspecified and Power input are connected
    ; warning
    @(508.02 mm, 628.96 mm): Symbol J_DIMM1 Pin 99 [99, Unspecified, Line]
    @(508.02 mm, 628.96 mm): Symbol #PWR10154 Pin 1 [Power input, Line]
[endpoint_off_grid]: Symbol pin or wire end off connection grid
    ; warning
    @(508.02 mm, 636.58 mm): Symbol #PWR10216 Pin 1 [Power input, Line]
[pin_to_pin]: Pins of type Unspecified and Power input are connected
    ; warning
    @(508.02 mm, 636.58 mm): Symbol J_DIMM1 Pin 102 [102, Unspecified, Line]
    @(508.02 mm, 636.58 mm): Symbol #PWR10216 Pin 1 [Power input, Line]
[endpoint_off_grid]: Symbol pin or wire end off connection grid
    ; warning
    @(508.02 mm, 639.12 mm): Symbol #PWR09932 Pin 1 [Power input, Line]
[pin_to_pin]: Pins of type Unspecified and Power input are connected
    ; warning
    @(508.02 mm, 639.12 mm): Symbol J_DIMM1 Pin 103 [103, Unspecified, Line]
    @(508.02 mm, 639.12 mm): Symbol #PWR09932 Pin 1 [Power input, Line]
[endpoint_off_grid]: Symbol pin or wire end off connection grid
    ; warning
    @(508.02 mm, 646.74 mm): Symbol #PWR09915 Pin 1 [Power input, Line]
[pin_to_pin]: Pins of type Unspecified and Power input are connected
    ; warning
    @(508.02 mm, 646.74 mm): Symbol J_DIMM1 Pin 106 [106, Unspecified, Line]
    @(508.02 mm, 646.74 mm): Symbol #PWR09915 Pin 1 [Power input, Line]
[endpoint_off_grid]: Symbol pin or wire end off connection grid
    ; warning
    @(508.02 mm, 649.28 mm): Symbol #PWR09934 Pin 1 [Power input, Line]
[pin_to_pin]: Pins of type Unspecified and Power input are connected
    ; warning
    @(508.02 mm, 649.28 mm): Symbol J_DIMM1 Pin 107 [107, Unspecified, Line]
    @(508.02 mm, 649.28 mm): Symbol #PWR09934 Pin 1 [Power input, Line]
[pin_to_pin]: Pins of type Unspecified and Unspecified are connected
    ; warning
    @(508.02 mm, 659.44 mm): Symbol J_DIMM1 Pin 111 [111, Unspecified, Line]
    @(508.02 mm, 661.98 mm): Symbol J_DIMM1 Pin 112 [112, Unspecified, Line]
[pin_to_pin]: Pins of type Unspecified and Unspecified are connected
    ; warning
    @(508.02 mm, 661.98 mm): Symbol J_DIMM1 Pin 112 [112, Unspecified, Line]
    @(508.02 mm, 674.68 mm): Symbol J_DIMM1 Pin 117 [117, Unspecified, Line]
[pin_to_pin]: Pins of type Unspecified and Unspecified are connected
    ; warning
    @(508.02 mm, 674.68 mm): Symbol J_DIMM1 Pin 117 [117, Unspecified, Line]
    @(508.02 mm, 677.22 mm): Symbol J_DIMM1 Pin 118 [118, Unspecified, Line]
[pin_to_pin]: Pins of type Unspecified and Unspecified are connected
    ; warning
    @(508.02 mm, 677.22 mm): Symbol J_DIMM1 Pin 118 [118, Unspecified, Line]
    @(508.02 mm, 689.92 mm): Symbol J_DIMM1 Pin 123 [123, Unspecified, Line]
[pin_to_pin]: Pins of type Unspecified and Unspecified are connected
    ; warning
    @(508.02 mm, 689.92 mm): Symbol J_DIMM1 Pin 123 [123, Unspecified, Line]
    @(508.02 mm, 692.46 mm): Symbol J_DIMM1 Pin 124 [124, Unspecified, Line]
[pin_to_pin]: Pins of type Unspecified and Unspecified are connected
    ; warning
    @(508.02 mm, 692.46 mm): Symbol J_DIMM1 Pin 124 [124, Unspecified, Line]
    @(508.02 mm, 705.16 mm): Symbol J_DIMM1 Pin 129 [129, Unspecified, Line]
[pin_to_pin]: Pins of type Unspecified and Unspecified are connected
    ; warning
    @(508.02 mm, 705.16 mm): Symbol J_DIMM1 Pin 129 [129, Unspecified, Line]
    @(508.02 mm, 707.70 mm): Symbol J_DIMM1 Pin 130 [130, Unspecified, Line]
[pin_to_pin]: Pins of type Unspecified and Unspecified are connected
    ; warning
    @(508.02 mm, 707.70 mm): Symbol J_DIMM1 Pin 130 [130, Unspecified, Line]
    @(508.02 mm, 738.64 mm): Symbol J_DIMM1 Pin 135 [135, Unspecified, Line]
[endpoint_off_grid]: Symbol pin or wire end off connection grid
    ; warning
    @(508.02 mm, 733.56 mm): Symbol J_DIMM1 Pin 133 [133, Unspecified, Line]
[pin_to_pin]: Pins of type Unspecified and Unspecified are connected
    ; warning
    @(508.02 mm, 738.64 mm): Symbol J_DIMM1 Pin 135 [135, Unspecified, Line]
    @(508.02 mm, 741.18 mm): Symbol J_DIMM1 Pin 136 [136, Unspecified, Line]
[pin_to_pin]: Pins of type Unspecified and Unspecified are connected
    ; warning
    @(508.02 mm, 741.18 mm): Symbol J_DIMM1 Pin 136 [136, Unspecified, Line]
    @(508.02 mm, 753.88 mm): Symbol J_DIMM1 Pin 141 [141, Unspecified, Line]
[pin_to_pin]: Pins of type Unspecified and Unspecified are connected
    ; warning
    @(508.02 mm, 753.88 mm): Symbol J_DIMM1 Pin 141 [141, Unspecified, Line]
    @(508.02 mm, 756.42 mm): Symbol J_DIMM1 Pin 142 [142, Unspecified, Line]
[pin_to_pin]: Pins of type Unspecified and Unspecified are connected
    ; warning
    @(508.02 mm, 756.42 mm): Symbol J_DIMM1 Pin 142 [142, Unspecified, Line]
    @(508.02 mm, 769.12 mm): Symbol J_DIMM1 Pin 147 [147, Unspecified, Line]
[pin_to_pin]: Pins of type Unspecified and Unspecified are connected
    ; warning
    @(508.02 mm, 769.12 mm): Symbol J_DIMM1 Pin 147 [147, Unspecified, Line]
    @(508.02 mm, 771.66 mm): Symbol J_DIMM1 Pin 148 [148, Unspecified, Line]
[pin_to_pin]: Pins of type Unspecified and Unspecified are connected
    ; warning
    @(508.02 mm, 771.66 mm): Symbol J_DIMM1 Pin 148 [148, Unspecified, Line]
    @(508.02 mm, 784.36 mm): Symbol J_DIMM1 Pin 153 [153, Unspecified, Line]
[pin_to_pin]: Pins of type Unspecified and Unspecified are connected
    ; warning
    @(508.02 mm, 784.36 mm): Symbol J_DIMM1 Pin 153 [153, Unspecified, Line]
    @(508.02 mm, 786.90 mm): Symbol J_DIMM1 Pin 154 [154, Unspecified, Line]
[pin_to_pin]: Pins of type Unspecified and Unspecified are connected
    ; warning
    @(508.02 mm, 786.90 mm): Symbol J_DIMM1 Pin 154 [154, Unspecified, Line]
    @(508.02 mm, 799.60 mm): Symbol J_DIMM1 Pin 159 [159, Unspecified, Line]
[pin_to_pin]: Pins of type Unspecified and Unspecified are connected
    ; warning
    @(508.02 mm, 799.60 mm): Symbol J_DIMM1 Pin 159 [159, Unspecified, Line]
    @(508.02 mm, 802.14 mm): Symbol J_DIMM1 Pin 160 [160, Unspecified, Line]
[pin_to_pin]: Pins of type Unspecified and Unspecified are connected
    ; warning
    @(508.02 mm, 802.14 mm): Symbol J_DIMM1 Pin 160 [160, Unspecified, Line]
    @(508.02 mm, 809.76 mm): Symbol J_DIMM1 Pin 163 [163, Unspecified, Line]
[pin_to_pin]: Pins of type Unspecified and Unspecified are connected
    ; warning
    @(508.02 mm, 809.76 mm): Symbol J_DIMM1 Pin 163 [163, Unspecified, Line]
    @(628.67 mm, 809.76 mm): Symbol J_DIMM2 Pin 163 [163, Unspecified, Line]
[endpoint_off_grid]: Symbol pin or wire end off connection grid
    ; warning
    @(508.02 mm, 819.92 mm): Symbol #PWR09948 Pin 1 [Power input, Line]
[pin_to_pin]: Pins of type Unspecified and Power input are connected
    ; warning
    @(508.02 mm, 819.92 mm): Symbol J_DIMM1 Pin 167 [167, Unspecified, Line]
    @(508.02 mm, 819.92 mm): Symbol #PWR09948 Pin 1 [Power input, Line]
[endpoint_off_grid]: Symbol pin or wire end off connection grid
    ; warning
    @(508.02 mm, 822.46 mm): Symbol #PWR09967 Pin 1 [Power input, Line]
[pin_to_pin]: Pins of type Unspecified and Power input are connected
    ; warning
    @(508.02 mm, 822.46 mm): Symbol J_DIMM1 Pin 168 [168, Unspecified, Line]
    @(508.02 mm, 822.46 mm): Symbol #PWR09967 Pin 1 [Power input, Line]
[endpoint_off_grid]: Symbol pin or wire end off connection grid
    ; warning
    @(508.02 mm, 830.08 mm): Symbol #PWR10189 Pin 1 [Power input, Line]
[pin_to_pin]: Pins of type Unspecified and Power input are connected
    ; warning
    @(508.02 mm, 830.08 mm): Symbol J_DIMM1 Pin 171 [171, Unspecified, Line]
    @(508.02 mm, 830.08 mm): Symbol #PWR10189 Pin 1 [Power input, Line]
[endpoint_off_grid]: Symbol pin or wire end off connection grid
    ; warning
    @(508.02 mm, 832.62 mm): Symbol #PWR09958 Pin 1 [Power input, Line]
[pin_to_pin]: Pins of type Unspecified and Power input are connected
    ; warning
    @(508.02 mm, 832.62 mm): Symbol J_DIMM1 Pin 172 [172, Unspecified, Line]
    @(508.02 mm, 832.62 mm): Symbol #PWR09958 Pin 1 [Power input, Line]
[endpoint_off_grid]: Symbol pin or wire end off connection grid
    ; warning
    @(508.02 mm, 840.24 mm): Symbol #PWR09924 Pin 1 [Power input, Line]
[pin_to_pin]: Pins of type Unspecified and Power input are connected
    ; warning
    @(508.02 mm, 840.24 mm): Symbol J_DIMM1 Pin 175 [175, Unspecified, Line]
    @(508.02 mm, 840.24 mm): Symbol #PWR09924 Pin 1 [Power input, Line]
[endpoint_off_grid]: Symbol pin or wire end off connection grid
    ; warning
    @(508.02 mm, 842.78 mm): Symbol #PWR10211 Pin 1 [Power input, Line]
[pin_to_pin]: Pins of type Unspecified and Power input are connected
    ; warning
    @(508.02 mm, 842.78 mm): Symbol J_DIMM1 Pin 176 [176, Unspecified, Line]
    @(508.02 mm, 842.78 mm): Symbol #PWR10211 Pin 1 [Power input, Line]
[endpoint_off_grid]: Symbol pin or wire end off connection grid
    ; warning
    @(508.02 mm, 863.56 mm): Symbol J_DIMM1 Pin 177 [177, Unspecified, Line]
[endpoint_off_grid]: Symbol pin or wire end off connection grid
    ; warning
    @(508.02 mm, 871.18 mm): Symbol #PWR10145 Pin 1 [Power input, Line]
[pin_to_pin]: Pins of type Unspecified and Power input are connected
    ; warning
    @(508.02 mm, 871.18 mm): Symbol J_DIMM1 Pin 180 [180, Unspecified, Line]
    @(508.02 mm, 871.18 mm): Symbol #PWR10145 Pin 1 [Power input, Line]
[endpoint_off_grid]: Symbol pin or wire end off connection grid
    ; warning
    @(508.02 mm, 873.72 mm): Symbol #PWR09890 Pin 1 [Power input, Line]
[pin_to_pin]: Pins of type Unspecified and Power input are connected
    ; warning
    @(508.02 mm, 873.72 mm): Symbol J_DIMM1 Pin 181 [181, Unspecified, Line]
    @(508.02 mm, 873.72 mm): Symbol #PWR09890 Pin 1 [Power input, Line]
[endpoint_off_grid]: Symbol pin or wire end off connection grid
    ; warning
    @(508.02 mm, 881.34 mm): Symbol #PWR09897 Pin 1 [Power input, Line]
[pin_to_pin]: Pins of type Unspecified and Power input are connected
    ; warning
    @(508.02 mm, 881.34 mm): Symbol J_DIMM1 Pin 184 [184, Unspecified, Line]
    @(508.02 mm, 881.34 mm): Symbol #PWR09897 Pin 1 [Power input, Line]
[endpoint_off_grid]: Symbol pin or wire end off connection grid
    ; warning
    @(508.02 mm, 883.88 mm): Symbol #PWR10210 Pin 1 [Power input, Line]
[pin_to_pin]: Pins of type Unspecified and Power input are connected
    ; warning
    @(508.02 mm, 883.88 mm): Symbol J_DIMM1 Pin 185 [185, Unspecified, Line]
    @(508.02 mm, 883.88 mm): Symbol #PWR10210 Pin 1 [Power input, Line]
[endpoint_off_grid]: Symbol pin or wire end off connection grid
    ; warning
    @(508.02 mm, 891.50 mm): Symbol #PWR10038 Pin 1 [Power input, Line]
[pin_to_pin]: Pins of type Unspecified and Power input are connected
    ; warning
    @(508.02 mm, 891.50 mm): Symbol J_DIMM1 Pin 188 [188, Unspecified, Line]
    @(508.02 mm, 891.50 mm): Symbol #PWR10038 Pin 1 [Power input, Line]
[endpoint_off_grid]: Symbol pin or wire end off connection grid
    ; warning
    @(508.02 mm, 894.04 mm): Symbol #PWR10007 Pin 1 [Power input, Line]
[pin_to_pin]: Pins of type Unspecified and Power input are connected
    ; warning
    @(508.02 mm, 894.04 mm): Symbol J_DIMM1 Pin 189 [189, Unspecified, Line]
    @(508.02 mm, 894.04 mm): Symbol #PWR10007 Pin 1 [Power input, Line]
[endpoint_off_grid]: Symbol pin or wire end off connection grid
    ; warning
    @(508.02 mm, 901.66 mm): Symbol #PWR09877 Pin 1 [Power input, Line]
[pin_to_pin]: Pins of type Unspecified and Power input are connected
    ; warning
    @(508.02 mm, 901.66 mm): Symbol J_DIMM1 Pin 192 [192, Unspecified, Line]
    @(508.02 mm, 901.66 mm): Symbol #PWR09877 Pin 1 [Power input, Line]
[endpoint_off_grid]: Symbol pin or wire end off connection grid
    ; warning
    @(508.02 mm, 904.20 mm): Symbol #PWR8508 Pin 1 [Power input, Line]
[pin_to_pin]: Pins of type Unspecified and Power input are connected
    ; warning
    @(508.02 mm, 904.20 mm): Symbol J_DIMM1 Pin 193 [193, Unspecified, Line]
    @(508.02 mm, 904.20 mm): Symbol #PWR8508 Pin 1 [Power input, Line]
[endpoint_off_grid]: Symbol pin or wire end off connection grid
    ; warning
    @(508.02 mm, 911.82 mm): Symbol #PWR2714 Pin 1 [Power input, Line]
[pin_to_pin]: Pins of type Unspecified and Power input are connected
    ; warning
    @(508.02 mm, 911.82 mm): Symbol J_DIMM1 Pin 196 [196, Unspecified, Line]
    @(508.02 mm, 911.82 mm): Symbol #PWR2714 Pin 1 [Power input, Line]
[endpoint_off_grid]: Symbol pin or wire end off connection grid
    ; warning
    @(508.02 mm, 914.36 mm): Symbol #PWR10162 Pin 1 [Power input, Line]
[footprint_link_issues]: Footprint 'Virtual_Bridge' not found in library 'project_missing'
    ; warning
    @(508.02 mm, 914.36 mm): Symbol #PWR10162 [GND]
[pin_to_pin]: Pins of type Unspecified and Power input are connected
    ; warning
    @(508.02 mm, 914.36 mm): Symbol J_DIMM1 Pin 197 [197, Unspecified, Line]
    @(508.02 mm, 914.36 mm): Symbol #PWR10162 Pin 1 [Power input, Line]
[endpoint_off_grid]: Symbol pin or wire end off connection grid
    ; warning
    @(508.02 mm, 924.52 mm): Symbol #PWR10201 Pin 1 [Power input, Line]
[pin_to_pin]: Pins of type Unspecified and Power input are connected
    ; warning
    @(508.02 mm, 924.52 mm): Symbol J_DIMM1 Pin 201 [201, Unspecified, Line]
    @(508.02 mm, 924.52 mm): Symbol #PWR10201 Pin 1 [Power input, Line]
[endpoint_off_grid]: Symbol pin or wire end off connection grid
    ; warning
    @(508.02 mm, 927.06 mm): Symbol #PWR09989 Pin 1 [Power input, Line]
[pin_to_pin]: Pins of type Unspecified and Power input are connected
    ; warning
    @(508.02 mm, 927.06 mm): Symbol J_DIMM1 Pin 202 [202, Unspecified, Line]
    @(508.02 mm, 927.06 mm): Symbol #PWR09989 Pin 1 [Power input, Line]
[endpoint_off_grid]: Symbol pin or wire end off connection grid
    ; warning
    @(508.02 mm, 934.68 mm): Symbol #PWR0424 Pin 1 [Power input, Line]
[pin_to_pin]: Pins of type Unspecified and Power input are connected
    ; warning
    @(508.02 mm, 934.68 mm): Symbol J_DIMM1 Pin 205 [205, Unspecified, Line]
    @(508.02 mm, 934.68 mm): Symbol #PWR0424 Pin 1 [Power input, Line]
[endpoint_off_grid]: Symbol pin or wire end off connection grid
    ; warning
    @(508.02 mm, 937.22 mm): Symbol #PWR09912 Pin 1 [Power input, Line]
[pin_to_pin]: Pins of type Unspecified and Power input are connected
    ; warning
    @(508.02 mm, 937.22 mm): Symbol J_DIMM1 Pin 206 [206, Unspecified, Line]
    @(508.02 mm, 937.22 mm): Symbol #PWR09912 Pin 1 [Power input, Line]
[endpoint_off_grid]: Symbol pin or wire end off connection grid
    ; warning
    @(508.02 mm, 944.84 mm): Symbol #PWR09959 Pin 1 [Power input, Line]
[pin_to_pin]: Pins of type Unspecified and Power input are connected
    ; warning
    @(508.02 mm, 944.84 mm): Symbol J_DIMM1 Pin 209 [209, Unspecified, Line]
    @(508.02 mm, 944.84 mm): Symbol #PWR09959 Pin 1 [Power input, Line]
[endpoint_off_grid]: Symbol pin or wire end off connection grid
    ; warning
    @(508.02 mm, 947.38 mm): Symbol #PWR09943 Pin 1 [Power input, Line]
[pin_to_pin]: Pins of type Unspecified and Power input are connected
    ; warning
    @(508.02 mm, 947.38 mm): Symbol J_DIMM1 Pin 210 [210, Unspecified, Line]
    @(508.02 mm, 947.38 mm): Symbol #PWR09943 Pin 1 [Power input, Line]
[endpoint_off_grid]: Symbol pin or wire end off connection grid
    ; warning
    @(508.02 mm, 955.00 mm): Symbol #PWR9587 Pin 1 [Power input, Line]
[pin_to_pin]: Pins of type Unspecified and Power input are connected
    ; warning
    @(508.02 mm, 955.00 mm): Symbol J_DIMM1 Pin 213 [213, Unspecified, Line]
    @(508.02 mm, 955.00 mm): Symbol #PWR9587 Pin 1 [Power input, Line]
[endpoint_off_grid]: Symbol pin or wire end off connection grid
    ; warning
    @(508.02 mm, 957.54 mm): Symbol #PWR8141 Pin 1 [Power input, Line]
[pin_to_pin]: Pins of type Unspecified and Power input are connected
    ; warning
    @(508.02 mm, 957.54 mm): Symbol J_DIMM1 Pin 214 [214, Unspecified, Line]
    @(508.02 mm, 957.54 mm): Symbol #PWR8141 Pin 1 [Power input, Line]
[endpoint_off_grid]: Symbol pin or wire end off connection grid
    ; warning
    @(508.02 mm, 965.16 mm): Symbol #PWR09966 Pin 1 [Power input, Line]
[pin_to_pin]: Pins of type Unspecified and Power input are connected
    ; warning
    @(508.02 mm, 965.16 mm): Symbol J_DIMM1 Pin 217 [217, Unspecified, Line]
    @(508.02 mm, 965.16 mm): Symbol #PWR09966 Pin 1 [Power input, Line]
[endpoint_off_grid]: Symbol pin or wire end off connection grid
    ; warning
    @(508.02 mm, 967.70 mm): Symbol #PWR09893 Pin 1 [Power input, Line]
[pin_to_pin]: Pins of type Unspecified and Power input are connected
    ; warning
    @(508.02 mm, 967.70 mm): Symbol J_DIMM1 Pin 218 [218, Unspecified, Line]
    @(508.02 mm, 967.70 mm): Symbol #PWR09893 Pin 1 [Power input, Line]
[endpoint_off_grid]: Symbol pin or wire end off connection grid
    ; warning
    @(508.02 mm, 996.10 mm): Symbol #PWR09902 Pin 1 [Power input, Line]
[pin_to_pin]: Pins of type Unspecified and Power input are connected
    ; warning
    @(508.02 mm, 996.10 mm): Symbol J_DIMM1 Pin 222 [222, Unspecified, Line]
    @(508.02 mm, 996.10 mm): Symbol #PWR09902 Pin 1 [Power input, Line]
[endpoint_off_grid]: Symbol pin or wire end off connection grid
    ; warning
    @(508.02 mm, 998.64 mm): Symbol #PWR1318 Pin 1 [Power input, Line]
[pin_to_pin]: Pins of type Unspecified and Power input are connected
    ; warning
    @(508.02 mm, 998.64 mm): Symbol J_DIMM1 Pin 223 [223, Unspecified, Line]
    @(508.02 mm, 998.64 mm): Symbol #PWR1318 Pin 1 [Power input, Line]
[endpoint_off_grid]: Symbol pin or wire end off connection grid
    ; warning
    @(508.02 mm, 1006.26 mm): Symbol #PWR09961 Pin 1 [Power input, Line]
[pin_to_pin]: Pins of type Unspecified and Power input are connected
    ; warning
    @(508.02 mm, 1006.26 mm): Symbol J_DIMM1 Pin 226 [226, Unspecified, Line]
    @(508.02 mm, 1006.26 mm): Symbol #PWR09961 Pin 1 [Power input, Line]
[endpoint_off_grid]: Symbol pin or wire end off connection grid
    ; warning
    @(508.02 mm, 1008.80 mm): Symbol #PWR09973 Pin 1 [Power input, Line]
[pin_to_pin]: Pins of type Unspecified and Power input are connected
    ; warning
    @(508.02 mm, 1008.80 mm): Symbol J_DIMM1 Pin 227 [227, Unspecified, Line]
    @(508.02 mm, 1008.80 mm): Symbol #PWR09973 Pin 1 [Power input, Line]
[endpoint_off_grid]: Symbol pin or wire end off connection grid
    ; warning
    @(508.02 mm, 1016.42 mm): Symbol #PWR10165 Pin 1 [Power input, Line]
[pin_to_pin]: Pins of type Unspecified and Power input are connected
    ; warning
    @(508.02 mm, 1016.42 mm): Symbol J_DIMM1 Pin 230 [230, Unspecified, Line]
    @(508.02 mm, 1016.42 mm): Symbol #PWR10165 Pin 1 [Power input, Line]
[endpoint_off_grid]: Symbol pin or wire end off connection grid
    ; warning
    @(508.02 mm, 1018.96 mm): Symbol #PWR10177 Pin 1 [Power input, Line]
[pin_to_pin]: Pins of type Unspecified and Power input are connected
    ; warning
    @(508.02 mm, 1018.96 mm): Symbol J_DIMM1 Pin 231 [231, Unspecified, Line]
    @(508.02 mm, 1018.96 mm): Symbol #PWR10177 Pin 1 [Power input, Line]
[endpoint_off_grid]: Symbol pin or wire end off connection grid
    ; warning
    @(508.02 mm, 1026.58 mm): Symbol #PWR09935 Pin 1 [Power input, Line]
[pin_to_pin]: Pins of type Unspecified and Power input are connected
    ; warning
    @(508.02 mm, 1026.58 mm): Symbol J_DIMM1 Pin 234 [234, Unspecified, Line]
    @(508.02 mm, 1026.58 mm): Symbol #PWR09935 Pin 1 [Power input, Line]
[endpoint_off_grid]: Symbol pin or wire end off connection grid
    ; warning
    @(508.02 mm, 1029.12 mm): Symbol #PWR09928 Pin 1 [Power input, Line]
[pin_to_pin]: Pins of type Unspecified and Power input are connected
    ; warning
    @(508.02 mm, 1029.12 mm): Symbol J_DIMM1 Pin 235 [235, Unspecified, Line]
    @(508.02 mm, 1029.12 mm): Symbol #PWR09928 Pin 1 [Power input, Line]
[endpoint_off_grid]: Symbol pin or wire end off connection grid
    ; warning
    @(508.02 mm, 1036.74 mm): Symbol #PWR10008 Pin 1 [Power input, Line]
[pin_to_pin]: Pins of type Unspecified and Power input are connected
    ; warning
    @(508.02 mm, 1036.74 mm): Symbol J_DIMM1 Pin 238 [238, Unspecified, Line]
    @(508.02 mm, 1036.74 mm): Symbol #PWR10008 Pin 1 [Power input, Line]
[endpoint_off_grid]: Symbol pin or wire end off connection grid
    ; warning
    @(508.02 mm, 1039.28 mm): Symbol #PWR10019 Pin 1 [Power input, Line]
[pin_to_pin]: Pins of type Unspecified and Power input are connected
    ; warning
    @(508.02 mm, 1039.28 mm): Symbol J_DIMM1 Pin 239 [239, Unspecified, Line]
    @(508.02 mm, 1039.28 mm): Symbol #PWR10019 Pin 1 [Power input, Line]
[endpoint_off_grid]: Symbol pin or wire end off connection grid
    ; warning
    @(508.02 mm, 1049.44 mm): Symbol #PWR09930 Pin 1 [Power input, Line]
[pin_to_pin]: Pins of type Unspecified and Power input are connected
    ; warning
    @(508.02 mm, 1049.44 mm): Symbol J_DIMM1 Pin 243 [243, Unspecified, Line]
    @(508.02 mm, 1049.44 mm): Symbol #PWR09930 Pin 1 [Power input, Line]
[endpoint_off_grid]: Symbol pin or wire end off connection grid
    ; warning
    @(508.02 mm, 1051.98 mm): Symbol #PWR10001 Pin 1 [Power input, Line]
[pin_to_pin]: Pins of type Unspecified and Power input are connected
    ; warning
    @(508.02 mm, 1051.98 mm): Symbol J_DIMM1 Pin 244 [244, Unspecified, Line]
    @(508.02 mm, 1051.98 mm): Symbol #PWR10001 Pin 1 [Power input, Line]
[endpoint_off_grid]: Symbol pin or wire end off connection grid
    ; warning
    @(508.02 mm, 1059.60 mm): Symbol #PWR10014 Pin 1 [Power input, Line]
[footprint_link_issues]: Footprint 'M2_Key_M_2280_x4' not found in library 'project_missing'
    ; warning
    @(508.02 mm, 1059.60 mm): Symbol #PWR10014 [GND]
[pin_to_pin]: Pins of type Unspecified and Power input are connected
    ; warning
    @(508.02 mm, 1059.60 mm): Symbol J_DIMM1 Pin 247 [247, Unspecified, Line]
    @(508.02 mm, 1059.60 mm): Symbol #PWR10014 Pin 1 [Power input, Line]
[endpoint_off_grid]: Symbol pin or wire end off connection grid
    ; warning
    @(508.02 mm, 1062.14 mm): Symbol #PWR10200 Pin 1 [Power input, Line]
[pin_to_pin]: Pins of type Unspecified and Power input are connected
    ; warning
    @(508.02 mm, 1062.14 mm): Symbol J_DIMM1 Pin 248 [248, Unspecified, Line]
    @(508.02 mm, 1062.14 mm): Symbol #PWR10200 Pin 1 [Power input, Line]
[endpoint_off_grid]: Symbol pin or wire end off connection grid
    ; warning
    @(508.02 mm, 1069.76 mm): Symbol #PWR0618 Pin 1 [Power input, Line]
[pin_to_pin]: Pins of type Unspecified and Power input are connected
    ; warning
    @(508.02 mm, 1069.76 mm): Symbol J_DIMM1 Pin 251 [251, Unspecified, Line]
    @(508.02 mm, 1069.76 mm): Symbol #PWR0618 Pin 1 [Power input, Line]
[endpoint_off_grid]: Symbol pin or wire end off connection grid
    ; warning
    @(508.02 mm, 1072.30 mm): Symbol #PWR09925 Pin 1 [Power input, Line]
[pin_to_pin]: Pins of type Unspecified and Power input are connected
    ; warning
    @(508.02 mm, 1072.30 mm): Symbol J_DIMM1 Pin 252 [252, Unspecified, Line]
    @(508.02 mm, 1072.30 mm): Symbol #PWR09925 Pin 1 [Power input, Line]
[pin_to_pin]: Pins of type Unspecified and Unspecified are connected
    ; warning
    @(508.02 mm, 1074.84 mm): Symbol J_DIMM1 Pin 253 [253, Unspecified, Line]
    @(628.67 mm, 1074.84 mm): Symbol J_DIMM2 Pin 253 [253, Unspecified, Line]
[pin_to_pin]: Pins of type Unspecified and Unspecified are connected
    ; warning
    @(508.02 mm, 1077.38 mm): Symbol J_DIMM1 Pin 254 [254, Unspecified, Line]
    @(628.67 mm, 1077.38 mm): Symbol J_DIMM2 Pin 254 [254, Unspecified, Line]
[pin_to_pin]: Pins of type Unspecified and Unspecified are connected
    ; warning
    @(508.02 mm, 1079.92 mm): Symbol J_DIMM1 Pin 255 [255, Unspecified, Line]
    @(628.67 mm, 1079.92 mm): Symbol J_DIMM2 Pin 255 [255, Unspecified, Line]
[pin_to_pin]: Pins of type Unspecified and Unspecified are connected
    ; warning
    @(508.02 mm, 1085.00 mm): Symbol J_DIMM1 Pin 257 [257, Unspecified, Line]
    @(508.02 mm, 1090.08 mm): Symbol J_DIMM1 Pin 259 [259, Unspecified, Line]
[endpoint_off_grid]: Symbol pin or wire end off connection grid
    ; warning
    @(508.02 mm, 1087.54 mm): Symbol J_DIMM1 Pin 258 [258, Unspecified, Line]
[pin_to_pin]: Pins of type Unspecified and Unspecified are connected
    ; warning
    @(508.02 mm, 1087.54 mm): Symbol J_DIMM1 Pin 258 [258, Unspecified, Line]
    @(628.67 mm, 1087.54 mm): Symbol J_DIMM2 Pin 258 [258, Unspecified, Line]
[pin_to_pin]: Pins of type Unspecified and Unspecified are connected
    ; warning
    @(508.02 mm, 1090.08 mm): Symbol J_DIMM1 Pin 259 [259, Unspecified, Line]
    @(628.67 mm, 1090.08 mm): Symbol J_DIMM2 Pin 259 [259, Unspecified, Line]
[endpoint_off_grid]: Symbol pin or wire end off connection grid
    ; warning
    @(543.20 mm, 1783.07 mm): Symbol U_TB4_CAM2 Pin 1 [Pin_1, Passive, Line]
[endpoint_off_grid]: Symbol pin or wire end off connection grid
    ; warning
    @(555.90 mm, 1823.23 mm): Symbol U_TB4_CAM2_RX1 Pin 6 [Pin_6, Passive, Line]
[endpoint_off_grid]: Symbol pin or wire end off connection grid
    ; warning
    @(573.20 mm, 305.45 mm): Symbol U16 Pin 1 [Pin_1, Passive, Line]
[endpoint_off_grid]: Symbol pin or wire end off connection grid
    ; warning
    @(573.20 mm, 505.45 mm): Symbol U18 Pin 1 [Pin_1, Passive, Line]
[endpoint_off_grid]: Symbol pin or wire end off connection grid
    ; warning
    @(613.28 mm, 368.23 mm): Symbol #PWR10061 Pin 1 [Power input, Line]
[endpoint_off_grid]: Symbol pin or wire end off connection grid
    ; warning
    @(613.28 mm, 568.23 mm): Symbol #PWR7326 Pin 1 [Power input, Line]
[endpoint_off_grid]: Symbol pin or wire end off connection grid
    ; warning
    @(628.67 mm, 343.56 mm): Symbol J_DIMM2 Pin 1 [1, Unspecified, Line]
[endpoint_off_grid]: Symbol pin or wire end off connection grid
    ; warning
    @(628.67 mm, 343.56 mm): Symbol #PWR10168 Pin 1 [Power input, Line]
[pin_to_pin]: Pins of type Unspecified and Power input are connected
    ; warning
    @(628.67 mm, 343.56 mm): Symbol J_DIMM2 Pin 1 [1, Unspecified, Line]
    @(628.67 mm, 343.56 mm): Symbol #PWR10168 Pin 1 [Power input, Line]
[endpoint_off_grid]: Symbol pin or wire end off connection grid
    ; warning
    @(628.67 mm, 346.10 mm): Symbol #PWR10155 Pin 1 [Power input, Line]
[pin_to_pin]: Pins of type Unspecified and Power input are connected
    ; warning
    @(628.67 mm, 346.10 mm): Symbol J_DIMM2 Pin 2 [2, Unspecified, Line]
    @(628.67 mm, 346.10 mm): Symbol #PWR10155 Pin 1 [Power input, Line]
[endpoint_off_grid]: Symbol pin or wire end off connection grid
    ; warning
    @(628.67 mm, 353.72 mm): Symbol #PWR10017 Pin 1 [Power input, Line]
[pin_to_pin]: Pins of type Unspecified and Power input are connected
    ; warning
    @(628.67 mm, 353.72 mm): Symbol J_DIMM2 Pin 5 [5, Unspecified, Line]
    @(628.67 mm, 353.72 mm): Symbol #PWR10017 Pin 1 [Power input, Line]
[endpoint_off_grid]: Symbol pin or wire end off connection grid
    ; warning
    @(628.67 mm, 356.26 mm): Symbol #PWR7273 Pin 1 [Power input, Line]
[pin_to_pin]: Pins of type Unspecified and Power input are connected
    ; warning
    @(628.67 mm, 356.26 mm): Symbol J_DIMM2 Pin 6 [6, Unspecified, Line]
    @(628.67 mm, 356.26 mm): Symbol #PWR7273 Pin 1 [Power input, Line]
[endpoint_off_grid]: Symbol pin or wire end off connection grid
    ; warning
    @(628.67 mm, 363.88 mm): Symbol #PWR09846 Pin 1 [Power input, Line]
[pin_to_pin]: Pins of type Unspecified and Power input are connected
    ; warning
    @(628.67 mm, 363.88 mm): Symbol J_DIMM2 Pin 9 [9, Unspecified, Line]
    @(628.67 mm, 363.88 mm): Symbol #PWR09846 Pin 1 [Power input, Line]
[endpoint_off_grid]: Symbol pin or wire end off connection grid
    ; warning
    @(628.67 mm, 366.42 mm): Symbol #PWR10202 Pin 1 [Power input, Line]
[pin_to_pin]: Pins of type Unspecified and Power input are connected
    ; warning
    @(628.67 mm, 366.42 mm): Symbol J_DIMM2 Pin 10 [10, Unspecified, Line]
    @(628.67 mm, 366.42 mm): Symbol #PWR10202 Pin 1 [Power input, Line]
[endpoint_off_grid]: Symbol pin or wire end off connection grid
    ; warning
    @(628.67 mm, 376.58 mm): Symbol #PWR09901 Pin 1 [Power input, Line]
[pin_to_pin]: Pins of type Unspecified and Power input are connected
    ; warning
    @(628.67 mm, 376.58 mm): Symbol J_DIMM2 Pin 14 [14, Unspecified, Line]
    @(628.67 mm, 376.58 mm): Symbol #PWR09901 Pin 1 [Power input, Line]
[endpoint_off_grid]: Symbol pin or wire end off connection grid
    ; warning
    @(628.67 mm, 379.12 mm): Symbol #PWR10033 Pin 1 [Power input, Line]
[pin_to_pin]: Pins of type Unspecified and Power input are connected
    ; warning
    @(628.67 mm, 379.12 mm): Symbol J_DIMM2 Pin 15 [15, Unspecified, Line]
    @(628.67 mm, 379.12 mm): Symbol #PWR10033 Pin 1 [Power input, Line]
[endpoint_off_grid]: Symbol pin or wire end off connection grid
    ; warning
    @(628.67 mm, 386.74 mm): Symbol #PWR3493 Pin 1 [Power input, Line]
[pin_to_pin]: Pins of type Unspecified and Power input are connected
    ; warning
    @(628.67 mm, 386.74 mm): Symbol J_DIMM2 Pin 18 [18, Unspecified, Line]
    @(628.67 mm, 386.74 mm): Symbol #PWR3493 Pin 1 [Power input, Line]
[endpoint_off_grid]: Symbol pin or wire end off connection grid
    ; warning
    @(628.67 mm, 389.28 mm): Symbol #PWR10182 Pin 1 [Power input, Line]
[pin_to_pin]: Pins of type Unspecified and Power input are connected
    ; warning
    @(628.67 mm, 389.28 mm): Symbol J_DIMM2 Pin 19 [19, Unspecified, Line]
    @(628.67 mm, 389.28 mm): Symbol #PWR10182 Pin 1 [Power input, Line]
[endpoint_off_grid]: Symbol pin or wire end off connection grid
    ; warning
    @(628.67 mm, 396.90 mm): Symbol #PWR10152 Pin 1 [Power input, Line]
[pin_to_pin]: Pins of type Unspecified and Power input are connected
    ; warning
    @(628.67 mm, 396.90 mm): Symbol J_DIMM2 Pin 22 [22, Unspecified, Line]
    @(628.67 mm, 396.90 mm): Symbol #PWR10152 Pin 1 [Power input, Line]
[endpoint_off_grid]: Symbol pin or wire end off connection grid
    ; warning
    @(628.67 mm, 399.44 mm): Symbol #PWR09920 Pin 1 [Power input, Line]
[pin_to_pin]: Pins of type Unspecified and Power input are connected
    ; warning
    @(628.67 mm, 399.44 mm): Symbol J_DIMM2 Pin 23 [23, Unspecified, Line]
    @(628.67 mm, 399.44 mm): Symbol #PWR09920 Pin 1 [Power input, Line]
[endpoint_off_grid]: Symbol pin or wire end off connection grid
    ; warning
    @(628.67 mm, 407.06 mm): Symbol #PWR09938 Pin 1 [Power input, Line]
[pin_to_pin]: Pins of type Unspecified and Power input are connected
    ; warning
    @(628.67 mm, 407.06 mm): Symbol J_DIMM2 Pin 26 [26, Unspecified, Line]
    @(628.67 mm, 407.06 mm): Symbol #PWR09938 Pin 1 [Power input, Line]
[endpoint_off_grid]: Symbol pin or wire end off connection grid
    ; warning
    @(628.67 mm, 409.60 mm): Symbol #PWR09845 Pin 1 [Power input, Line]
[pin_to_pin]: Pins of type Unspecified and Power input are connected
    ; warning
    @(628.67 mm, 409.60 mm): Symbol J_DIMM2 Pin 27 [27, Unspecified, Line]
    @(628.67 mm, 409.60 mm): Symbol #PWR09845 Pin 1 [Power input, Line]
[endpoint_off_grid]: Symbol pin or wire end off connection grid
    ; warning
    @(628.67 mm, 417.22 mm): Symbol #PWR0043 Pin 1 [Power input, Line]
[pin_to_pin]: Pins of type Unspecified and Power input are connected
    ; warning
    @(628.67 mm, 417.22 mm): Symbol J_DIMM2 Pin 30 [30, Unspecified, Line]
    @(628.67 mm, 417.22 mm): Symbol #PWR0043 Pin 1 [Power input, Line]
[endpoint_off_grid]: Symbol pin or wire end off connection grid
    ; warning
    @(628.67 mm, 419.76 mm): Symbol #PWR10185 Pin 1 [Power input, Line]
[pin_to_pin]: Pins of type Unspecified and Power input are connected
    ; warning
    @(628.67 mm, 419.76 mm): Symbol J_DIMM2 Pin 31 [31, Unspecified, Line]
    @(628.67 mm, 419.76 mm): Symbol #PWR10185 Pin 1 [Power input, Line]
[endpoint_off_grid]: Symbol pin or wire end off connection grid
    ; warning
    @(628.67 mm, 429.92 mm): Symbol #PWR10147 Pin 1 [Power input, Line]
[pin_to_pin]: Pins of type Unspecified and Power input are connected
    ; warning
    @(628.67 mm, 429.92 mm): Symbol J_DIMM2 Pin 35 [35, Unspecified, Line]
    @(628.67 mm, 429.92 mm): Symbol #PWR10147 Pin 1 [Power input, Line]
[endpoint_off_grid]: Symbol pin or wire end off connection grid
    ; warning
    @(628.67 mm, 432.46 mm): Symbol #PWR09999 Pin 1 [Power input, Line]
[pin_to_pin]: Pins of type Unspecified and Power input are connected
    ; warning
    @(628.67 mm, 432.46 mm): Symbol J_DIMM2 Pin 36 [36, Unspecified, Line]
    @(628.67 mm, 432.46 mm): Symbol #PWR09999 Pin 1 [Power input, Line]
[endpoint_off_grid]: Symbol pin or wire end off connection grid
    ; warning
    @(628.67 mm, 440.08 mm): Symbol #PWR10023 Pin 1 [Power input, Line]
[pin_to_pin]: Pins of type Unspecified and Power input are connected
    ; warning
    @(628.67 mm, 440.08 mm): Symbol J_DIMM2 Pin 39 [39, Unspecified, Line]
    @(628.67 mm, 440.08 mm): Symbol #PWR10023 Pin 1 [Power input, Line]
[endpoint_off_grid]: Symbol pin or wire end off connection grid
    ; warning
    @(628.67 mm, 442.62 mm): Symbol #PWR09875 Pin 1 [Power input, Line]
[pin_to_pin]: Pins of type Unspecified and Power input are connected
    ; warning
    @(628.67 mm, 442.62 mm): Symbol J_DIMM2 Pin 40 [40, Unspecified, Line]
    @(628.67 mm, 442.62 mm): Symbol #PWR09875 Pin 1 [Power input, Line]
[endpoint_off_grid]: Symbol pin or wire end off connection grid
    ; warning
    @(628.67 mm, 450.24 mm): Symbol #PWR10020 Pin 1 [Power input, Line]
[pin_to_pin]: Pins of type Unspecified and Power input are connected
    ; warning
    @(628.67 mm, 450.24 mm): Symbol J_DIMM2 Pin 43 [43, Unspecified, Line]
    @(628.67 mm, 450.24 mm): Symbol #PWR10020 Pin 1 [Power input, Line]
[endpoint_off_grid]: Symbol pin or wire end off connection grid
    ; warning
    @(628.67 mm, 452.78 mm): Symbol #PWR10018 Pin 1 [Power input, Line]
[pin_to_pin]: Pins of type Unspecified and Power input are connected
    ; warning
    @(628.67 mm, 452.78 mm): Symbol J_DIMM2 Pin 44 [44, Unspecified, Line]
    @(628.67 mm, 452.78 mm): Symbol #PWR10018 Pin 1 [Power input, Line]
[endpoint_off_grid]: Symbol pin or wire end off connection grid
    ; warning
    @(628.67 mm, 473.56 mm): Symbol J_DIMM2 Pin 45 [45, Unspecified, Line]
[endpoint_off_grid]: Symbol pin or wire end off connection grid
    ; warning
    @(628.67 mm, 478.64 mm): Symbol #PWR09971 Pin 1 [Power input, Line]
[pin_to_pin]: Pins of type Unspecified and Power input are connected
    ; warning
    @(628.67 mm, 478.64 mm): Symbol J_DIMM2 Pin 47 [47, Unspecified, Line]
    @(628.67 mm, 478.64 mm): Symbol #PWR09971 Pin 1 [Power input, Line]
[endpoint_off_grid]: Symbol pin or wire end off connection grid
    ; warning
    @(628.67 mm, 481.18 mm): Symbol #PWR0370 Pin 1 [Power input, Line]
[pin_to_pin]: Pins of type Unspecified and Power input are connected
    ; warning
    @(628.67 mm, 481.18 mm): Symbol J_DIMM2 Pin 48 [48, Unspecified, Line]
    @(628.67 mm, 481.18 mm): Symbol #PWR0370 Pin 1 [Power input, Line]
[endpoint_off_grid]: Symbol pin or wire end off connection grid
    ; warning
    @(628.67 mm, 488.80 mm): Symbol #PWR10178 Pin 1 [Power input, Line]
[pin_to_pin]: Pins of type Unspecified and Power input are connected
    ; warning
    @(628.67 mm, 488.80 mm): Symbol J_DIMM2 Pin 51 [51, Unspecified, Line]
    @(628.67 mm, 488.80 mm): Symbol #PWR10178 Pin 1 [Power input, Line]
[endpoint_off_grid]: Symbol pin or wire end off connection grid
    ; warning
    @(628.67 mm, 491.34 mm): Symbol #PWR09972 Pin 1 [Power input, Line]
[pin_to_pin]: Pins of type Unspecified and Power input are connected
    ; warning
    @(628.67 mm, 491.34 mm): Symbol J_DIMM2 Pin 52 [52, Unspecified, Line]
    @(628.67 mm, 491.34 mm): Symbol #PWR09972 Pin 1 [Power input, Line]
[endpoint_off_grid]: Symbol pin or wire end off connection grid
    ; warning
    @(628.67 mm, 501.50 mm): Symbol #PWR10172 Pin 1 [Power input, Line]
[pin_to_pin]: Pins of type Unspecified and Power input are connected
    ; warning
    @(628.67 mm, 501.50 mm): Symbol J_DIMM2 Pin 56 [56, Unspecified, Line]
    @(628.67 mm, 501.50 mm): Symbol #PWR10172 Pin 1 [Power input, Line]
[endpoint_off_grid]: Symbol pin or wire end off connection grid
    ; warning
    @(628.67 mm, 504.04 mm): Symbol #PWR10161 Pin 1 [Power input, Line]
[pin_to_pin]: Pins of type Unspecified and Power input are connected
    ; warning
    @(628.67 mm, 504.04 mm): Symbol J_DIMM2 Pin 57 [57, Unspecified, Line]
    @(628.67 mm, 504.04 mm): Symbol #PWR10161 Pin 1 [Power input, Line]
[endpoint_off_grid]: Symbol pin or wire end off connection grid
    ; warning
    @(628.67 mm, 511.66 mm): Symbol #PWR10149 Pin 1 [Power input, Line]
[pin_to_pin]: Pins of type Unspecified and Power input are connected
    ; warning
    @(628.67 mm, 511.66 mm): Symbol J_DIMM2 Pin 60 [60, Unspecified, Line]
    @(628.67 mm, 511.66 mm): Symbol #PWR10149 Pin 1 [Power input, Line]
[endpoint_off_grid]: Symbol pin or wire end off connection grid
    ; warning
    @(628.67 mm, 514.20 mm): Symbol #PWR2125 Pin 1 [Power input, Line]
[pin_to_pin]: Pins of type Unspecified and Power input are connected
    ; warning
    @(628.67 mm, 514.20 mm): Symbol J_DIMM2 Pin 61 [61, Unspecified, Line]
    @(628.67 mm, 514.20 mm): Symbol #PWR2125 Pin 1 [Power input, Line]
[endpoint_off_grid]: Symbol pin or wire end off connection grid
    ; warning
    @(628.67 mm, 521.82 mm): Symbol #PWR10163 Pin 1 [Power input, Line]
[pin_to_pin]: Pins of type Unspecified and Power input are connected
    ; warning
    @(628.67 mm, 521.82 mm): Symbol J_DIMM2 Pin 64 [64, Unspecified, Line]
    @(628.67 mm, 521.82 mm): Symbol #PWR10163 Pin 1 [Power input, Line]
[endpoint_off_grid]: Symbol pin or wire end off connection grid
    ; warning
    @(628.67 mm, 524.36 mm): Symbol #PWR10187 Pin 1 [Power input, Line]
[pin_to_pin]: Pins of type Unspecified and Power input are connected
    ; warning
    @(628.67 mm, 524.36 mm): Symbol J_DIMM2 Pin 65 [65, Unspecified, Line]
    @(628.67 mm, 524.36 mm): Symbol #PWR10187 Pin 1 [Power input, Line]
[endpoint_off_grid]: Symbol pin or wire end off connection grid
    ; warning
    @(628.67 mm, 531.98 mm): Symbol #PWR09848 Pin 1 [Power input, Line]
[pin_to_pin]: Pins of type Unspecified and Power input are connected
    ; warning
    @(628.67 mm, 531.98 mm): Symbol J_DIMM2 Pin 68 [68, Unspecified, Line]
    @(628.67 mm, 531.98 mm): Symbol #PWR09848 Pin 1 [Power input, Line]
[endpoint_off_grid]: Symbol pin or wire end off connection grid
    ; warning
    @(628.67 mm, 534.52 mm): Symbol #PWR09898 Pin 1 [Power input, Line]
[pin_to_pin]: Pins of type Unspecified and Power input are connected
    ; warning
    @(628.67 mm, 534.52 mm): Symbol J_DIMM2 Pin 69 [69, Unspecified, Line]
    @(628.67 mm, 534.52 mm): Symbol #PWR09898 Pin 1 [Power input, Line]
[endpoint_off_grid]: Symbol pin or wire end off connection grid
    ; warning
    @(628.67 mm, 542.14 mm): Symbol #PWR09986 Pin 1 [Power input, Line]
[pin_to_pin]: Pins of type Unspecified and Power input are connected
    ; warning
    @(628.67 mm, 542.14 mm): Symbol J_DIMM2 Pin 72 [72, Unspecified, Line]
    @(628.67 mm, 542.14 mm): Symbol #PWR09986 Pin 1 [Power input, Line]
[endpoint_off_grid]: Symbol pin or wire end off connection grid
    ; warning
    @(628.67 mm, 544.68 mm): Symbol #PWR09963 Pin 1 [Power input, Line]
[pin_to_pin]: Pins of type Unspecified and Power input are connected
    ; warning
    @(628.67 mm, 544.68 mm): Symbol J_DIMM2 Pin 73 [73, Unspecified, Line]
    @(628.67 mm, 544.68 mm): Symbol #PWR09963 Pin 1 [Power input, Line]
[endpoint_off_grid]: Symbol pin or wire end off connection grid
    ; warning
    @(628.67 mm, 554.84 mm): Symbol #PWR10183 Pin 1 [Power input, Line]
[pin_to_pin]: Pins of type Unspecified and Power input are connected
    ; warning
    @(628.67 mm, 554.84 mm): Symbol J_DIMM2 Pin 77 [77, Unspecified, Line]
    @(628.67 mm, 554.84 mm): Symbol #PWR10183 Pin 1 [Power input, Line]
[endpoint_off_grid]: Symbol pin or wire end off connection grid
    ; warning
    @(628.67 mm, 557.38 mm): Symbol #PWR5319 Pin 1 [Power input, Line]
[pin_to_pin]: Pins of type Unspecified and Power input are connected
    ; warning
    @(628.67 mm, 557.38 mm): Symbol J_DIMM2 Pin 78 [78, Unspecified, Line]
    @(628.67 mm, 557.38 mm): Symbol #PWR5319 Pin 1 [Power input, Line]
[endpoint_off_grid]: Symbol pin or wire end off connection grid
    ; warning
    @(628.67 mm, 565.00 mm): Symbol #PWR10170 Pin 1 [Power input, Line]
[pin_to_pin]: Pins of type Unspecified and Power input are connected
    ; warning
    @(628.67 mm, 565.00 mm): Symbol J_DIMM2 Pin 81 [81, Unspecified, Line]
    @(628.67 mm, 565.00 mm): Symbol #PWR10170 Pin 1 [Power input, Line]
[endpoint_off_grid]: Symbol pin or wire end off connection grid
    ; warning
    @(628.67 mm, 567.54 mm): Symbol #PWR10181 Pin 1 [Power input, Line]
[pin_to_pin]: Pins of type Unspecified and Power input are connected
    ; warning
    @(628.67 mm, 567.54 mm): Symbol J_DIMM2 Pin 82 [82, Unspecified, Line]
    @(628.67 mm, 567.54 mm): Symbol #PWR10181 Pin 1 [Power input, Line]
[endpoint_off_grid]: Symbol pin or wire end off connection grid
    ; warning
    @(628.67 mm, 575.16 mm): Symbol #PWR10164 Pin 1 [Power input, Line]
[pin_to_pin]: Pins of type Unspecified and Power input are connected
    ; warning
    @(628.67 mm, 575.16 mm): Symbol J_DIMM2 Pin 85 [85, Unspecified, Line]
    @(628.67 mm, 575.16 mm): Symbol #PWR10164 Pin 1 [Power input, Line]
[endpoint_off_grid]: Symbol pin or wire end off connection grid
    ; warning
    @(628.67 mm, 577.70 mm): Symbol #PWR10174 Pin 1 [Power input, Line]
[pin_to_pin]: Pins of type Unspecified and Power input are connected
    ; warning
    @(628.67 mm, 577.70 mm): Symbol J_DIMM2 Pin 86 [86, Unspecified, Line]
    @(628.67 mm, 577.70 mm): Symbol #PWR10174 Pin 1 [Power input, Line]
[endpoint_off_grid]: Symbol pin or wire end off connection grid
    ; warning
    @(628.67 mm, 603.56 mm): Symbol J_DIMM2 Pin 89 [89, Unspecified, Line]
[endpoint_off_grid]: Symbol pin or wire end off connection grid
    ; warning
    @(628.67 mm, 603.56 mm): Symbol #PWR6122 Pin 1 [Power input, Line]
[pin_to_pin]: Pins of type Unspecified and Power input are connected
    ; warning
    @(628.67 mm, 603.56 mm): Symbol J_DIMM2 Pin 89 [89, Unspecified, Line]
    @(628.67 mm, 603.56 mm): Symbol #PWR6122 Pin 1 [Power input, Line]
[endpoint_off_grid]: Symbol pin or wire end off connection grid
    ; warning
    @(628.67 mm, 606.10 mm): Symbol #PWR09914 Pin 1 [Power input, Line]
[pin_to_pin]: Pins of type Unspecified and Power input are connected
    ; warning
    @(628.67 mm, 606.10 mm): Symbol J_DIMM2 Pin 90 [90, Unspecified, Line]
    @(628.67 mm, 606.10 mm): Symbol #PWR09914 Pin 1 [Power input, Line]
[endpoint_off_grid]: Symbol pin or wire end off connection grid
    ; warning
    @(628.67 mm, 613.72 mm): Symbol #PWR09873 Pin 1 [Power input, Line]
[pin_to_pin]: Pins of type Unspecified and Power input are connected
    ; warning
    @(628.67 mm, 613.72 mm): Symbol J_DIMM2 Pin 93 [93, Unspecified, Line]
    @(628.67 mm, 613.72 mm): Symbol #PWR09873 Pin 1 [Power input, Line]
[endpoint_off_grid]: Symbol pin or wire end off connection grid
    ; warning
    @(628.67 mm, 616.26 mm): Symbol #PWR10011 Pin 1 [Power input, Line]
[pin_to_pin]: Pins of type Unspecified and Power input are connected
    ; warning
    @(628.67 mm, 616.26 mm): Symbol J_DIMM2 Pin 94 [94, Unspecified, Line]
    @(628.67 mm, 616.26 mm): Symbol #PWR10011 Pin 1 [Power input, Line]
[endpoint_off_grid]: Symbol pin or wire end off connection grid
    ; warning
    @(628.67 mm, 626.42 mm): Symbol #PWR7763 Pin 1 [Power input, Line]
[pin_to_pin]: Pins of type Unspecified and Power input are connected
    ; warning
    @(628.67 mm, 626.42 mm): Symbol J_DIMM2 Pin 98 [98, Unspecified, Line]
    @(628.67 mm, 626.42 mm): Symbol #PWR7763 Pin 1 [Power input, Line]
[endpoint_off_grid]: Symbol pin or wire end off connection grid
    ; warning
    @(628.67 mm, 628.96 mm): Symbol #PWR09987 Pin 1 [Power input, Line]
[pin_to_pin]: Pins of type Unspecified and Power input are connected
    ; warning
    @(628.67 mm, 628.96 mm): Symbol J_DIMM2 Pin 99 [99, Unspecified, Line]
    @(628.67 mm, 628.96 mm): Symbol #PWR09987 Pin 1 [Power input, Line]
[endpoint_off_grid]: Symbol pin or wire end off connection grid
    ; warning
    @(628.67 mm, 636.58 mm): Symbol #PWR10160 Pin 1 [Power input, Line]
[pin_to_pin]: Pins of type Unspecified and Power input are connected
    ; warning
    @(628.67 mm, 636.58 mm): Symbol J_DIMM2 Pin 102 [102, Unspecified, Line]
    @(628.67 mm, 636.58 mm): Symbol #PWR10160 Pin 1 [Power input, Line]
[endpoint_off_grid]: Symbol pin or wire end off connection grid
    ; warning
    @(628.67 mm, 639.12 mm): Symbol #PWR09996 Pin 1 [Power input, Line]
[pin_to_pin]: Pins of type Unspecified and Power input are connected
    ; warning
    @(628.67 mm, 639.12 mm): Symbol J_DIMM2 Pin 103 [103, Unspecified, Line]
    @(628.67 mm, 639.12 mm): Symbol #PWR09996 Pin 1 [Power input, Line]
[endpoint_off_grid]: Symbol pin or wire end off connection grid
    ; warning
    @(628.67 mm, 646.74 mm): Symbol #PWR10204 Pin 1 [Power input, Line]
[pin_to_pin]: Pins of type Unspecified and Power input are connected
    ; warning
    @(628.67 mm, 646.74 mm): Symbol J_DIMM2 Pin 106 [106, Unspecified, Line]
    @(628.67 mm, 646.74 mm): Symbol #PWR10204 Pin 1 [Power input, Line]
[endpoint_off_grid]: Symbol pin or wire end off connection grid
    ; warning
    @(628.67 mm, 649.28 mm): Symbol #PWR10207 Pin 1 [Power input, Line]
[pin_to_pin]: Pins of type Unspecified and Power input are connected
    ; warning
    @(628.67 mm, 649.28 mm): Symbol J_DIMM2 Pin 107 [107, Unspecified, Line]
    @(628.67 mm, 649.28 mm): Symbol #PWR10207 Pin 1 [Power input, Line]
[pin_to_pin]: Pins of type Unspecified and Unspecified are connected
    ; warning
    @(628.67 mm, 659.44 mm): Symbol J_DIMM2 Pin 111 [111, Unspecified, Line]
    @(628.67 mm, 661.98 mm): Symbol J_DIMM2 Pin 112 [112, Unspecified, Line]
[pin_to_pin]: Pins of type Unspecified and Unspecified are connected
    ; warning
    @(628.67 mm, 661.98 mm): Symbol J_DIMM2 Pin 112 [112, Unspecified, Line]
    @(628.67 mm, 674.68 mm): Symbol J_DIMM2 Pin 117 [117, Unspecified, Line]
[pin_to_pin]: Pins of type Unspecified and Unspecified are connected
    ; warning
    @(628.67 mm, 674.68 mm): Symbol J_DIMM2 Pin 117 [117, Unspecified, Line]
    @(628.67 mm, 677.22 mm): Symbol J_DIMM2 Pin 118 [118, Unspecified, Line]
[pin_to_pin]: Pins of type Unspecified and Unspecified are connected
    ; warning
    @(628.67 mm, 677.22 mm): Symbol J_DIMM2 Pin 118 [118, Unspecified, Line]
    @(628.67 mm, 689.92 mm): Symbol J_DIMM2 Pin 123 [123, Unspecified, Line]
[pin_to_pin]: Pins of type Unspecified and Unspecified are connected
    ; warning
    @(628.67 mm, 689.92 mm): Symbol J_DIMM2 Pin 123 [123, Unspecified, Line]
    @(628.67 mm, 692.46 mm): Symbol J_DIMM2 Pin 124 [124, Unspecified, Line]
[pin_to_pin]: Pins of type Unspecified and Unspecified are connected
    ; warning
    @(628.67 mm, 692.46 mm): Symbol J_DIMM2 Pin 124 [124, Unspecified, Line]
    @(628.67 mm, 705.16 mm): Symbol J_DIMM2 Pin 129 [129, Unspecified, Line]
[pin_to_pin]: Pins of type Unspecified and Unspecified are connected
    ; warning
    @(628.67 mm, 705.16 mm): Symbol J_DIMM2 Pin 129 [129, Unspecified, Line]
    @(628.67 mm, 707.70 mm): Symbol J_DIMM2 Pin 130 [130, Unspecified, Line]
[pin_to_pin]: Pins of type Unspecified and Unspecified are connected
    ; warning
    @(628.67 mm, 707.70 mm): Symbol J_DIMM2 Pin 130 [130, Unspecified, Line]
    @(628.67 mm, 738.64 mm): Symbol J_DIMM2 Pin 135 [135, Unspecified, Line]
[endpoint_off_grid]: Symbol pin or wire end off connection grid
    ; warning
    @(628.67 mm, 733.56 mm): Symbol J_DIMM2 Pin 133 [133, Unspecified, Line]
[pin_to_pin]: Pins of type Unspecified and Unspecified are connected
    ; warning
    @(628.67 mm, 738.64 mm): Symbol J_DIMM2 Pin 135 [135, Unspecified, Line]
    @(628.67 mm, 741.18 mm): Symbol J_DIMM2 Pin 136 [136, Unspecified, Line]
[pin_to_pin]: Pins of type Unspecified and Unspecified are connected
    ; warning
    @(628.67 mm, 741.18 mm): Symbol J_DIMM2 Pin 136 [136, Unspecified, Line]
    @(628.67 mm, 753.88 mm): Symbol J_DIMM2 Pin 141 [141, Unspecified, Line]
[pin_to_pin]: Pins of type Unspecified and Unspecified are connected
    ; warning
    @(628.67 mm, 753.88 mm): Symbol J_DIMM2 Pin 141 [141, Unspecified, Line]
    @(628.67 mm, 756.42 mm): Symbol J_DIMM2 Pin 142 [142, Unspecified, Line]
[pin_to_pin]: Pins of type Unspecified and Unspecified are connected
    ; warning
    @(628.67 mm, 756.42 mm): Symbol J_DIMM2 Pin 142 [142, Unspecified, Line]
    @(628.67 mm, 769.12 mm): Symbol J_DIMM2 Pin 147 [147, Unspecified, Line]
[pin_to_pin]: Pins of type Unspecified and Unspecified are connected
    ; warning
    @(628.67 mm, 769.12 mm): Symbol J_DIMM2 Pin 147 [147, Unspecified, Line]
    @(628.67 mm, 771.66 mm): Symbol J_DIMM2 Pin 148 [148, Unspecified, Line]
[pin_to_pin]: Pins of type Unspecified and Unspecified are connected
    ; warning
    @(628.67 mm, 771.66 mm): Symbol J_DIMM2 Pin 148 [148, Unspecified, Line]
    @(628.67 mm, 784.36 mm): Symbol J_DIMM2 Pin 153 [153, Unspecified, Line]
[pin_to_pin]: Pins of type Unspecified and Unspecified are connected
    ; warning
    @(628.67 mm, 784.36 mm): Symbol J_DIMM2 Pin 153 [153, Unspecified, Line]
    @(628.67 mm, 786.90 mm): Symbol J_DIMM2 Pin 154 [154, Unspecified, Line]
[pin_to_pin]: Pins of type Unspecified and Unspecified are connected
    ; warning
    @(628.67 mm, 786.90 mm): Symbol J_DIMM2 Pin 154 [154, Unspecified, Line]
    @(628.67 mm, 799.60 mm): Symbol J_DIMM2 Pin 159 [159, Unspecified, Line]
[pin_to_pin]: Pins of type Unspecified and Unspecified are connected
    ; warning
    @(628.67 mm, 799.60 mm): Symbol J_DIMM2 Pin 159 [159, Unspecified, Line]
    @(628.67 mm, 802.14 mm): Symbol J_DIMM2 Pin 160 [160, Unspecified, Line]
[pin_to_pin]: Pins of type Unspecified and Unspecified are connected
    ; warning
    @(628.67 mm, 802.14 mm): Symbol J_DIMM2 Pin 160 [160, Unspecified, Line]
    @(628.67 mm, 809.76 mm): Symbol J_DIMM2 Pin 163 [163, Unspecified, Line]
[pin_to_pin]: Pins of type Unspecified and Passive are connected
    ; warning
    @(628.67 mm, 809.76 mm): Symbol J_DIMM2 Pin 163 [163, Unspecified, Line]
    @(953.28 mm, 319.42 mm): Symbol C22 Pin 1 [Passive, Line]
[endpoint_off_grid]: Symbol pin or wire end off connection grid
    ; warning
    @(628.67 mm, 819.92 mm): Symbol #PWR10034 Pin 1 [Power input, Line]
[pin_to_pin]: Pins of type Unspecified and Power input are connected
    ; warning
    @(628.67 mm, 819.92 mm): Symbol J_DIMM2 Pin 167 [167, Unspecified, Line]
    @(628.67 mm, 819.92 mm): Symbol #PWR10034 Pin 1 [Power input, Line]
[endpoint_off_grid]: Symbol pin or wire end off connection grid
    ; warning
    @(628.67 mm, 822.46 mm): Symbol #PWR10217 Pin 1 [Power input, Line]
[pin_to_pin]: Pins of type Unspecified and Power input are connected
    ; warning
    @(628.67 mm, 822.46 mm): Symbol J_DIMM2 Pin 168 [168, Unspecified, Line]
    @(628.67 mm, 822.46 mm): Symbol #PWR10217 Pin 1 [Power input, Line]
[endpoint_off_grid]: Symbol pin or wire end off connection grid
    ; warning
    @(628.67 mm, 830.08 mm): Symbol #PWR10209 Pin 1 [Power input, Line]
[pin_to_pin]: Pins of type Unspecified and Power input are connected
    ; warning
    @(628.67 mm, 830.08 mm): Symbol J_DIMM2 Pin 171 [171, Unspecified, Line]
    @(628.67 mm, 830.08 mm): Symbol #PWR10209 Pin 1 [Power input, Line]
[endpoint_off_grid]: Symbol pin or wire end off connection grid
    ; warning
    @(628.67 mm, 832.62 mm): Symbol #PWR10198 Pin 1 [Power input, Line]
[pin_to_pin]: Pins of type Unspecified and Power input are connected
    ; warning
    @(628.67 mm, 832.62 mm): Symbol J_DIMM2 Pin 172 [172, Unspecified, Line]
    @(628.67 mm, 832.62 mm): Symbol #PWR10198 Pin 1 [Power input, Line]
[endpoint_off_grid]: Symbol pin or wire end off connection grid
    ; warning
    @(628.67 mm, 840.24 mm): Symbol #PWR10000 Pin 1 [Power input, Line]
[pin_to_pin]: Pins of type Unspecified and Power input are connected
    ; warning
    @(628.67 mm, 840.24 mm): Symbol J_DIMM2 Pin 175 [175, Unspecified, Line]
    @(628.67 mm, 840.24 mm): Symbol #PWR10000 Pin 1 [Power input, Line]
[endpoint_off_grid]: Symbol pin or wire end off connection grid
    ; warning
    @(628.67 mm, 842.78 mm): Symbol #PWR09905 Pin 1 [Power input, Line]
[pin_to_pin]: Pins of type Unspecified and Power input are connected
    ; warning
    @(628.67 mm, 842.78 mm): Symbol J_DIMM2 Pin 176 [176, Unspecified, Line]
    @(628.67 mm, 842.78 mm): Symbol #PWR09905 Pin 1 [Power input, Line]
[endpoint_off_grid]: Symbol pin or wire end off connection grid
    ; warning
    @(628.67 mm, 863.56 mm): Symbol J_DIMM2 Pin 177 [177, Unspecified, Line]
[endpoint_off_grid]: Symbol pin or wire end off connection grid
    ; warning
    @(628.67 mm, 871.18 mm): Symbol #PWR09960 Pin 1 [Power input, Line]
[pin_to_pin]: Pins of type Unspecified and Power input are connected
    ; warning
    @(628.67 mm, 871.18 mm): Symbol J_DIMM2 Pin 180 [180, Unspecified, Line]
    @(628.67 mm, 871.18 mm): Symbol #PWR09960 Pin 1 [Power input, Line]
[endpoint_off_grid]: Symbol pin or wire end off connection grid
    ; warning
    @(628.67 mm, 873.72 mm): Symbol #PWR1621 Pin 1 [Power input, Line]
[pin_to_pin]: Pins of type Unspecified and Power input are connected
    ; warning
    @(628.67 mm, 873.72 mm): Symbol J_DIMM2 Pin 181 [181, Unspecified, Line]
    @(628.67 mm, 873.72 mm): Symbol #PWR1621 Pin 1 [Power input, Line]
[endpoint_off_grid]: Symbol pin or wire end off connection grid
    ; warning
    @(628.67 mm, 881.34 mm): Symbol #PWR09929 Pin 1 [Power input, Line]
[pin_to_pin]: Pins of type Unspecified and Power input are connected
    ; warning
    @(628.67 mm, 881.34 mm): Symbol J_DIMM2 Pin 184 [184, Unspecified, Line]
    @(628.67 mm, 881.34 mm): Symbol #PWR09929 Pin 1 [Power input, Line]
[endpoint_off_grid]: Symbol pin or wire end off connection grid
    ; warning
    @(628.67 mm, 883.88 mm): Symbol #PWR8172 Pin 1 [Power input, Line]
[pin_to_pin]: Pins of type Unspecified and Power input are connected
    ; warning
    @(628.67 mm, 883.88 mm): Symbol J_DIMM2 Pin 185 [185, Unspecified, Line]
    @(628.67 mm, 883.88 mm): Symbol #PWR8172 Pin 1 [Power input, Line]
[endpoint_off_grid]: Symbol pin or wire end off connection grid
    ; warning
    @(628.67 mm, 891.50 mm): Symbol #PWR09994 Pin 1 [Power input, Line]
[pin_to_pin]: Pins of type Unspecified and Power input are connected
    ; warning
    @(628.67 mm, 891.50 mm): Symbol J_DIMM2 Pin 188 [188, Unspecified, Line]
    @(628.67 mm, 891.50 mm): Symbol #PWR09994 Pin 1 [Power input, Line]
[endpoint_off_grid]: Symbol pin or wire end off connection grid
    ; warning
    @(628.67 mm, 894.04 mm): Symbol #PWR10148 Pin 1 [Power input, Line]
[pin_to_pin]: Pins of type Unspecified and Power input are connected
    ; warning
    @(628.67 mm, 894.04 mm): Symbol J_DIMM2 Pin 189 [189, Unspecified, Line]
    @(628.67 mm, 894.04 mm): Symbol #PWR10148 Pin 1 [Power input, Line]
[endpoint_off_grid]: Symbol pin or wire end off connection grid
    ; warning
    @(628.67 mm, 901.66 mm): Symbol #PWR09955 Pin 1 [Power input, Line]
[pin_to_pin]: Pins of type Unspecified and Power input are connected
    ; warning
    @(628.67 mm, 901.66 mm): Symbol J_DIMM2 Pin 192 [192, Unspecified, Line]
    @(628.67 mm, 901.66 mm): Symbol #PWR09955 Pin 1 [Power input, Line]
[endpoint_off_grid]: Symbol pin or wire end off connection grid
    ; warning
    @(628.67 mm, 904.20 mm): Symbol #PWR09940 Pin 1 [Power input, Line]
[pin_to_pin]: Pins of type Unspecified and Power input are connected
    ; warning
    @(628.67 mm, 904.20 mm): Symbol J_DIMM2 Pin 193 [193, Unspecified, Line]
    @(628.67 mm, 904.20 mm): Symbol #PWR09940 Pin 1 [Power input, Line]
[endpoint_off_grid]: Symbol pin or wire end off connection grid
    ; warning
    @(628.67 mm, 911.82 mm): Symbol #PWR10214 Pin 1 [Power input, Line]
[pin_to_pin]: Pins of type Unspecified and Power input are connected
    ; warning
    @(628.67 mm, 911.82 mm): Symbol J_DIMM2 Pin 196 [196, Unspecified, Line]
    @(628.67 mm, 911.82 mm): Symbol #PWR10214 Pin 1 [Power input, Line]
[endpoint_off_grid]: Symbol pin or wire end off connection grid
    ; warning
    @(628.67 mm, 914.36 mm): Symbol #PWR10157 Pin 1 [Power input, Line]
[pin_to_pin]: Pins of type Unspecified and Power input are connected
    ; warning
    @(628.67 mm, 914.36 mm): Symbol J_DIMM2 Pin 197 [197, Unspecified, Line]
    @(628.67 mm, 914.36 mm): Symbol #PWR10157 Pin 1 [Power input, Line]
[endpoint_off_grid]: Symbol pin or wire end off connection grid
    ; warning
    @(628.67 mm, 924.52 mm): Symbol #PWR09992 Pin 1 [Power input, Line]
[pin_to_pin]: Pins of type Unspecified and Power input are connected
    ; warning
    @(628.67 mm, 924.52 mm): Symbol J_DIMM2 Pin 201 [201, Unspecified, Line]
    @(628.67 mm, 924.52 mm): Symbol #PWR09992 Pin 1 [Power input, Line]
[endpoint_off_grid]: Symbol pin or wire end off connection grid
    ; warning
    @(628.67 mm, 927.06 mm): Symbol #PWR09977 Pin 1 [Power input, Line]
[pin_to_pin]: Pins of type Unspecified and Power input are connected
    ; warning
    @(628.67 mm, 927.06 mm): Symbol J_DIMM2 Pin 202 [202, Unspecified, Line]
    @(628.67 mm, 927.06 mm): Symbol #PWR09977 Pin 1 [Power input, Line]
[endpoint_off_grid]: Symbol pin or wire end off connection grid
    ; warning
    @(628.67 mm, 934.68 mm): Symbol #PWR10035 Pin 1 [Power input, Line]
[pin_to_pin]: Pins of type Unspecified and Power input are connected
    ; warning
    @(628.67 mm, 934.68 mm): Symbol J_DIMM2 Pin 205 [205, Unspecified, Line]
    @(628.67 mm, 934.68 mm): Symbol #PWR10035 Pin 1 [Power input, Line]
[endpoint_off_grid]: Symbol pin or wire end off connection grid
    ; warning
    @(628.67 mm, 937.22 mm): Symbol #PWR10192 Pin 1 [Power input, Line]
[footprint_link_issues]: Footprint 'Virtual_Bridge' not found in library 'project_missing'
    ; warning
    @(628.67 mm, 937.22 mm): Symbol #PWR10192 [GND]
[pin_to_pin]: Pins of type Unspecified and Power input are connected
    ; warning
    @(628.67 mm, 937.22 mm): Symbol J_DIMM2 Pin 206 [206, Unspecified, Line]
    @(628.67 mm, 937.22 mm): Symbol #PWR10192 Pin 1 [Power input, Line]
[endpoint_off_grid]: Symbol pin or wire end off connection grid
    ; warning
    @(628.67 mm, 944.84 mm): Symbol #PWR09903 Pin 1 [Power input, Line]
[pin_to_pin]: Pins of type Unspecified and Power input are connected
    ; warning
    @(628.67 mm, 944.84 mm): Symbol J_DIMM2 Pin 209 [209, Unspecified, Line]
    @(628.67 mm, 944.84 mm): Symbol #PWR09903 Pin 1 [Power input, Line]
[endpoint_off_grid]: Symbol pin or wire end off connection grid
    ; warning
    @(628.67 mm, 947.38 mm): Symbol #PWR10215 Pin 1 [Power input, Line]
[pin_to_pin]: Pins of type Unspecified and Power input are connected
    ; warning
    @(628.67 mm, 947.38 mm): Symbol J_DIMM2 Pin 210 [210, Unspecified, Line]
    @(628.67 mm, 947.38 mm): Symbol #PWR10215 Pin 1 [Power input, Line]
[endpoint_off_grid]: Symbol pin or wire end off connection grid
    ; warning
    @(628.67 mm, 955.00 mm): Symbol #PWR09944 Pin 1 [Power input, Line]
[pin_to_pin]: Pins of type Unspecified and Power input are connected
    ; warning
    @(628.67 mm, 955.00 mm): Symbol J_DIMM2 Pin 213 [213, Unspecified, Line]
    @(628.67 mm, 955.00 mm): Symbol #PWR09944 Pin 1 [Power input, Line]
[endpoint_off_grid]: Symbol pin or wire end off connection grid
    ; warning
    @(628.67 mm, 957.54 mm): Symbol #PWR10002 Pin 1 [Power input, Line]
[pin_to_pin]: Pins of type Unspecified and Power input are connected
    ; warning
    @(628.67 mm, 957.54 mm): Symbol J_DIMM2 Pin 214 [214, Unspecified, Line]
    @(628.67 mm, 957.54 mm): Symbol #PWR10002 Pin 1 [Power input, Line]
[endpoint_off_grid]: Symbol pin or wire end off connection grid
    ; warning
    @(628.67 mm, 965.16 mm): Symbol #PWR09885 Pin 1 [Power input, Line]
[pin_to_pin]: Pins of type Unspecified and Power input are connected
    ; warning
    @(628.67 mm, 965.16 mm): Symbol J_DIMM2 Pin 217 [217, Unspecified, Line]
    @(628.67 mm, 965.16 mm): Symbol #PWR09885 Pin 1 [Power input, Line]
[endpoint_off_grid]: Symbol pin or wire end off connection grid
    ; warning
    @(628.67 mm, 967.70 mm): Symbol #PWR10173 Pin 1 [Power input, Line]
[pin_to_pin]: Pins of type Unspecified and Power input are connected
    ; warning
    @(628.67 mm, 967.70 mm): Symbol J_DIMM2 Pin 218 [218, Unspecified, Line]
    @(628.67 mm, 967.70 mm): Symbol #PWR10173 Pin 1 [Power input, Line]
[endpoint_off_grid]: Symbol pin or wire end off connection grid
    ; warning
    @(628.67 mm, 996.10 mm): Symbol #PWR10022 Pin 1 [Power input, Line]
[pin_to_pin]: Pins of type Unspecified and Power input are connected
    ; warning
    @(628.67 mm, 996.10 mm): Symbol J_DIMM2 Pin 222 [222, Unspecified, Line]
    @(628.67 mm, 996.10 mm): Symbol #PWR10022 Pin 1 [Power input, Line]
[endpoint_off_grid]: Symbol pin or wire end off connection grid
    ; warning
    @(628.67 mm, 998.64 mm): Symbol #PWR10205 Pin 1 [Power input, Line]
[footprint_link_issues]: Footprint 'Virtual_Bridge' not found in library 'project_missing'
    ; warning
    @(628.67 mm, 998.64 mm): Symbol #PWR10205 [GND]
[pin_to_pin]: Pins of type Unspecified and Power input are connected
    ; warning
    @(628.67 mm, 998.64 mm): Symbol J_DIMM2 Pin 223 [223, Unspecified, Line]
    @(628.67 mm, 998.64 mm): Symbol #PWR10205 Pin 1 [Power input, Line]
[endpoint_off_grid]: Symbol pin or wire end off connection grid
    ; warning
    @(628.67 mm, 1006.26 mm): Symbol #PWR10190 Pin 1 [Power input, Line]
[pin_to_pin]: Pins of type Unspecified and Power input are connected
    ; warning
    @(628.67 mm, 1006.26 mm): Symbol J_DIMM2 Pin 226 [226, Unspecified, Line]
    @(628.67 mm, 1006.26 mm): Symbol #PWR10190 Pin 1 [Power input, Line]
[endpoint_off_grid]: Symbol pin or wire end off connection grid
    ; warning
    @(628.67 mm, 1008.80 mm): Symbol #PWR09847 Pin 1 [Power input, Line]
[pin_to_pin]: Pins of type Unspecified and Power input are connected
    ; warning
    @(628.67 mm, 1008.80 mm): Symbol J_DIMM2 Pin 227 [227, Unspecified, Line]
    @(628.67 mm, 1008.80 mm): Symbol #PWR09847 Pin 1 [Power input, Line]
[endpoint_off_grid]: Symbol pin or wire end off connection grid
    ; warning
    @(628.67 mm, 1016.42 mm): Symbol #PWR10208 Pin 1 [Power input, Line]
[pin_to_pin]: Pins of type Unspecified and Power input are connected
    ; warning
    @(628.67 mm, 1016.42 mm): Symbol J_DIMM2 Pin 230 [230, Unspecified, Line]
    @(628.67 mm, 1016.42 mm): Symbol #PWR10208 Pin 1 [Power input, Line]
[endpoint_off_grid]: Symbol pin or wire end off connection grid
    ; warning
    @(628.67 mm, 1018.96 mm): Symbol #PWR10153 Pin 1 [Power input, Line]
[pin_to_pin]: Pins of type Unspecified and Power input are connected
    ; warning
    @(628.67 mm, 1018.96 mm): Symbol J_DIMM2 Pin 231 [231, Unspecified, Line]
    @(628.67 mm, 1018.96 mm): Symbol #PWR10153 Pin 1 [Power input, Line]
[endpoint_off_grid]: Symbol pin or wire end off connection grid
    ; warning
    @(628.67 mm, 1026.58 mm): Symbol #PWR09872 Pin 1 [Power input, Line]
[pin_to_pin]: Pins of type Unspecified and Power input are connected
    ; warning
    @(628.67 mm, 1026.58 mm): Symbol J_DIMM2 Pin 234 [234, Unspecified, Line]
    @(628.67 mm, 1026.58 mm): Symbol #PWR09872 Pin 1 [Power input, Line]
[endpoint_off_grid]: Symbol pin or wire end off connection grid
    ; warning
    @(628.67 mm, 1029.12 mm): Symbol #PWR10171 Pin 1 [Power input, Line]
[pin_to_pin]: Pins of type Unspecified and Power input are connected
    ; warning
    @(628.67 mm, 1029.12 mm): Symbol J_DIMM2 Pin 235 [235, Unspecified, Line]
    @(628.67 mm, 1029.12 mm): Symbol #PWR10171 Pin 1 [Power input, Line]
[endpoint_off_grid]: Symbol pin or wire end off connection grid
    ; warning
    @(628.67 mm, 1036.74 mm): Symbol #PWR9536 Pin 1 [Power input, Line]
[pin_to_pin]: Pins of type Unspecified and Power input are connected
    ; warning
    @(628.67 mm, 1036.74 mm): Symbol J_DIMM2 Pin 238 [238, Unspecified, Line]
    @(628.67 mm, 1036.74 mm): Symbol #PWR9536 Pin 1 [Power input, Line]
[endpoint_off_grid]: Symbol pin or wire end off connection grid
    ; warning
    @(628.67 mm, 1039.28 mm): Symbol #PWR09937 Pin 1 [Power input, Line]
[pin_to_pin]: Pins of type Unspecified and Power input are connected
    ; warning
    @(628.67 mm, 1039.28 mm): Symbol J_DIMM2 Pin 239 [239, Unspecified, Line]
    @(628.67 mm, 1039.28 mm): Symbol #PWR09937 Pin 1 [Power input, Line]
[endpoint_off_grid]: Symbol pin or wire end off connection grid
    ; warning
    @(628.67 mm, 1049.44 mm): Symbol #PWR10015 Pin 1 [Power input, Line]
[pin_to_pin]: Pins of type Unspecified and Power input are connected
    ; warning
    @(628.67 mm, 1049.44 mm): Symbol J_DIMM2 Pin 243 [243, Unspecified, Line]
    @(628.67 mm, 1049.44 mm): Symbol #PWR10015 Pin 1 [Power input, Line]
[endpoint_off_grid]: Symbol pin or wire end off connection grid
    ; warning
    @(628.67 mm, 1051.98 mm): Symbol #PWR10194 Pin 1 [Power input, Line]
[pin_to_pin]: Pins of type Unspecified and Power input are connected
    ; warning
    @(628.67 mm, 1051.98 mm): Symbol J_DIMM2 Pin 244 [244, Unspecified, Line]
    @(628.67 mm, 1051.98 mm): Symbol #PWR10194 Pin 1 [Power input, Line]
[endpoint_off_grid]: Symbol pin or wire end off connection grid
    ; warning
    @(628.67 mm, 1059.60 mm): Symbol #PWR2399 Pin 1 [Power input, Line]
[pin_to_pin]: Pins of type Unspecified and Power input are connected
    ; warning
    @(628.67 mm, 1059.60 mm): Symbol J_DIMM2 Pin 247 [247, Unspecified, Line]
    @(628.67 mm, 1059.60 mm): Symbol #PWR2399 Pin 1 [Power input, Line]
[endpoint_off_grid]: Symbol pin or wire end off connection grid
    ; warning
    @(628.67 mm, 1062.14 mm): Symbol #PWR10167 Pin 1 [Power input, Line]
[pin_to_pin]: Pins of type Unspecified and Power input are connected
    ; warning
    @(628.67 mm, 1062.14 mm): Symbol J_DIMM2 Pin 248 [248, Unspecified, Line]
    @(628.67 mm, 1062.14 mm): Symbol #PWR10167 Pin 1 [Power input, Line]
[endpoint_off_grid]: Symbol pin or wire end off connection grid
    ; warning
    @(628.67 mm, 1069.76 mm): Symbol #PWR09979 Pin 1 [Power input, Line]
[pin_to_pin]: Pins of type Unspecified and Power input are connected
    ; warning
    @(628.67 mm, 1069.76 mm): Symbol J_DIMM2 Pin 251 [251, Unspecified, Line]
    @(628.67 mm, 1069.76 mm): Symbol #PWR09979 Pin 1 [Power input, Line]
[endpoint_off_grid]: Symbol pin or wire end off connection grid
    ; warning
    @(628.67 mm, 1072.30 mm): Symbol #PWR09946 Pin 1 [Power input, Line]
[pin_to_pin]: Pins of type Unspecified and Power input are connected
    ; warning
    @(628.67 mm, 1072.30 mm): Symbol J_DIMM2 Pin 252 [252, Unspecified, Line]
    @(628.67 mm, 1072.30 mm): Symbol #PWR09946 Pin 1 [Power input, Line]
[pin_to_pin]: Pins of type Unspecified and Unspecified are connected
    ; warning
    @(628.67 mm, 1085.00 mm): Symbol J_DIMM2 Pin 257 [257, Unspecified, Line]
    @(628.67 mm, 1090.08 mm): Symbol J_DIMM2 Pin 259 [259, Unspecified, Line]
[endpoint_off_grid]: Symbol pin or wire end off connection grid
    ; warning
    @(628.67 mm, 1087.54 mm): Symbol J_DIMM2 Pin 258 [258, Unspecified, Line]
[pin_to_pin]: Pins of type Unspecified and Power input are connected
    ; warning
    @(628.67 mm, 1087.54 mm): Symbol J_DIMM2 Pin 258 [258, Unspecified, Line]
    @(1005.90 mm, 347.04 mm): Symbol U7 Pin 8 [LX_VPP, Power input, Line]
[pin_to_pin]: Pins of type Unspecified and Passive are connected
    ; warning
    @(628.67 mm, 1090.08 mm): Symbol J_DIMM2 Pin 259 [259, Unspecified, Line]
    @(961.28 mm, 349.42 mm): Symbol C23 Pin 1 [Passive, Line]
[endpoint_off_grid]: Symbol pin or wire end off connection grid
    ; warning
    @(663.20 mm, 300.37 mm): Symbol J_HDMI1 Pin 1 [Pin_1, Passive, Line]
[endpoint_off_grid]: Symbol pin or wire end off connection grid
    ; warning
    @(663.20 mm, 500.37 mm): Symbol J_HDMI2 Pin 1 [Pin_1, Passive, Line]
[endpoint_off_grid]: Symbol pin or wire end off connection grid
    ; warning
    @(664.47 mm, 335.23 mm): Symbol U27 Pin 1 [A1, Passive, Line]
[endpoint_off_grid]: Symbol pin or wire end off connection grid
    ; warning
    @(664.47 mm, 535.23 mm): Symbol U28 Pin 1 [A1, Passive, Line]
[endpoint_off_grid]: Symbol pin or wire end off connection grid
    ; warning
    @(668.28 mm, 288.23 mm): Symbol U19 Pin 1 [Power input, Line]
[lib_symbol_issues]: Symbol 'D_TVS_Array_4channels' not found in symbol library 'Device'
    ; warning
    @(668.28 mm, 335.23 mm): Symbol U27 [D_TVS_Array_4channels]
[lib_symbol_issues]: Symbol 'D_TVS_Array_4channels' not found in symbol library 'Device'
    ; warning
    @(668.28 mm, 535.23 mm): Symbol U28 [D_TVS_Array_4channels]
[endpoint_off_grid]: Symbol pin or wire end off connection grid
    ; warning
    @(670.82 mm, 342.85 mm): Symbol #PWR09919 Pin 1 [Power input, Line]
[endpoint_off_grid]: Symbol pin or wire end off connection grid
    ; warning
    @(670.82 mm, 542.85 mm): Symbol #PWR09892 Pin 1 [Power input, Line]
[endpoint_off_grid]: Symbol pin or wire end off connection grid
    ; warning
    @(693.20 mm, 1790.69 mm): Symbol U_TB1_MIC1 Pin 1 [Pin_1, Passive, Line]
[endpoint_off_grid]: Symbol pin or wire end off connection grid
    ; warning
    @(743.20 mm, 231.80 mm): Symbol #PWR031 Pin 1 [Power input, Line]
[endpoint_off_grid]: Symbol pin or wire end off connection grid
    ; warning
    @(743.20 mm, 234.34 mm): Symbol #PWR032 Pin 1 [Power input, Line]
[endpoint_off_grid]: Symbol pin or wire end off connection grid
    ; warning
    @(743.20 mm, 241.96 mm): Symbol #PWR033 Pin 1 [Power input, Line]
[endpoint_off_grid]: Symbol pin or wire end off connection grid
    ; warning
    @(743.20 mm, 249.58 mm): Symbol #PWR034 Pin 1 [Power input, Line]
[endpoint_off_grid]: Symbol pin or wire end off connection grid
    ; warning
    @(743.20 mm, 252.12 mm): Symbol #PWR035 Pin 1 [Power input, Line]
[endpoint_off_grid]: Symbol pin or wire end off connection grid
    ; warning
    @(743.20 mm, 259.74 mm): Symbol #PWR036 Pin 1 [Power input, Line]
[endpoint_off_grid]: Symbol pin or wire end off connection grid
    ; warning
    @(743.20 mm, 262.28 mm): Symbol #PWR037 Pin 1 [Power input, Line]
[endpoint_off_grid]: Symbol pin or wire end off connection grid
    ; warning
    @(743.20 mm, 269.90 mm): Symbol #PWR038 Pin 1 [Power input, Line]
[endpoint_off_grid]: Symbol pin or wire end off connection grid
    ; warning
    @(743.20 mm, 272.44 mm): Symbol #PWR039 Pin 1 [Power input, Line]
[endpoint_off_grid]: Symbol pin or wire end off connection grid
    ; warning
    @(743.20 mm, 280.06 mm): Symbol #PWR040 Pin 1 [Power input, Line]
[endpoint_off_grid]: Symbol pin or wire end off connection grid
    ; warning
    @(743.20 mm, 282.60 mm): Symbol #PWR041 Pin 1 [Power input, Line]
[endpoint_off_grid]: Symbol pin or wire end off connection grid
    ; warning
    @(743.20 mm, 290.22 mm): Symbol #PWR042 Pin 1 [Power input, Line]
[endpoint_off_grid]: Symbol pin or wire end off connection grid
    ; warning
    @(743.20 mm, 297.84 mm): Symbol #PWR044 Pin 1 [Power input, Line]
[endpoint_off_grid]: Symbol pin or wire end off connection grid
    ; warning
    @(743.20 mm, 300.38 mm): Symbol #PWR045 Pin 1 [Power input, Line]
[endpoint_off_grid]: Symbol pin or wire end off connection grid
    ; warning
    @(743.20 mm, 308.00 mm): Symbol #PWR046 Pin 1 [Power input, Line]
[endpoint_off_grid]: Symbol pin or wire end off connection grid
    ; warning
    @(743.20 mm, 310.54 mm): Symbol #PWR047 Pin 1 [Power input, Line]
[endpoint_off_grid]: Symbol pin or wire end off connection grid
    ; warning
    @(743.20 mm, 318.16 mm): Symbol #PWR048 Pin 1 [Power input, Line]
[endpoint_off_grid]: Symbol pin or wire end off connection grid
    ; warning
    @(743.20 mm, 320.70 mm): Symbol #PWR049 Pin 1 [Power input, Line]
[no_connect_dangling]: Unconnected "no connection" flag
    ; warning
    @(743.20 mm, 330.86 mm): No Connect
[endpoint_off_grid]: Symbol pin or wire end off connection grid
    ; warning
    @(743.20 mm, 366.88 mm): Symbol #PWR050 Pin 1 [Power input, Line]
[endpoint_off_grid]: Symbol pin or wire end off connection grid
    ; warning
    @(743.20 mm, 369.42 mm): Symbol #PWR051 Pin 1 [Power input, Line]
[endpoint_off_grid]: Symbol pin or wire end off connection grid
    ; warning
    @(743.20 mm, 377.04 mm): Symbol #PWR052 Pin 1 [Power input, Line]
[endpoint_off_grid]: Symbol pin or wire end off connection grid
    ; warning
    @(743.20 mm, 384.66 mm): Symbol #PWR053 Pin 1 [Power input, Line]
[endpoint_off_grid]: Symbol pin or wire end off connection grid
    ; warning
    @(743.20 mm, 387.20 mm): Symbol #PWR054 Pin 1 [Power input, Line]
[endpoint_off_grid]: Symbol pin or wire end off connection grid
    ; warning
    @(743.20 mm, 394.82 mm): Symbol #PWR055 Pin 1 [Power input, Line]
[endpoint_off_grid]: Symbol pin or wire end off connection grid
    ; warning
    @(743.20 mm, 397.36 mm): Symbol #PWR056 Pin 1 [Power input, Line]
[endpoint_off_grid]: Symbol pin or wire end off connection grid
    ; warning
    @(743.20 mm, 404.98 mm): Symbol #PWR057 Pin 1 [Power input, Line]
[endpoint_off_grid]: Symbol pin or wire end off connection grid
    ; warning
    @(743.20 mm, 407.52 mm): Symbol #PWR058 Pin 1 [Power input, Line]
[endpoint_off_grid]: Symbol pin or wire end off connection grid
    ; warning
    @(743.20 mm, 415.14 mm): Symbol #PWR059 Pin 1 [Power input, Line]
[endpoint_off_grid]: Symbol pin or wire end off connection grid
    ; warning
    @(743.20 mm, 417.68 mm): Symbol #PWR060 Pin 1 [Power input, Line]
[endpoint_off_grid]: Symbol pin or wire end off connection grid
    ; warning
    @(743.20 mm, 425.30 mm): Symbol #PWR061 Pin 1 [Power input, Line]
[endpoint_off_grid]: Symbol pin or wire end off connection grid
    ; warning
    @(743.20 mm, 432.92 mm): Symbol #PWR062 Pin 1 [Power input, Line]
[endpoint_off_grid]: Symbol pin or wire end off connection grid
    ; warning
    @(743.20 mm, 435.46 mm): Symbol #PWR063 Pin 1 [Power input, Line]
[endpoint_off_grid]: Symbol pin or wire end off connection grid
    ; warning
    @(743.20 mm, 443.08 mm): Symbol #PWR064 Pin 1 [Power input, Line]
[endpoint_off_grid]: Symbol pin or wire end off connection grid
    ; warning
    @(743.20 mm, 445.62 mm): Symbol #PWR065 Pin 1 [Power input, Line]
[endpoint_off_grid]: Symbol pin or wire end off connection grid
    ; warning
    @(743.20 mm, 453.24 mm): Symbol #PWR066 Pin 1 [Power input, Line]
[endpoint_off_grid]: Symbol pin or wire end off connection grid
    ; warning
    @(743.20 mm, 455.78 mm): Symbol #PWR067 Pin 1 [Power input, Line]
[endpoint_off_grid]: Symbol pin or wire end off connection grid
    ; warning
    @(743.20 mm, 463.40 mm): Symbol #PWR068 Pin 1 [Power input, Line]
[endpoint_off_grid]: Symbol pin or wire end off connection grid
    ; warning
    @(743.20 mm, 465.94 mm): Symbol #PWR069 Pin 1 [Power input, Line]
[endpoint_off_grid]: Symbol pin or wire end off connection grid
    ; warning
    @(743.20 mm, 496.88 mm): Symbol #PWR070 Pin 1 [Power input, Line]
[endpoint_off_grid]: Symbol pin or wire end off connection grid
    ; warning
    @(743.20 mm, 499.42 mm): Symbol #PWR071 Pin 1 [Power input, Line]
[no_connect_dangling]: Unconnected "no connection" flag
    ; warning
    @(743.20 mm, 501.96 mm): No Connect
[endpoint_off_grid]: Symbol pin or wire end off connection grid
    ; warning
    @(743.20 mm, 512.12 mm): Symbol #PWR072 Pin 1 [Power input, Line]
[endpoint_off_grid]: Symbol pin or wire end off connection grid
    ; warning
    @(743.20 mm, 514.66 mm): Symbol #PWR073 Pin 1 [Power input, Line]
[endpoint_off_grid]: Symbol pin or wire end off connection grid
    ; warning
    @(743.20 mm, 527.36 mm): Symbol #PWR074 Pin 1 [Power input, Line]
[endpoint_off_grid]: Symbol pin or wire end off connection grid
    ; warning
    @(743.20 mm, 529.90 mm): Symbol #PWR075 Pin 1 [Power input, Line]
[endpoint_off_grid]: Symbol pin or wire end off connection grid
    ; warning
    @(743.20 mm, 542.60 mm): Symbol #PWR076 Pin 1 [Power input, Line]
[endpoint_off_grid]: Symbol pin or wire end off connection grid
    ; warning
    @(743.20 mm, 545.14 mm): Symbol #PWR077 Pin 1 [Power input, Line]
[endpoint_off_grid]: Symbol pin or wire end off connection grid
    ; warning
    @(743.20 mm, 560.38 mm): Symbol #PWR078 Pin 1 [Power input, Line]
[endpoint_off_grid]: Symbol pin or wire end off connection grid
    ; warning
    @(743.20 mm, 562.92 mm): Symbol #PWR079 Pin 1 [Power input, Line]
[endpoint_off_grid]: Symbol pin or wire end off connection grid
    ; warning
    @(743.20 mm, 570.54 mm): Symbol #PWR080 Pin 1 [Power input, Line]
[endpoint_off_grid]: Symbol pin or wire end off connection grid
    ; warning
    @(743.20 mm, 578.16 mm): Symbol #PWR081 Pin 1 [Power input, Line]
[endpoint_off_grid]: Symbol pin or wire end off connection grid
    ; warning
    @(743.20 mm, 580.70 mm): Symbol #PWR082 Pin 1 [Power input, Line]
[endpoint_off_grid]: Symbol pin or wire end off connection grid
    ; warning
    @(743.20 mm, 588.32 mm): Symbol #PWR083 Pin 1 [Power input, Line]
[endpoint_off_grid]: Symbol pin or wire end off connection grid
    ; warning
    @(743.20 mm, 590.86 mm): Symbol #PWR084 Pin 1 [Power input, Line]
[endpoint_off_grid]: Symbol pin or wire end off connection grid
    ; warning
    @(743.20 mm, 598.48 mm): Symbol #PWR085 Pin 1 [Power input, Line]
[endpoint_off_grid]: Symbol pin or wire end off connection grid
    ; warning
    @(743.20 mm, 601.02 mm): Symbol #PWR086 Pin 1 [Power input, Line]
[endpoint_off_grid]: Symbol pin or wire end off connection grid
    ; warning
    @(743.20 mm, 626.88 mm): Symbol #PWR087 Pin 1 [Power input, Line]
[endpoint_off_grid]: Symbol pin or wire end off connection grid
    ; warning
    @(743.20 mm, 629.42 mm): Symbol #PWR088 Pin 1 [Power input, Line]
[endpoint_off_grid]: Symbol pin or wire end off connection grid
    ; warning
    @(743.20 mm, 637.04 mm): Symbol #PWR089 Pin 1 [Power input, Line]
[endpoint_off_grid]: Symbol pin or wire end off connection grid
    ; warning
    @(743.20 mm, 644.66 mm): Symbol #PWR090 Pin 1 [Power input, Line]
[endpoint_off_grid]: Symbol pin or wire end off connection grid
    ; warning
    @(743.20 mm, 647.20 mm): Symbol #PWR091 Pin 1 [Power input, Line]
[endpoint_off_grid]: Symbol pin or wire end off connection grid
    ; warning
    @(743.20 mm, 662.44 mm): Symbol #PWR092 Pin 1 [Power input, Line]
[endpoint_off_grid]: Symbol pin or wire end off connection grid
    ; warning
    @(743.20 mm, 664.98 mm): Symbol #PWR093 Pin 1 [Power input, Line]
[endpoint_off_grid]: Symbol pin or wire end off connection grid
    ; warning
    @(743.20 mm, 677.68 mm): Symbol #PWR094 Pin 1 [Power input, Line]
[endpoint_off_grid]: Symbol pin or wire end off connection grid
    ; warning
    @(743.20 mm, 680.22 mm): Symbol #PWR095 Pin 1 [Power input, Line]
[endpoint_off_grid]: Symbol pin or wire end off connection grid
    ; warning
    @(743.20 mm, 692.92 mm): Symbol #PWR096 Pin 1 [Power input, Line]
[endpoint_off_grid]: Symbol pin or wire end off connection grid
    ; warning
    @(743.20 mm, 695.46 mm): Symbol #PWR097 Pin 1 [Power input, Line]
[no_connect_dangling]: Unconnected "no connection" flag
    ; warning
    @(743.20 mm, 705.62 mm): No Connect
[endpoint_off_grid]: Symbol pin or wire end off connection grid
    ; warning
    @(743.20 mm, 708.16 mm): Symbol #PWR098 Pin 1 [Power input, Line]
[endpoint_off_grid]: Symbol pin or wire end off connection grid
    ; warning
    @(743.20 mm, 710.70 mm): Symbol #PWR099 Pin 1 [Power input, Line]
[endpoint_off_grid]: Symbol pin or wire end off connection grid
    ; warning
    @(743.20 mm, 723.40 mm): Symbol #PWR0100 Pin 1 [Power input, Line]
[endpoint_off_grid]: Symbol pin or wire end off connection grid
    ; warning
    @(743.20 mm, 725.94 mm): Symbol #PWR0101 Pin 1 [Power input, Line]
[endpoint_off_grid]: Symbol pin or wire end off connection grid
    ; warning
    @(743.20 mm, 751.80 mm): Symbol #PWR0102 Pin 1 [Power input, Line]
[endpoint_off_grid]: Symbol pin or wire end off connection grid
    ; warning
    @(743.20 mm, 754.34 mm): Symbol #PWR0103 Pin 1 [Power input, Line]
[endpoint_off_grid]: Symbol pin or wire end off connection grid
    ; warning
    @(743.20 mm, 761.96 mm): Symbol #PWR0104 Pin 1 [Power input, Line]
[endpoint_off_grid]: Symbol pin or wire end off connection grid
    ; warning
    @(743.20 mm, 764.50 mm): Symbol #PWR0105 Pin 1 [Power input, Line]
[endpoint_off_grid]: Symbol pin or wire end off connection grid
    ; warning
    @(743.20 mm, 772.12 mm): Symbol #PWR0106 Pin 1 [Power input, Line]
[endpoint_off_grid]: Symbol pin or wire end off connection grid
    ; warning
    @(743.20 mm, 774.66 mm): Symbol #PWR0107 Pin 1 [Power input, Line]
[endpoint_off_grid]: Symbol pin or wire end off connection grid
    ; warning
    @(743.20 mm, 782.28 mm): Symbol #PWR0108 Pin 1 [Power input, Line]
[endpoint_off_grid]: Symbol pin or wire end off connection grid
    ; warning
    @(743.20 mm, 789.90 mm): Symbol #PWR0109 Pin 1 [Power input, Line]
[endpoint_off_grid]: Symbol pin or wire end off connection grid
    ; warning
    @(743.20 mm, 792.44 mm): Symbol #PWR0110 Pin 1 [Power input, Line]
[endpoint_off_grid]: Symbol pin or wire end off connection grid
    ; warning
    @(743.20 mm, 800.06 mm): Symbol #PWR0111 Pin 1 [Power input, Line]
[endpoint_off_grid]: Symbol pin or wire end off connection grid
    ; warning
    @(743.20 mm, 802.60 mm): Symbol #PWR0112 Pin 1 [Power input, Line]
[endpoint_off_grid]: Symbol pin or wire end off connection grid
    ; warning
    @(743.20 mm, 810.22 mm): Symbol #PWR0113 Pin 1 [Power input, Line]
[endpoint_off_grid]: Symbol pin or wire end off connection grid
    ; warning
    @(743.20 mm, 812.76 mm): Symbol #PWR0114 Pin 1 [Power input, Line]
[endpoint_off_grid]: Symbol pin or wire end off connection grid
    ; warning
    @(743.20 mm, 820.38 mm): Symbol #PWR0115 Pin 1 [Power input, Line]
[endpoint_off_grid]: Symbol pin or wire end off connection grid
    ; warning
    @(743.20 mm, 822.92 mm): Symbol #PWR0116 Pin 1 [Power input, Line]
[endpoint_off_grid]: Symbol pin or wire end off connection grid
    ; warning
    @(743.20 mm, 830.54 mm): Symbol #PWR0117 Pin 1 [Power input, Line]
[endpoint_off_grid]: Symbol pin or wire end off connection grid
    ; warning
    @(743.20 mm, 838.16 mm): Symbol #PWR0118 Pin 1 [Power input, Line]
[endpoint_off_grid]: Symbol pin or wire end off connection grid
    ; warning
    @(743.20 mm, 840.70 mm): Symbol #PWR0119 Pin 1 [Power input, Line]
[endpoint_off_grid]: Symbol pin or wire end off connection grid
    ; warning
    @(743.20 mm, 848.32 mm): Symbol #PWR0120 Pin 1 [Power input, Line]
[endpoint_off_grid]: Symbol pin or wire end off connection grid
    ; warning
    @(743.20 mm, 850.86 mm): Symbol #PWR0121 Pin 1 [Power input, Line]
[endpoint_off_grid]: Symbol pin or wire end off connection grid
    ; warning
    @(743.20 mm, 858.48 mm): Symbol #PWR0122 Pin 1 [Power input, Line]
[endpoint_off_grid]: Symbol pin or wire end off connection grid
    ; warning
    @(743.20 mm, 861.02 mm): Symbol #PWR0123 Pin 1 [Power input, Line]
[endpoint_off_grid]: Symbol pin or wire end off connection grid
    ; warning
    @(743.20 mm, 886.88 mm): Symbol #PWR0124 Pin 1 [Power input, Line]
[endpoint_off_grid]: Symbol pin or wire end off connection grid
    ; warning
    @(743.20 mm, 889.42 mm): Symbol #PWR0125 Pin 1 [Power input, Line]
[endpoint_off_grid]: Symbol pin or wire end off connection grid
    ; warning
    @(743.20 mm, 897.04 mm): Symbol #PWR0126 Pin 1 [Power input, Line]
[endpoint_off_grid]: Symbol pin or wire end off connection grid
    ; warning
    @(743.20 mm, 899.58 mm): Symbol #PWR0127 Pin 1 [Power input, Line]
[endpoint_off_grid]: Symbol pin or wire end off connection grid
    ; warning
    @(743.20 mm, 907.20 mm): Symbol #PWR0128 Pin 1 [Power input, Line]
[endpoint_off_grid]: Symbol pin or wire end off connection grid
    ; warning
    @(743.20 mm, 909.74 mm): Symbol #PWR0129 Pin 1 [Power input, Line]
[endpoint_off_grid]: Symbol pin or wire end off connection grid
    ; warning
    @(743.20 mm, 917.36 mm): Symbol #PWR0130 Pin 1 [Power input, Line]
[endpoint_off_grid]: Symbol pin or wire end off connection grid
    ; warning
    @(743.20 mm, 924.98 mm): Symbol #PWR0131 Pin 1 [Power input, Line]
[endpoint_off_grid]: Symbol pin or wire end off connection grid
    ; warning
    @(743.20 mm, 927.52 mm): Symbol #PWR0132 Pin 1 [Power input, Line]
[endpoint_off_grid]: Symbol pin or wire end off connection grid
    ; warning
    @(743.20 mm, 935.14 mm): Symbol #PWR0133 Pin 1 [Power input, Line]
[endpoint_off_grid]: Symbol pin or wire end off connection grid
    ; warning
    @(743.20 mm, 937.68 mm): Symbol #PWR0134 Pin 1 [Power input, Line]
[endpoint_off_grid]: Symbol pin or wire end off connection grid
    ; warning
    @(743.20 mm, 945.30 mm): Symbol #PWR0135 Pin 1 [Power input, Line]
[endpoint_off_grid]: Symbol pin or wire end off connection grid
    ; warning
    @(743.20 mm, 947.84 mm): Symbol #PWR0136 Pin 1 [Power input, Line]
[endpoint_off_grid]: Symbol pin or wire end off connection grid
    ; warning
    @(743.20 mm, 955.46 mm): Symbol #PWR0137 Pin 1 [Power input, Line]
[endpoint_off_grid]: Symbol pin or wire end off connection grid
    ; warning
    @(743.20 mm, 958.00 mm): Symbol #PWR0138 Pin 1 [Power input, Line]
[endpoint_off_grid]: Symbol pin or wire end off connection grid
    ; warning
    @(743.20 mm, 965.62 mm): Symbol #PWR0139 Pin 1 [Power input, Line]
[endpoint_off_grid]: Symbol pin or wire end off connection grid
    ; warning
    @(743.20 mm, 973.24 mm): Symbol #PWR0140 Pin 1 [Power input, Line]
[endpoint_off_grid]: Symbol pin or wire end off connection grid
    ; warning
    @(743.20 mm, 975.78 mm): Symbol #PWR0141 Pin 1 [Power input, Line]
[endpoint_off_grid]: Symbol pin or wire end off connection grid
    ; warning
    @(743.20 mm, 983.40 mm): Symbol #PWR0142 Pin 1 [Power input, Line]
[endpoint_off_grid]: Symbol pin or wire end off connection grid
    ; warning
    @(743.20 mm, 985.94 mm): Symbol #PWR0143 Pin 1 [Power input, Line]
[multiple_net_names]: Both CB2_A_D3 and CB2_B_D3 are attached to the same items; CB2_A_D3 will be used in the netlist
    ; warning
    @(748.05 mm, 575.62 mm): Label 'CB2_A_D3'
    @(748.05 mm, 621.80 mm): Label 'CB2_B_D3'
[endpoint_off_grid]: Symbol pin or wire end off connection grid
    ; warning
    @(758.28 mm, 749.42 mm): Symbol R83 Pin 1 [Passive, Line]
[endpoint_off_grid]: Symbol pin or wire end off connection grid
    ; warning
    @(765.90 mm, 758.31 mm): Symbol #PWR10032 Pin 1 [Power input, Line]
[endpoint_off_grid]: Symbol pin or wire end off connection grid
    ; warning
    @(803.28 mm, 444.42 mm): Symbol R85 Pin 1 [Passive, Line]
[multiple_net_names]: Both CB0_A_D3 and CB0_B_D3 are attached to the same items; CB0_A_D3 will be used in the netlist
    ; warning
    @(810.28 mm, 330.23 mm): Label 'CB0_A_D3'
    @(810.28 mm, 330.23 mm): Label 'CB0_B_D3'
[multiple_net_names]: Both CB1_A_D3 and CB1_B_D3 are attached to the same items; CB1_A_D3 will be used in the netlist
    ; warning
    @(810.28 mm, 335.31 mm): Label 'CB1_A_D3'
    @(810.28 mm, 335.31 mm): Label 'CB1_B_D3'
[multiple_net_names]: Both CB3_A_D3 and CB3_B_D3 are attached to the same items; CB3_A_D3 will be used in the netlist
    ; warning
    @(810.28 mm, 345.47 mm): Label 'CB3_A_D3'
    @(810.28 mm, 345.47 mm): Label 'CB3_B_D3'
[endpoint_off_grid]: Symbol pin or wire end off connection grid
    ; warning
    @(823.28 mm, 444.42 mm): Symbol R86 Pin 1 [Passive, Line]
[endpoint_off_grid]: Symbol pin or wire end off connection grid
    ; warning
    @(863.20 mm, 231.80 mm): Symbol #PWR0144 Pin 1 [Power input, Line]
[endpoint_off_grid]: Symbol pin or wire end off connection grid
    ; warning
    @(863.20 mm, 234.34 mm): Symbol #PWR0145 Pin 1 [Power input, Line]
[endpoint_off_grid]: Symbol pin or wire end off connection grid
    ; warning
    @(863.20 mm, 241.96 mm): Symbol #PWR0146 Pin 1 [Power input, Line]
[endpoint_off_grid]: Symbol pin or wire end off connection grid
    ; warning
    @(863.20 mm, 249.58 mm): Symbol #PWR0147 Pin 1 [Power input, Line]
[endpoint_off_grid]: Symbol pin or wire end off connection grid
    ; warning
    @(863.20 mm, 252.12 mm): Symbol #PWR0148 Pin 1 [Power input, Line]
[endpoint_off_grid]: Symbol pin or wire end off connection grid
    ; warning
    @(863.20 mm, 259.74 mm): Symbol #PWR0149 Pin 1 [Power input, Line]
[endpoint_off_grid]: Symbol pin or wire end off connection grid
    ; warning
    @(863.20 mm, 262.28 mm): Symbol #PWR0150 Pin 1 [Power input, Line]
[endpoint_off_grid]: Symbol pin or wire end off connection grid
    ; warning
    @(863.20 mm, 269.90 mm): Symbol #PWR0151 Pin 1 [Power input, Line]
[endpoint_off_grid]: Symbol pin or wire end off connection grid
    ; warning
    @(863.20 mm, 272.44 mm): Symbol #PWR0152 Pin 1 [Power input, Line]
[endpoint_off_grid]: Symbol pin or wire end off connection grid
    ; warning
    @(863.20 mm, 280.06 mm): Symbol #PWR0153 Pin 1 [Power input, Line]
[endpoint_off_grid]: Symbol pin or wire end off connection grid
    ; warning
    @(863.20 mm, 282.60 mm): Symbol #PWR0154 Pin 1 [Power input, Line]
[endpoint_off_grid]: Symbol pin or wire end off connection grid
    ; warning
    @(863.20 mm, 290.22 mm): Symbol #PWR0155 Pin 1 [Power input, Line]
[endpoint_off_grid]: Symbol pin or wire end off connection grid
    ; warning
    @(863.20 mm, 297.84 mm): Symbol #PWR0156 Pin 1 [Power input, Line]
[endpoint_off_grid]: Symbol pin or wire end off connection grid
    ; warning
    @(863.20 mm, 300.38 mm): Symbol #PWR0157 Pin 1 [Power input, Line]
[endpoint_off_grid]: Symbol pin or wire end off connection grid
    ; warning
    @(863.20 mm, 308.00 mm): Symbol #PWR0158 Pin 1 [Power input, Line]
[endpoint_off_grid]: Symbol pin or wire end off connection grid
    ; warning
    @(863.20 mm, 310.54 mm): Symbol #PWR0159 Pin 1 [Power input, Line]
[endpoint_off_grid]: Symbol pin or wire end off connection grid
    ; warning
    @(863.20 mm, 318.16 mm): Symbol #PWR0160 Pin 1 [Power input, Line]
[endpoint_off_grid]: Symbol pin or wire end off connection grid
    ; warning
    @(863.20 mm, 320.70 mm): Symbol #PWR0161 Pin 1 [Power input, Line]
[no_connect_dangling]: Unconnected "no connection" flag
    ; warning
    @(863.20 mm, 330.86 mm): No Connect
[endpoint_off_grid]: Symbol pin or wire end off connection grid
    ; warning
    @(863.20 mm, 366.88 mm): Symbol #PWR0162 Pin 1 [Power input, Line]
[endpoint_off_grid]: Symbol pin or wire end off connection grid
    ; warning
    @(863.20 mm, 369.42 mm): Symbol #PWR0163 Pin 1 [Power input, Line]
[endpoint_off_grid]: Symbol pin or wire end off connection grid
    ; warning
    @(863.20 mm, 377.04 mm): Symbol #PWR0164 Pin 1 [Power input, Line]
[endpoint_off_grid]: Symbol pin or wire end off connection grid
    ; warning
    @(863.20 mm, 384.66 mm): Symbol #PWR0165 Pin 1 [Power input, Line]
[endpoint_off_grid]: Symbol pin or wire end off connection grid
    ; warning
    @(863.20 mm, 387.20 mm): Symbol #PWR0166 Pin 1 [Power input, Line]
[endpoint_off_grid]: Symbol pin or wire end off connection grid
    ; warning
    @(863.20 mm, 394.82 mm): Symbol #PWR0167 Pin 1 [Power input, Line]
[endpoint_off_grid]: Symbol pin or wire end off connection grid
    ; warning
    @(863.20 mm, 397.36 mm): Symbol #PWR0168 Pin 1 [Power input, Line]
[endpoint_off_grid]: Symbol pin or wire end off connection grid
    ; warning
    @(863.20 mm, 404.98 mm): Symbol #PWR0169 Pin 1 [Power input, Line]
[endpoint_off_grid]: Symbol pin or wire end off connection grid
    ; warning
    @(863.20 mm, 407.52 mm): Symbol #PWR0170 Pin 1 [Power input, Line]
[endpoint_off_grid]: Symbol pin or wire end off connection grid
    ; warning
    @(863.20 mm, 415.14 mm): Symbol #PWR0171 Pin 1 [Power input, Line]
[endpoint_off_grid]: Symbol pin or wire end off connection grid
    ; warning
    @(863.20 mm, 417.68 mm): Symbol #PWR0172 Pin 1 [Power input, Line]
[endpoint_off_grid]: Symbol pin or wire end off connection grid
    ; warning
    @(863.20 mm, 425.30 mm): Symbol #PWR0173 Pin 1 [Power input, Line]
[endpoint_off_grid]: Symbol pin or wire end off connection grid
    ; warning
    @(863.20 mm, 432.92 mm): Symbol #PWR0174 Pin 1 [Power input, Line]
[endpoint_off_grid]: Symbol pin or wire end off connection grid
    ; warning
    @(863.20 mm, 435.46 mm): Symbol #PWR0175 Pin 1 [Power input, Line]
[endpoint_off_grid]: Symbol pin or wire end off connection grid
    ; warning
    @(863.20 mm, 443.08 mm): Symbol #PWR0176 Pin 1 [Power input, Line]
[endpoint_off_grid]: Symbol pin or wire end off connection grid
    ; warning
    @(863.20 mm, 445.62 mm): Symbol #PWR0177 Pin 1 [Power input, Line]
[endpoint_off_grid]: Symbol pin or wire end off connection grid
    ; warning
    @(863.20 mm, 453.24 mm): Symbol #PWR0178 Pin 1 [Power input, Line]
[endpoint_off_grid]: Symbol pin or wire end off connection grid
    ; warning
    @(863.20 mm, 455.78 mm): Symbol #PWR0179 Pin 1 [Power input, Line]
[endpoint_off_grid]: Symbol pin or wire end off connection grid
    ; warning
    @(863.20 mm, 463.40 mm): Symbol #PWR0180 Pin 1 [Power input, Line]
[endpoint_off_grid]: Symbol pin or wire end off connection grid
    ; warning
    @(863.20 mm, 465.94 mm): Symbol #PWR0181 Pin 1 [Power input, Line]
[endpoint_off_grid]: Symbol pin or wire end off connection grid
    ; warning
    @(863.20 mm, 496.88 mm): Symbol #PWR0182 Pin 1 [Power input, Line]
[endpoint_off_grid]: Symbol pin or wire end off connection grid
    ; warning
    @(863.20 mm, 499.42 mm): Symbol #PWR0183 Pin 1 [Power input, Line]
[no_connect_dangling]: Unconnected "no connection" flag
    ; warning
    @(863.20 mm, 501.96 mm): No Connect
[endpoint_off_grid]: Symbol pin or wire end off connection grid
    ; warning
    @(863.20 mm, 512.12 mm): Symbol #PWR0184 Pin 1 [Power input, Line]
[endpoint_off_grid]: Symbol pin or wire end off connection grid
    ; warning
    @(863.20 mm, 514.66 mm): Symbol #PWR0185 Pin 1 [Power input, Line]
[endpoint_off_grid]: Symbol pin or wire end off connection grid
    ; warning
    @(863.20 mm, 527.36 mm): Symbol #PWR0186 Pin 1 [Power input, Line]
[endpoint_off_grid]: Symbol pin or wire end off connection grid
    ; warning
    @(863.20 mm, 529.90 mm): Symbol #PWR0187 Pin 1 [Power input, Line]
[endpoint_off_grid]: Symbol pin or wire end off connection grid
    ; warning
    @(863.20 mm, 542.60 mm): Symbol #PWR0188 Pin 1 [Power input, Line]
[endpoint_off_grid]: Symbol pin or wire end off connection grid
    ; warning
    @(863.20 mm, 545.14 mm): Symbol #PWR0189 Pin 1 [Power input, Line]
[endpoint_off_grid]: Symbol pin or wire end off connection grid
    ; warning
    @(863.20 mm, 560.38 mm): Symbol #PWR0190 Pin 1 [Power input, Line]
[endpoint_off_grid]: Symbol pin or wire end off connection grid
    ; warning
    @(863.20 mm, 562.92 mm): Symbol #PWR0191 Pin 1 [Power input, Line]
[endpoint_off_grid]: Symbol pin or wire end off connection grid
    ; warning
    @(863.20 mm, 570.54 mm): Symbol #PWR0192 Pin 1 [Power input, Line]
[endpoint_off_grid]: Symbol pin or wire end off connection grid
    ; warning
    @(863.20 mm, 578.16 mm): Symbol #PWR0193 Pin 1 [Power input, Line]
[endpoint_off_grid]: Symbol pin or wire end off connection grid
    ; warning
    @(863.20 mm, 580.70 mm): Symbol #PWR0194 Pin 1 [Power input, Line]
[endpoint_off_grid]: Symbol pin or wire end off connection grid
    ; warning
    @(863.20 mm, 588.32 mm): Symbol #PWR0195 Pin 1 [Power input, Line]
[endpoint_off_grid]: Symbol pin or wire end off connection grid
    ; warning
    @(863.20 mm, 590.86 mm): Symbol #PWR0196 Pin 1 [Power input, Line]
[endpoint_off_grid]: Symbol pin or wire end off connection grid
    ; warning
    @(863.20 mm, 598.48 mm): Symbol #PWR0197 Pin 1 [Power input, Line]
[endpoint_off_grid]: Symbol pin or wire end off connection grid
    ; warning
    @(863.20 mm, 601.02 mm): Symbol #PWR0198 Pin 1 [Power input, Line]
[endpoint_off_grid]: Symbol pin or wire end off connection grid
    ; warning
    @(863.20 mm, 626.88 mm): Symbol #PWR0199 Pin 1 [Power input, Line]
[endpoint_off_grid]: Symbol pin or wire end off connection grid
    ; warning
    @(863.20 mm, 629.42 mm): Symbol #PWR0200 Pin 1 [Power input, Line]
[endpoint_off_grid]: Symbol pin or wire end off connection grid
    ; warning
    @(863.20 mm, 637.04 mm): Symbol #PWR0201 Pin 1 [Power input, Line]
[endpoint_off_grid]: Symbol pin or wire end off connection grid
    ; warning
    @(863.20 mm, 644.66 mm): Symbol #PWR0202 Pin 1 [Power input, Line]
[endpoint_off_grid]: Symbol pin or wire end off connection grid
    ; warning
    @(863.20 mm, 647.20 mm): Symbol #PWR0203 Pin 1 [Power input, Line]
[endpoint_off_grid]: Symbol pin or wire end off connection grid
    ; warning
    @(863.20 mm, 662.44 mm): Symbol #PWR0204 Pin 1 [Power input, Line]
[endpoint_off_grid]: Symbol pin or wire end off connection grid
    ; warning
    @(863.20 mm, 664.98 mm): Symbol #PWR0205 Pin 1 [Power input, Line]
[endpoint_off_grid]: Symbol pin or wire end off connection grid
    ; warning
    @(863.20 mm, 677.68 mm): Symbol #PWR0206 Pin 1 [Power input, Line]
[endpoint_off_grid]: Symbol pin or wire end off connection grid
    ; warning
    @(863.20 mm, 680.22 mm): Symbol #PWR0207 Pin 1 [Power input, Line]
[endpoint_off_grid]: Symbol pin or wire end off connection grid
    ; warning
    @(863.20 mm, 692.92 mm): Symbol #PWR0208 Pin 1 [Power input, Line]
[endpoint_off_grid]: Symbol pin or wire end off connection grid
    ; warning
    @(863.20 mm, 695.46 mm): Symbol #PWR0209 Pin 1 [Power input, Line]
[no_connect_dangling]: Unconnected "no connection" flag
    ; warning
    @(863.20 mm, 705.62 mm): No Connect
[endpoint_off_grid]: Symbol pin or wire end off connection grid
    ; warning
    @(863.20 mm, 708.16 mm): Symbol #PWR0210 Pin 1 [Power input, Line]
[endpoint_off_grid]: Symbol pin or wire end off connection grid
    ; warning
    @(863.20 mm, 710.70 mm): Symbol #PWR0211 Pin 1 [Power input, Line]
[endpoint_off_grid]: Symbol pin or wire end off connection grid
    ; warning
    @(863.20 mm, 723.40 mm): Symbol #PWR0212 Pin 1 [Power input, Line]
[endpoint_off_grid]: Symbol pin or wire end off connection grid
    ; warning
    @(863.20 mm, 725.94 mm): Symbol #PWR0213 Pin 1 [Power input, Line]
[endpoint_off_grid]: Symbol pin or wire end off connection grid
    ; warning
    @(863.20 mm, 751.80 mm): Symbol #PWR0214 Pin 1 [Power input, Line]
[endpoint_off_grid]: Symbol pin or wire end off connection grid
    ; warning
    @(863.20 mm, 754.34 mm): Symbol #PWR0215 Pin 1 [Power input, Line]
[endpoint_off_grid]: Symbol pin or wire end off connection grid
    ; warning
    @(863.20 mm, 761.96 mm): Symbol #PWR0216 Pin 1 [Power input, Line]
[endpoint_off_grid]: Symbol pin or wire end off connection grid
    ; warning
    @(863.20 mm, 764.50 mm): Symbol #PWR0217 Pin 1 [Power input, Line]
[endpoint_off_grid]: Symbol pin or wire end off connection grid
    ; warning
    @(863.20 mm, 772.12 mm): Symbol #PWR0218 Pin 1 [Power input, Line]
[endpoint_off_grid]: Symbol pin or wire end off connection grid
    ; warning
    @(863.20 mm, 774.66 mm): Symbol #PWR0219 Pin 1 [Power input, Line]
[endpoint_off_grid]: Symbol pin or wire end off connection grid
    ; warning
    @(863.20 mm, 782.28 mm): Symbol #PWR0220 Pin 1 [Power input, Line]
[endpoint_off_grid]: Symbol pin or wire end off connection grid
    ; warning
    @(863.20 mm, 789.90 mm): Symbol #PWR0221 Pin 1 [Power input, Line]
[endpoint_off_grid]: Symbol pin or wire end off connection grid
    ; warning
    @(863.20 mm, 792.44 mm): Symbol #PWR0222 Pin 1 [Power input, Line]
[endpoint_off_grid]: Symbol pin or wire end off connection grid
    ; warning
    @(863.20 mm, 800.06 mm): Symbol #PWR0223 Pin 1 [Power input, Line]
[endpoint_off_grid]: Symbol pin or wire end off connection grid
    ; warning
    @(863.20 mm, 802.60 mm): Symbol #PWR0224 Pin 1 [Power input, Line]
[endpoint_off_grid]: Symbol pin or wire end off connection grid
    ; warning
    @(863.20 mm, 810.22 mm): Symbol #PWR0225 Pin 1 [Power input, Line]
[endpoint_off_grid]: Symbol pin or wire end off connection grid
    ; warning
    @(863.20 mm, 812.76 mm): Symbol #PWR0226 Pin 1 [Power input, Line]
[endpoint_off_grid]: Symbol pin or wire end off connection grid
    ; warning
    @(863.20 mm, 820.38 mm): Symbol #PWR0227 Pin 1 [Power input, Line]
[endpoint_off_grid]: Symbol pin or wire end off connection grid
    ; warning
    @(863.20 mm, 822.92 mm): Symbol #PWR0228 Pin 1 [Power input, Line]
[endpoint_off_grid]: Symbol pin or wire end off connection grid
    ; warning
    @(863.20 mm, 830.54 mm): Symbol #PWR0229 Pin 1 [Power input, Line]
[endpoint_off_grid]: Symbol pin or wire end off connection grid
    ; warning
    @(863.20 mm, 838.16 mm): Symbol #PWR0230 Pin 1 [Power input, Line]
[endpoint_off_grid]: Symbol pin or wire end off connection grid
    ; warning
    @(863.20 mm, 840.70 mm): Symbol #PWR0231 Pin 1 [Power input, Line]
[endpoint_off_grid]: Symbol pin or wire end off connection grid
    ; warning
    @(863.20 mm, 848.32 mm): Symbol #PWR0232 Pin 1 [Power input, Line]
[footprint_link_issues]: Footprint 'M2_Key_M_2280_x4' not found in library 'project_missing'
    ; warning
    @(863.20 mm, 848.32 mm): Symbol #PWR0232 [GND]
[endpoint_off_grid]: Symbol pin or wire end off connection grid
    ; warning
    @(863.20 mm, 850.86 mm): Symbol #PWR0233 Pin 1 [Power input, Line]
[endpoint_off_grid]: Symbol pin or wire end off connection grid
    ; warning
    @(863.20 mm, 858.48 mm): Symbol #PWR0234 Pin 1 [Power input, Line]
[endpoint_off_grid]: Symbol pin or wire end off connection grid
    ; warning
    @(863.20 mm, 861.02 mm): Symbol #PWR0235 Pin 1 [Power input, Line]
[endpoint_off_grid]: Symbol pin or wire end off connection grid
    ; warning
    @(863.20 mm, 886.88 mm): Symbol #PWR0236 Pin 1 [Power input, Line]
[endpoint_off_grid]: Symbol pin or wire end off connection grid
    ; warning
    @(863.20 mm, 889.42 mm): Symbol #PWR0237 Pin 1 [Power input, Line]
[endpoint_off_grid]: Symbol pin or wire end off connection grid
    ; warning
    @(863.20 mm, 897.04 mm): Symbol #PWR0238 Pin 1 [Power input, Line]
[endpoint_off_grid]: Symbol pin or wire end off connection grid
    ; warning
    @(863.20 mm, 899.58 mm): Symbol #PWR0239 Pin 1 [Power input, Line]
[endpoint_off_grid]: Symbol pin or wire end off connection grid
    ; warning
    @(863.20 mm, 907.20 mm): Symbol #PWR0240 Pin 1 [Power input, Line]
[endpoint_off_grid]: Symbol pin or wire end off connection grid
    ; warning
    @(863.20 mm, 909.74 mm): Symbol #PWR0241 Pin 1 [Power input, Line]
[endpoint_off_grid]: Symbol pin or wire end off connection grid
    ; warning
    @(863.20 mm, 917.36 mm): Symbol #PWR0242 Pin 1 [Power input, Line]
[endpoint_off_grid]: Symbol pin or wire end off connection grid
    ; warning
    @(863.20 mm, 924.98 mm): Symbol #PWR0243 Pin 1 [Power input, Line]
[endpoint_off_grid]: Symbol pin or wire end off connection grid
    ; warning
    @(863.20 mm, 927.52 mm): Symbol #PWR0244 Pin 1 [Power input, Line]
[endpoint_off_grid]: Symbol pin or wire end off connection grid
    ; warning
    @(863.20 mm, 935.14 mm): Symbol #PWR0245 Pin 1 [Power input, Line]
[endpoint_off_grid]: Symbol pin or wire end off connection grid
    ; warning
    @(863.20 mm, 937.68 mm): Symbol #PWR0246 Pin 1 [Power input, Line]
[endpoint_off_grid]: Symbol pin or wire end off connection grid
    ; warning
    @(863.20 mm, 945.30 mm): Symbol #PWR0247 Pin 1 [Power input, Line]
[endpoint_off_grid]: Symbol pin or wire end off connection grid
    ; warning
    @(863.20 mm, 947.84 mm): Symbol #PWR0248 Pin 1 [Power input, Line]
[endpoint_off_grid]: Symbol pin or wire end off connection grid
    ; warning
    @(863.20 mm, 955.46 mm): Symbol #PWR0249 Pin 1 [Power input, Line]
[endpoint_off_grid]: Symbol pin or wire end off connection grid
    ; warning
    @(863.20 mm, 958.00 mm): Symbol #PWR0250 Pin 1 [Power input, Line]
[endpoint_off_grid]: Symbol pin or wire end off connection grid
    ; warning
    @(863.20 mm, 965.62 mm): Symbol #PWR0251 Pin 1 [Power input, Line]
[endpoint_off_grid]: Symbol pin or wire end off connection grid
    ; warning
    @(863.20 mm, 973.24 mm): Symbol #PWR0252 Pin 1 [Power input, Line]
[endpoint_off_grid]: Symbol pin or wire end off connection grid
    ; warning
    @(863.20 mm, 975.78 mm): Symbol #PWR0253 Pin 1 [Power input, Line]
[endpoint_off_grid]: Symbol pin or wire end off connection grid
    ; warning
    @(863.20 mm, 983.40 mm): Symbol #PWR0254 Pin 1 [Power input, Line]
[endpoint_off_grid]: Symbol pin or wire end off connection grid
    ; warning
    @(863.20 mm, 985.94 mm): Symbol #PWR0255 Pin 1 [Power input, Line]
[multiple_net_names]: Both CB1_A_D4 and CB1_B_D4 are attached to the same items; CB1_A_D4 will be used in the netlist
    ; warning
    @(930.28 mm, 337.85 mm): Label 'CB1_A_D4'
    @(868.05 mm, 631.96 mm): Label 'CB1_B_D4'
[endpoint_off_grid]: Symbol pin or wire end off connection grid
    ; warning
    @(878.28 mm, 749.42 mm): Symbol R84 Pin 1 [Passive, Line]
[endpoint_off_grid]: Symbol pin or wire end off connection grid
    ; warning
    @(885.90 mm, 758.31 mm): Symbol #PWR10078 Pin 1 [Power input, Line]
[endpoint_off_grid]: Symbol pin or wire end off connection grid
    ; warning
    @(916.28 mm, 756.42 mm): Symbol C81 Pin 1 [Passive, Line]
[endpoint_off_grid]: Symbol pin or wire end off connection grid
    ; warning
    @(916.28 mm, 757.69 mm): Symbol #PWR0266 Pin 1 [Power input, Line]
[endpoint_off_grid]: Symbol pin or wire end off connection grid
    ; warning
    @(916.28 mm, 762.77 mm): Symbol #PWR0257 Pin 1 [Power input, Line]
[endpoint_off_grid]: Symbol pin or wire end off connection grid
    ; warning
    @(920.80 mm, 753.23 mm): Symbol #PWR0267 Pin 1 [Power input, Line]
[lib_symbol_mismatch]: Symbol 'AP2112K-1.8' doesn't match copy in library 'Regulator_Linear'
    ; warning
    @(928.28 mm, 753.23 mm): Symbol U31 [AP2112K-1.8]
[endpoint_off_grid]: Symbol pin or wire end off connection grid
    ; warning
    @(928.28 mm, 763.23 mm): Symbol #PWR0258 Pin 1 [Power input, Line]
[multiple_net_names]: Both CB0_A_D4 and CB0_B_D4 are attached to the same items; CB0_A_D4 will be used in the netlist
    ; warning
    @(930.28 mm, 332.77 mm): Label 'CB0_A_D4'
    @(930.28 mm, 332.77 mm): Label 'CB0_B_D4'
[multiple_net_names]: Both CB2_A_D4 and CB2_B_D4 are attached to the same items; CB2_A_D4 will be used in the netlist
    ; warning
    @(930.28 mm, 342.93 mm): Label 'CB2_A_D4'
    @(930.28 mm, 342.93 mm): Label 'CB2_B_D4'
[multiple_net_names]: Both CB3_A_D4 and CB3_B_D4 are attached to the same items; CB3_A_D4 will be used in the netlist
    ; warning
    @(930.28 mm, 348.01 mm): Label 'CB3_A_D4'
    @(930.28 mm, 348.01 mm): Label 'CB3_B_D4'
[endpoint_off_grid]: Symbol pin or wire end off connection grid
    ; warning
    @(940.28 mm, 756.42 mm): Symbol C82 Pin 1 [Passive, Line]
[endpoint_off_grid]: Symbol pin or wire end off connection grid
    ; warning
    @(940.28 mm, 762.77 mm): Symbol #PWR0259 Pin 1 [Power input, Line]
[endpoint_off_grid]: Symbol pin or wire end off connection grid
    ; warning
    @(953.28 mm, 319.42 mm): Symbol C22 Pin 1 [Passive, Line]
[endpoint_off_grid]: Symbol pin or wire end off connection grid
    ; warning
    @(953.28 mm, 327.04 mm): Symbol #PWR10073 Pin 1 [Power input, Line]
[endpoint_off_grid]: Symbol pin or wire end off connection grid
    ; warning
    @(961.28 mm, 319.42 mm): Symbol C21 Pin 1 [Passive, Line]
[endpoint_off_grid]: Symbol pin or wire end off connection grid
    ; warning
    @(961.28 mm, 327.04 mm): Symbol #PWR09950 Pin 1 [Power input, Line]
[endpoint_off_grid]: Symbol pin or wire end off connection grid
    ; warning
    @(961.28 mm, 349.42 mm): Symbol C23 Pin 1 [Passive, Line]
[endpoint_off_grid]: Symbol pin or wire end off connection grid
    ; warning
    @(961.28 mm, 357.04 mm): Symbol #PWR09876 Pin 1 [Power input, Line]
[endpoint_off_grid]: Symbol pin or wire end off connection grid
    ; warning
    @(965.09 mm, 323.23 mm): Symbol #PWR09911 Pin 1 [Power input, Line]
[endpoint_off_grid]: Symbol pin or wire end off connection grid
    ; warning
    @(973.28 mm, 319.42 mm): Symbol L21 Pin 1 [1, Passive, Line]
[endpoint_off_grid]: Symbol pin or wire end off connection grid
    ; warning
    @(973.28 mm, 349.42 mm): Symbol L22 Pin 1 [1, Passive, Line]
[endpoint_off_grid]: Symbol pin or wire end off connection grid
    ; warning
    @(990.66 mm, 341.96 mm): Symbol #PWR10047 Pin 1 [Power input, Line]
[endpoint_off_grid]: Symbol pin or wire end off connection grid
    ; warning
    @(990.66 mm, 349.58 mm): Symbol #PWR09939 Pin 1 [Power input, Line]
[endpoint_off_grid]: Symbol pin or wire end off connection grid
    ; warning
    @(990.66 mm, 349.58 mm): Symbol U7 Pin 1 [PGOOD, Open collector, Line]
[endpoint_off_grid]: Symbol pin or wire end off connection grid
    ; warning
    @(993.20 mm, 335.61 mm): Symbol #PWR10071 Pin 1 [Power input, Line]
[endpoint_off_grid]: Symbol pin or wire end off connection grid
    ; warning
    @(995.74 mm, 323.80 mm): Symbol C25 Pin 1 [Passive, Line]
[endpoint_off_grid]: Symbol pin or wire end off connection grid
    ; warning
    @(995.74 mm, 331.42 mm): Symbol #PWR10042 Pin 1 [Power input, Line]
[ground_pin_not_ground]: Pin GND not connected to ground net
    ; warning
    @(995.74 mm, 335.61 mm): Symbol U7 Pin 13 [GND, Power input, Line]
[endpoint_off_grid]: Symbol pin or wire end off connection grid
    ; warning
    @(995.74 mm, 350.85 mm): Symbol #PWR09881 Pin 1 [Power input, Line]
[ground_pin_not_ground]: Pin GND not connected to ground net
    ; warning
    @(998.28 mm, 335.61 mm): Symbol U7 Pin 14 [GND, Power input, Line]
[lib_symbol_mismatch]: Symbol 'TPS65295' doesn't match copy in library 'ti_ddr4_pwr'
    ; warning
    @(998.28 mm, 343.23 mm): Symbol U7 [TPS65295]
[endpoint_off_grid]: Symbol pin or wire end off connection grid
    ; warning
    @(998.28 mm, 350.85 mm): Symbol #PWR10040 Pin 1 [Power input, Line]
[endpoint_off_grid]: Symbol pin or wire end off connection grid
    ; warning
    @(998.28 mm, 383.23 mm): Symbol #PWR10024 Pin 1 [Power input, Line]
[endpoint_off_grid]: Symbol pin or wire end off connection grid
    ; warning
    @(998.28 mm, 391.23 mm): Symbol #PWR0268 Pin 1 [Power input, Line]
[multiple_net_names]: Both +3.3V_Stby and +3.3VSB are attached to the same items; +3.3V_Stby will be used in the netlist
    ; warning
    @(1298.28 mm, 321.23 mm): Symbol #PWR0269 Pin 1 [Power input, Line]
    @(998.28 mm, 391.23 mm): Label '+3.3VSB'
[endpoint_off_grid]: Symbol pin or wire end off connection grid
    ; warning
    @(998.66 mm, 335.69 mm): Symbol R21 Pin 1 [Passive, Line]
[endpoint_off_grid]: Symbol pin or wire end off connection grid
    ; warning
    @(998.66 mm, 342.69 mm): Symbol R22 Pin 1 [Passive, Line]
[endpoint_off_grid]: Symbol pin or wire end off connection grid
    ; warning
    @(998.66 mm, 350.31 mm): Symbol #PWR09917 Pin 1 [Power input, Line]
[endpoint_off_grid]: Symbol pin or wire end off connection grid
    ; warning
    @(1000.82 mm, 335.61 mm): Symbol #PWR10045 Pin 1 [Power input, Line]
[endpoint_off_grid]: Symbol pin or wire end off connection grid
    ; warning
    @(1000.82 mm, 350.85 mm): Symbol #PWR09941 Pin 1 [Power input, Line]
[endpoint_off_grid]: Symbol pin or wire end off connection grid
    ; warning
    @(1003.28 mm, 323.80 mm): Symbol C26 Pin 1 [Passive, Line]
[endpoint_off_grid]: Symbol pin or wire end off connection grid
    ; warning
    @(1003.28 mm, 331.42 mm): Symbol #PWR10027 Pin 1 [Power input, Line]
[endpoint_off_grid]: Symbol pin or wire end off connection grid
    ; warning
    @(1003.36 mm, 335.61 mm): Symbol #PWR5986 Pin 1 [Power input, Line]
[endpoint_off_grid]: Symbol pin or wire end off connection grid
    ; warning
    @(1005.90 mm, 336.88 mm): Symbol #PWR09953 Pin 1 [Power input, Line]
[endpoint_off_grid]: Symbol pin or wire end off connection grid
    ; warning
    @(1005.90 mm, 344.50 mm): Symbol #PWR10064 Pin 1 [Power input, Line]
[endpoint_off_grid]: Symbol pin or wire end off connection grid
    ; warning
    @(1013.90 mm, 333.15 mm): Symbol R23 Pin 1 [Passive, Line]
[endpoint_off_grid]: Symbol pin or wire end off connection grid
    ; warning
    @(1013.90 mm, 340.15 mm): Symbol R24 Pin 1 [Passive, Line]
[endpoint_off_grid]: Symbol pin or wire end off connection grid
    ; warning
    @(1013.90 mm, 343.23 mm): Symbol C24 Pin 1 [Passive, Line]
[endpoint_off_grid]: Symbol pin or wire end off connection grid
    ; warning
    @(1013.90 mm, 347.77 mm): Symbol #PWR10077 Pin 1 [Power input, Line]
[endpoint_off_grid]: Symbol pin or wire end off connection grid
    ; warning
    @(1013.90 mm, 350.85 mm): Symbol #PWR09954 Pin 1 [Power input, Line]
[endpoint_off_grid]: Symbol pin or wire end off connection grid
    ; warning
    @(1048.28 mm, 330.23 mm): Symbol #PWR10087 Pin 1 [~, Power input, Line]
[lib_symbol_issues]: Symbol '+5VSB' not found in symbol library 'power'
    ; warning
    @(1048.28 mm, 330.23 mm): Symbol #PWR10087 [+5VSB]
[endpoint_off_grid]: Symbol pin or wire end off connection grid
    ; warning
    @(1098.28 mm, 339.42 mm): Symbol #PWR10013 Pin 1 [Power input, Line]
[endpoint_off_grid]: Symbol pin or wire end off connection grid
    ; warning
    @(1113.28 mm, 339.42 mm): Symbol C27 Pin 1 [Passive, Line]
[endpoint_off_grid]: Symbol pin or wire end off connection grid
    ; warning
    @(1113.28 mm, 347.04 mm): Symbol #PWR10074 Pin 1 [Power input, Line]
[similar_labels]: Labels are similar (lower/upper case difference only)
    ; warning
    @(1128.28 mm, 350.23 mm): Label 'PERST_PCIe1_n'
    @(233.04 mm, 1281.73 mm): Label 'PERST_PCIE1_n'
[similar_labels]: Labels are similar (lower/upper case difference only)
    ; warning
    @(1128.28 mm, 350.23 mm): Label 'PERST_PCIe1_n'
    @(2000.66 mm, 336.43 mm): Label 'PERST_PCIE1_n'
[endpoint_off_grid]: Symbol pin or wire end off connection grid
    ; warning
    @(1143.20 mm, 300.05 mm): Symbol J_M2_NVMe1 Pin 1 [Pin_1, Passive, Line]
[endpoint_off_grid]: Symbol pin or wire end off connection grid
    ; warning
    @(1144.47 mm, 298.78 mm): Symbol #PWR09849 Pin 1 [Power input, Line]
[endpoint_off_grid]: Symbol pin or wire end off connection grid
    ; warning
    @(1144.47 mm, 301.32 mm): Symbol #PWR09851 Pin 1 [Power input, Line]
[endpoint_off_grid]: Symbol pin or wire end off connection grid
    ; warning
    @(1144.47 mm, 303.86 mm): Symbol #PWR09853 Pin 1 [Power input, Line]
[endpoint_off_grid]: Symbol pin or wire end off connection grid
    ; warning
    @(1144.47 mm, 306.40 mm): Symbol #PWR09855 Pin 1 [Power input, Line]
[endpoint_off_grid]: Symbol pin or wire end off connection grid
    ; warning
    @(1144.47 mm, 308.94 mm): Symbol #PWR09856 Pin 1 [Power input, Line]
[endpoint_off_grid]: Symbol pin or wire end off connection grid
    ; warning
    @(1144.47 mm, 311.48 mm): Symbol #PWR09857 Pin 1 [Power input, Line]
[no_connect_dangling]: Unconnected "no connection" flag
    ; warning
    @(1144.47 mm, 314.02 mm): No Connect
[endpoint_off_grid]: Symbol pin or wire end off connection grid
    ; warning
    @(1144.47 mm, 316.56 mm): Symbol #PWR09858 Pin 1 [Power input, Line]
[no_connect_dangling]: Unconnected "no connection" flag
    ; warning
    @(1144.47 mm, 319.10 mm): No Connect
[no_connect_dangling]: Unconnected "no connection" flag
    ; warning
    @(1144.47 mm, 321.64 mm): No Connect
[endpoint_off_grid]: Symbol pin or wire end off connection grid
    ; warning
    @(1144.47 mm, 324.18 mm): Symbol #PWR09859 Pin 1 [Power input, Line]
[no_connect_dangling]: Unconnected "no connection" flag
    ; warning
    @(1144.47 mm, 326.72 mm): No Connect
[no_connect_dangling]: Unconnected "no connection" flag
    ; warning
    @(1144.47 mm, 329.26 mm): No Connect
[endpoint_off_grid]: Symbol pin or wire end off connection grid
    ; warning
    @(1144.47 mm, 331.80 mm): Symbol #PWR09860 Pin 1 [Power input, Line]
[endpoint_off_grid]: Symbol pin or wire end off connection grid
    ; warning
    @(1144.47 mm, 334.34 mm): Symbol #PWR09861 Pin 1 [Power input, Line]
[endpoint_off_grid]: Symbol pin or wire end off connection grid
    ; warning
    @(1144.47 mm, 336.88 mm): Symbol #PWR09862 Pin 1 [Power input, Line]
[endpoint_off_grid]: Symbol pin or wire end off connection grid
    ; warning
    @(1144.47 mm, 339.42 mm): Symbol #PWR09863 Pin 1 [Power input, Line]
[endpoint_off_grid]: Symbol pin or wire end off connection grid
    ; warning
    @(1144.47 mm, 341.96 mm): Symbol #PWR09864 Pin 1 [Power input, Line]
[endpoint_off_grid]: Symbol pin or wire end off connection grid
    ; warning
    @(1144.47 mm, 344.50 mm): Symbol #PWR09865 Pin 1 [Power input, Line]
[endpoint_off_grid]: Symbol pin or wire end off connection grid
    ; warning
    @(1144.47 mm, 347.04 mm): Symbol #PWR09866 Pin 1 [Power input, Line]
[footprint_link_issues]: Footprint 'Virtual_Bridge' not found in library 'project_missing'
    ; warning
    @(1144.47 mm, 347.04 mm): Symbol #PWR09866 [GND]
[endpoint_off_grid]: Symbol pin or wire end off connection grid
    ; warning
    @(1144.47 mm, 349.58 mm): Symbol #PWR09867 Pin 1 [Power input, Line]
[endpoint_off_grid]: Symbol pin or wire end off connection grid
    ; warning
    @(1144.47 mm, 352.12 mm): Symbol #PWR09868 Pin 1 [Power input, Line]
[endpoint_off_grid]: Symbol pin or wire end off connection grid
    ; warning
    @(1144.47 mm, 354.66 mm): Symbol #PWR09869 Pin 1 [Power input, Line]
[endpoint_off_grid]: Symbol pin or wire end off connection grid
    ; warning
    @(1144.47 mm, 357.20 mm): Symbol #PWR09870 Pin 1 [Power input, Line]
[endpoint_off_grid]: Symbol pin or wire end off connection grid
    ; warning
    @(1144.47 mm, 359.74 mm): Symbol #PWR09871 Pin 1 [Power input, Line]
[endpoint_off_grid]: Symbol pin or wire end off connection grid
    ; warning
    @(1144.47 mm, 362.28 mm): Symbol #PWR0400 Pin 1 [Power input, Line]
[endpoint_off_grid]: Symbol pin or wire end off connection grid
    ; warning
    @(1144.47 mm, 364.82 mm): Symbol #PWR0401 Pin 1 [Power input, Line]
[endpoint_off_grid]: Symbol pin or wire end off connection grid
    ; warning
    @(1144.47 mm, 367.36 mm): Symbol #PWR0402 Pin 1 [Power input, Line]
[endpoint_off_grid]: Symbol pin or wire end off connection grid
    ; warning
    @(1144.47 mm, 369.90 mm): Symbol #PWR0403 Pin 1 [Power input, Line]
[endpoint_off_grid]: Symbol pin or wire end off connection grid
    ; warning
    @(1144.47 mm, 372.44 mm): Symbol #PWR0404 Pin 1 [Power input, Line]
[endpoint_off_grid]: Symbol pin or wire end off connection grid
    ; warning
    @(1144.47 mm, 374.98 mm): Symbol #PWR0405 Pin 1 [Power input, Line]
[no_connect_dangling]: Unconnected "no connection" flag
    ; warning
    @(1144.47 mm, 377.52 mm): No Connect
[no_connect_dangling]: Unconnected "no connection" flag
    ; warning
    @(1144.47 mm, 380.06 mm): No Connect
[no_connect_dangling]: Unconnected "no connection" flag
    ; warning
    @(1144.47 mm, 382.60 mm): No Connect
[no_connect_dangling]: Unconnected "no connection" flag
    ; warning
    @(1144.47 mm, 385.14 mm): No Connect
[endpoint_off_grid]: Symbol pin or wire end off connection grid
    ; warning
    @(1144.47 mm, 387.68 mm): Symbol #PWR0406 Pin 1 [Power input, Line]
[endpoint_off_grid]: Symbol pin or wire end off connection grid
    ; warning
    @(1144.47 mm, 492.90 mm): Symbol #PWR0408 Pin 1 [Power input, Line]
[endpoint_off_grid]: Symbol pin or wire end off connection grid
    ; warning
    @(1152.09 mm, 298.78 mm): Symbol #PWR09850 Pin 1 [Power input, Line]
[endpoint_off_grid]: Symbol pin or wire end off connection grid
    ; warning
    @(1152.09 mm, 301.32 mm): Symbol #PWR09852 Pin 1 [Power input, Line]
[endpoint_off_grid]: Symbol pin or wire end off connection grid
    ; warning
    @(1152.09 mm, 303.86 mm): Symbol #PWR09854 Pin 1 [Power input, Line]
[no_connect_dangling]: Unconnected "no connection" flag
    ; warning
    @(1152.09 mm, 311.48 mm): No Connect
[no_connect_dangling]: Unconnected "no connection" flag
    ; warning
    @(1152.09 mm, 314.02 mm): No Connect
[no_connect_dangling]: Unconnected "no connection" flag
    ; warning
    @(1152.09 mm, 316.56 mm): No Connect
[no_connect_dangling]: Unconnected "no connection" flag
    ; warning
    @(1152.09 mm, 319.10 mm): No Connect
[no_connect_dangling]: Unconnected "no connection" flag
    ; warning
    @(1152.09 mm, 321.64 mm): No Connect
[no_connect_dangling]: Unconnected "no connection" flag
    ; warning
    @(1152.09 mm, 324.18 mm): No Connect
[no_connect_dangling]: Unconnected "no connection" flag
    ; warning
    @(1152.09 mm, 326.72 mm): No Connect
[no_connect_dangling]: Unconnected "no connection" flag
    ; warning
    @(1152.09 mm, 329.26 mm): No Connect
[no_connect_dangling]: Unconnected "no connection" flag
    ; warning
    @(1152.09 mm, 331.80 mm): No Connect
[no_connect_dangling]: Unconnected "no connection" flag
    ; warning
    @(1152.09 mm, 334.34 mm): No Connect
[no_connect_dangling]: Unconnected "no connection" flag
    ; warning
    @(1152.09 mm, 336.88 mm): No Connect
[no_connect_dangling]: Unconnected "no connection" flag
    ; warning
    @(1152.09 mm, 339.42 mm): No Connect
[no_connect_dangling]: Unconnected "no connection" flag
    ; warning
    @(1152.09 mm, 344.50 mm): No Connect
[no_connect_dangling]: Unconnected "no connection" flag
    ; warning
    @(1152.09 mm, 347.04 mm): No Connect
[no_connect_dangling]: Unconnected "no connection" flag
    ; warning
    @(1152.09 mm, 349.58 mm): No Connect
[no_connect_dangling]: Unconnected "no connection" flag
    ; warning
    @(1152.09 mm, 359.74 mm): No Connect
[no_connect_dangling]: Unconnected "no connection" flag
    ; warning
    @(1152.09 mm, 362.28 mm): No Connect
[no_connect_dangling]: Unconnected "no connection" flag
    ; warning
    @(1152.09 mm, 364.82 mm): No Connect
[no_connect_dangling]: Unconnected "no connection" flag
    ; warning
    @(1152.09 mm, 367.36 mm): No Connect
[no_connect_dangling]: Unconnected "no connection" flag
    ; warning
    @(1152.09 mm, 369.90 mm): No Connect
[no_connect_dangling]: Unconnected "no connection" flag
    ; warning
    @(1152.09 mm, 372.44 mm): No Connect
[no_connect_dangling]: Unconnected "no connection" flag
    ; warning
    @(1152.09 mm, 374.98 mm): No Connect
[no_connect_dangling]: Unconnected "no connection" flag
    ; warning
    @(1152.09 mm, 377.52 mm): No Connect
[no_connect_dangling]: Unconnected "no connection" flag
    ; warning
    @(1152.09 mm, 380.06 mm): No Connect
[no_connect_dangling]: Unconnected "no connection" flag
    ; warning
    @(1152.09 mm, 382.60 mm): No Connect
[endpoint_off_grid]: Symbol pin or wire end off connection grid
    ; warning
    @(1152.09 mm, 492.90 mm): Symbol #PWR0409 Pin 1 [Power input, Line]
[endpoint_off_grid]: Symbol pin or wire end off connection grid
    ; warning
    @(1173.20 mm, 340.69 mm): Symbol J_M2_NVMe_PCIe1 Pin 1 [Pin_1, Passive, Line]
[endpoint_off_grid]: Symbol pin or wire end off connection grid
    ; warning
    @(1174.47 mm, 340.69 mm): Symbol #PWR0407 Pin 1 [Power input, Line]
[endpoint_off_grid]: Symbol pin or wire end off connection grid
    ; warning
    @(1284.47 mm, 363.23 mm): Symbol R30 Pin 1 [Passive, Line]
[endpoint_off_grid]: Symbol pin or wire end off connection grid
    ; warning
    @(1288.28 mm, 354.58 mm): Symbol #PWR09990 Pin 1 [Power input, Line]
[endpoint_off_grid]: Symbol pin or wire end off connection grid
    ; warning
    @(1288.28 mm, 359.42 mm): Symbol #PWR09995 Pin 1 [Power input, Line]
[multiple_net_names]: Both GND and HUB_RESET_N are attached to the same items; GND will be used in the netlist
    ; warning
    @(863.20 mm, 545.14 mm): Symbol #PWR0189 Pin 1 [Power input, Line]
    @(1288.28 mm, 367.04 mm): Label 'HUB_RESET_N'
[endpoint_off_grid]: Symbol pin or wire end off connection grid
    ; warning
    @(1292.47 mm, 315.61 mm): Symbol #PWR10050 Pin 1 [Power input, Line]
[endpoint_off_grid]: Symbol pin or wire end off connection grid
    ; warning
    @(1292.47 mm, 318.15 mm): Symbol #PWR09921 Pin 1 [Power input, Line]
[endpoint_off_grid]: Symbol pin or wire end off connection grid
    ; warning
    @(1292.47 mm, 320.69 mm): Symbol #PWR10049 Pin 1 [Power input, Line]
[endpoint_off_grid]: Symbol pin or wire end off connection grid
    ; warning
    @(1292.47 mm, 326.23 mm): Symbol #PWR8762 Pin 1 [Power input, Line]
[endpoint_off_grid]: Symbol pin or wire end off connection grid
    ; warning
    @(1294.47 mm, 353.23 mm): Symbol X1 Pin 1 [1, Passive, Line]
[endpoint_off_grid]: Symbol pin or wire end off connection grid
    ; warning
    @(1298.28 mm, 321.23 mm): Symbol #PWR0269 Pin 1 [Power input, Line]
[endpoint_off_grid]: Symbol pin or wire end off connection grid
    ; warning
    @(1298.28 mm, 323.23 mm): Symbol #PWR10080 Pin 1 [~, Power input, Line]
[lib_symbol_issues]: Symbol '+5VSB' not found in symbol library 'power'
    ; warning
    @(1298.28 mm, 323.23 mm): Symbol #PWR10080 [+5VSB]
[endpoint_off_grid]: Symbol pin or wire end off connection grid
    ; warning
    @(1300.09 mm, 318.15 mm): Symbol #PWR7988 Pin 1 [Power input, Line]
[endpoint_off_grid]: Symbol pin or wire end off connection grid
    ; warning
    @(1300.09 mm, 320.69 mm): Symbol #PWR10005 Pin 1 [Power input, Line]
[endpoint_off_grid]: Symbol pin or wire end off connection grid
    ; warning
    @(1300.09 mm, 323.23 mm): Symbol #PWR09880 Pin 1 [Power input, Line]
[endpoint_off_grid]: Symbol pin or wire end off connection grid
    ; warning
    @(1300.09 mm, 325.77 mm): Symbol #PWR09887 Pin 1 [Power input, Line]
[endpoint_off_grid]: Symbol pin or wire end off connection grid
    ; warning
    @(1300.09 mm, 328.77 mm): Symbol #PWR09878 Pin 1 [Power input, Line]
[endpoint_off_grid]: Symbol pin or wire end off connection grid
    ; warning
    @(1305.58 mm, 315.61 mm): Symbol #PWR10085 Pin 1 [Power input, Line]
[endpoint_off_grid]: Symbol pin or wire end off connection grid
    ; warning
    @(1305.58 mm, 318.15 mm): Symbol #PWR09980 Pin 1 [Power input, Line]
[endpoint_off_grid]: Symbol pin or wire end off connection grid
    ; warning
    @(1305.58 mm, 320.69 mm): Symbol #PWR10091 Pin 1 [Power input, Line]
[endpoint_off_grid]: Symbol pin or wire end off connection grid
    ; warning
    @(1305.58 mm, 328.31 mm): Symbol #PWR1081 Pin 1 [Power input, Line]
[endpoint_off_grid]: Symbol pin or wire end off connection grid
    ; warning
    @(1305.58 mm, 330.85 mm): Symbol #PWR10055 Pin 1 [Power input, Line]
[endpoint_off_grid]: Symbol pin or wire end off connection grid
    ; warning
    @(1313.20 mm, 305.45 mm): Symbol U12 Pin 1 [Pin_1, Passive, Line]
[endpoint_off_grid]: Symbol pin or wire end off connection grid
    ; warning
    @(1355.66 mm, 309.58 mm): Symbol #PWR10097 Pin 1 [Power input, Line]
[endpoint_off_grid]: Symbol pin or wire end off connection grid
    ; warning
    @(1355.66 mm, 329.58 mm): Symbol #PWR10076 Pin 1 [Power input, Line]
[endpoint_off_grid]: Symbol pin or wire end off connection grid
    ; warning
    @(1355.66 mm, 349.58 mm): Symbol #PWR09983 Pin 1 [Power input, Line]
[endpoint_off_grid]: Symbol pin or wire end off connection grid
    ; warning
    @(1355.66 mm, 369.58 mm): Symbol #PWR10057 Pin 1 [Power input, Line]
[endpoint_off_grid]: Symbol pin or wire end off connection grid
    ; warning
    @(1358.20 mm, 300.69 mm): Symbol J_USB_A1 Pin 1 [Pin_1, Passive, Line]
[endpoint_off_grid]: Symbol pin or wire end off connection grid
    ; warning
    @(1358.20 mm, 320.69 mm): Symbol J_USB_A2 Pin 1 [Pin_1, Passive, Line]
[endpoint_off_grid]: Symbol pin or wire end off connection grid
    ; warning
    @(1358.20 mm, 340.69 mm): Symbol J_USB_A3 Pin 1 [Pin_1, Passive, Line]
[endpoint_off_grid]: Symbol pin or wire end off connection grid
    ; warning
    @(1358.20 mm, 360.69 mm): Symbol J_USB_A4 Pin 1 [Pin_1, Passive, Line]
[endpoint_off_grid]: Symbol pin or wire end off connection grid
    ; warning
    @(1378.12 mm, 375.61 mm): Symbol U14 Pin 1 [~{CS}, Input, Line]
[similar_labels]: Labels are similar (lower/upper case difference only)
    ; warning
    @(1383.20 mm, 379.42 mm): Label 'EC_SPI_CS_N'
    @(233.04 mm, 1691.96 mm): Label 'EC_SPI_CS_n'
[similar_labels]: Labels are similar (lower/upper case difference only)
    ; warning
    @(1383.20 mm, 379.42 mm): Label 'EC_SPI_CS_N'
    @(1373.28 mm, 390.85 mm): Label 'EC_SPI_CS_n'
[similar_labels]: Labels are similar (lower/upper case difference only)
    ; warning
    @(1383.20 mm, 379.42 mm): Label 'EC_SPI_CS_N'
    @(227.96 mm, 1691.96 mm): Label 'EC_SPI_CS_n'
[endpoint_off_grid]: Symbol pin or wire end off connection grid
    ; warning
    @(1383.20 mm, 387.04 mm): Symbol #PWR09982 Pin 1 [Power input, Line]
[endpoint_off_grid]: Symbol pin or wire end off connection grid
    ; warning
    @(1383.20 mm, 389.58 mm): Symbol #PWR10012 Pin 1 [Power input, Line]
[lib_symbol_issues]: Symbol 'W25Q128JV' not found in symbol library 'Memory_Flash'
    ; warning
    @(1388.28 mm, 383.23 mm): Symbol U14 [W25Q128JV]
[endpoint_off_grid]: Symbol pin or wire end off connection grid
    ; warning
    @(1393.36 mm, 379.42 mm): Symbol #PWR09976 Pin 1 [Power input, Line]
[endpoint_off_grid]: Symbol pin or wire end off connection grid
    ; warning
    @(1393.36 mm, 381.96 mm): Symbol #PWR10069 Pin 1 [Power input, Line]
[endpoint_off_grid]: Symbol pin or wire end off connection grid
    ; warning
    @(1394.47 mm, 300.37 mm): Symbol C40 Pin 1 [Passive, Line]
[endpoint_off_grid]: Symbol pin or wire end off connection grid
    ; warning
    @(1394.47 mm, 300.37 mm): Symbol #PWR0816 Pin 1 [Power input, Line]
[endpoint_off_grid]: Symbol pin or wire end off connection grid
    ; warning
    @(1394.47 mm, 302.91 mm): Symbol #PWR10086 Pin 1 [Power input, Line]
[endpoint_off_grid]: Symbol pin or wire end off connection grid
    ; warning
    @(1394.47 mm, 302.91 mm): Symbol C41 Pin 1 [Passive, Line]
[endpoint_off_grid]: Symbol pin or wire end off connection grid
    ; warning
    @(1394.47 mm, 379.42 mm): Symbol #PWR10092 Pin 1 [Power input, Line]
[endpoint_off_grid]: Symbol pin or wire end off connection grid
    ; warning
    @(1394.47 mm, 379.42 mm): Symbol C38 Pin 1 [Passive, Line]
[endpoint_off_grid]: Symbol pin or wire end off connection grid
    ; warning
    @(1402.09 mm, 302.91 mm): Symbol #PWR10056 Pin 1 [Power input, Line]
[endpoint_off_grid]: Symbol pin or wire end off connection grid
    ; warning
    @(1402.09 mm, 381.96 mm): Symbol #PWR10054 Pin 1 [Power input, Line]
[endpoint_off_grid]: Symbol pin or wire end off connection grid
    ; warning
    @(1410.50 mm, 300.37 mm): Symbol U13 Pin 1 [VCC3, Power input, Line]
[similar_labels]: Labels are similar (lower/upper case difference only)
    ; warning
    @(1410.50 mm, 328.31 mm): Label 'EC_SPI_CS_N'
    @(233.04 mm, 1691.96 mm): Label 'EC_SPI_CS_n'
[similar_labels]: Labels are similar (lower/upper case difference only)
    ; warning
    @(1410.50 mm, 328.31 mm): Label 'EC_SPI_CS_N'
    @(1373.28 mm, 390.85 mm): Label 'EC_SPI_CS_n'
[similar_labels]: Labels are similar (lower/upper case difference only)
    ; warning
    @(1410.50 mm, 328.31 mm): Label 'EC_SPI_CS_N'
    @(227.96 mm, 1691.96 mm): Label 'EC_SPI_CS_n'
[endpoint_off_grid]: Symbol pin or wire end off connection grid
    ; warning
    @(1413.20 mm, 403.23 mm): Symbol BT1 Pin 1 [+, Power output, Line]
[endpoint_off_grid]: Symbol pin or wire end off connection grid
    ; warning
    @(1414.47 mm, 420.23 mm): Symbol X2 Pin 1 [1, Passive, Line]
[endpoint_off_grid]: Symbol pin or wire end off connection grid
    ; warning
    @(1418.28 mm, 375.42 mm): Symbol R31 Pin 1 [Passive, Line]
[lib_symbol_issues]: The current configuration does not include the symbol library ''
    ; warning
    @(1418.28 mm, 403.23 mm): Symbol BT1 [BatteryHolder_CR2032]
[lib_symbol_issues]: The current configuration does not include the symbol library ''
    ; warning
    @(1428.28 mm, 323.23 mm): Symbol U13 [IT8528E]
[missing_bidi_pin]: Symbol U13 has bidirectional pins in units [ B, C, D ] that are not placed
    ; warning
    @(1428.28 mm, 323.23 mm): Symbol U13 [IT8528E]
[missing_input_pin]: Symbol U13 has input pins in units [ B, C ] that are not placed
    ; warning
    @(1428.28 mm, 323.23 mm): Symbol U13 [IT8528E]
[missing_unit]: Symbol U13 has unplaced units [ B, C, D ]
    ; warning
    @(1428.28 mm, 323.23 mm): Symbol U13 [IT8528E]
[endpoint_off_grid]: Symbol pin or wire end off connection grid
    ; warning
    @(1428.28 mm, 475.23 mm): Symbol #PWR0270 Pin 1 [Power input, Line]
[endpoint_off_grid]: Symbol pin or wire end off connection grid
    ; warning
    @(1438.28 mm, 375.42 mm): Symbol R32 Pin 1 [Passive, Line]
[endpoint_off_grid]: Symbol pin or wire end off connection grid
    ; warning
    @(1438.28 mm, 416.42 mm): Symbol C39 Pin 1 [Passive, Line]
[similar_labels]: Labels are similar (lower/upper case difference only)
    ; warning
    @(1446.06 mm, 300.37 mm): Label 'PWRBTN_N'
    @(1458.28 mm, 343.55 mm): Label 'PWRBTN_n'
[similar_labels]: Labels are similar (lower/upper case difference only)
    ; warning
    @(1446.06 mm, 300.37 mm): Label 'PWRBTN_N'
    @(233.04 mm, 1689.42 mm): Label 'PWRBTN_n'
[similar_labels]: Labels are similar (lower/upper case difference only)
    ; warning
    @(1446.06 mm, 300.37 mm): Label 'PWRBTN_N'
    @(227.96 mm, 1689.42 mm): Label 'PWRBTN_n'
[endpoint_off_grid]: Symbol pin or wire end off connection grid
    ; warning
    @(1453.20 mm, 300.69 mm): Symbol J_FAN1 Pin 1 [Pin_1, Passive, Line]
[endpoint_off_grid]: Symbol pin or wire end off connection grid
    ; warning
    @(1453.20 mm, 304.50 mm): Symbol #PWR10089 Pin 1 [Power input, Line]
[endpoint_off_grid]: Symbol pin or wire end off connection grid
    ; warning
    @(1453.20 mm, 309.58 mm): Symbol #PWR10025 Pin 1 [Power input, Line]
[endpoint_off_grid]: Symbol pin or wire end off connection grid
    ; warning
    @(1453.20 mm, 320.69 mm): Symbol J_FAN2 Pin 1 [Pin_1, Passive, Line]
[endpoint_off_grid]: Symbol pin or wire end off connection grid
    ; warning
    @(1453.20 mm, 324.50 mm): Symbol #PWR0341 Pin 1 [Power input, Line]
[endpoint_off_grid]: Symbol pin or wire end off connection grid
    ; warning
    @(1453.20 mm, 329.58 mm): Symbol #PWR10029 Pin 1 [Power input, Line]
[similar_labels]: Labels are similar (lower/upper case difference only)
    ; warning
    @(1453.20 mm, 351.96 mm): Label 'PWRBTN_N'
    @(1458.28 mm, 343.55 mm): Label 'PWRBTN_n'
[similar_labels]: Labels are similar (lower/upper case difference only)
    ; warning
    @(1453.20 mm, 351.96 mm): Label 'PWRBTN_N'
    @(233.04 mm, 1689.42 mm): Label 'PWRBTN_n'
[similar_labels]: Labels are similar (lower/upper case difference only)
    ; warning
    @(1453.20 mm, 351.96 mm): Label 'PWRBTN_N'
    @(227.96 mm, 1689.42 mm): Label 'PWRBTN_n'
[endpoint_off_grid]: Symbol pin or wire end off connection grid
    ; warning
    @(1453.20 mm, 353.23 mm): Symbol J_PWR_BTN1 Pin 1 [Pin_1, Passive, Line]
[endpoint_off_grid]: Symbol pin or wire end off connection grid
    ; warning
    @(1453.20 mm, 357.04 mm): Symbol #PWR09997 Pin 1 [Power input, Line]
[endpoint_off_grid]: Symbol pin or wire end off connection grid
    ; warning
    @(1453.28 mm, 334.42 mm): Symbol C78 Pin 1 [Passive, Line]
[endpoint_off_grid]: Symbol pin or wire end off connection grid
    ; warning
    @(1453.28 mm, 340.77 mm): Symbol #PWR0260 Pin 1 [Power input, Line]
[endpoint_off_grid]: Symbol pin or wire end off connection grid
    ; warning
    @(1453.28 mm, 346.42 mm): Symbol C79 Pin 1 [Passive, Line]
[endpoint_off_grid]: Symbol pin or wire end off connection grid
    ; warning
    @(1453.28 mm, 352.77 mm): Symbol #PWR0261 Pin 1 [Power input, Line]
[endpoint_off_grid]: Symbol pin or wire end off connection grid
    ; warning
    @(1453.28 mm, 358.42 mm): Symbol C80 Pin 1 [Passive, Line]
[endpoint_off_grid]: Symbol pin or wire end off connection grid
    ; warning
    @(1453.28 mm, 364.77 mm): Symbol #PWR0262 Pin 1 [Power input, Line]
[similar_labels]: Labels are similar (lower/upper case difference only)
    ; warning
    @(1458.28 mm, 393.73 mm): Label 'SCI_N'
    @(1478.28 mm, 388.23 mm): Label 'SCI_n'
[similar_labels]: Labels are similar (lower/upper case difference only)
    ; warning
    @(1458.28 mm, 393.73 mm): Label 'SCI_N'
    @(398.28 mm, 1688.23 mm): Label 'SCI_n'
[endpoint_off_grid]: Symbol pin or wire end off connection grid
    ; warning
    @(1498.28 mm, 489.42 mm): Symbol R87 Pin 1 [Passive, Line]
[endpoint_off_grid]: Symbol pin or wire end off connection grid
    ; warning
    @(1505.90 mm, 498.31 mm): Symbol #PWR4527 Pin 1 [Power input, Line]
[endpoint_off_grid]: Symbol pin or wire end off connection grid
    ; warning
    @(1513.52 mm, 489.42 mm): Symbol R88 Pin 1 [Passive, Line]
[endpoint_off_grid]: Symbol pin or wire end off connection grid
    ; warning
    @(1521.14 mm, 498.31 mm): Symbol #PWR10043 Pin 1 [Power input, Line]
[endpoint_off_grid]: Symbol pin or wire end off connection grid
    ; warning
    @(1528.76 mm, 489.42 mm): Symbol R89 Pin 1 [Passive, Line]
[endpoint_off_grid]: Symbol pin or wire end off connection grid
    ; warning
    @(1531.28 mm, 326.42 mm): Symbol C76 Pin 1 [Passive, Line]
[endpoint_off_grid]: Symbol pin or wire end off connection grid
    ; warning
    @(1531.28 mm, 327.69 mm): Symbol #PWR0271 Pin 1 [~, Power input, Line]
[lib_symbol_issues]: Symbol '+5VSB' not found in symbol library 'power'
    ; warning
    @(1531.28 mm, 327.69 mm): Symbol #PWR0271 [+5VSB]
[endpoint_off_grid]: Symbol pin or wire end off connection grid
    ; warning
    @(1531.28 mm, 332.77 mm): Symbol #PWR0263 Pin 1 [Power input, Line]
[endpoint_off_grid]: Symbol pin or wire end off connection grid
    ; warning
    @(1535.80 mm, 323.23 mm): Symbol #PWR0272 Pin 1 [~, Power input, Line]
[lib_symbol_issues]: Symbol '+5VSB' not found in symbol library 'power'
    ; warning
    @(1535.80 mm, 323.23 mm): Symbol #PWR0272 [+5VSB]
[endpoint_off_grid]: Symbol pin or wire end off connection grid
    ; warning
    @(1536.38 mm, 498.31 mm): Symbol #PWR10065 Pin 1 [Power input, Line]
[endpoint_off_grid]: Symbol pin or wire end off connection grid
    ; warning
    @(1538.28 mm, 471.42 mm): Symbol C68 Pin 1 [Passive, Line]
[endpoint_off_grid]: Symbol pin or wire end off connection grid
    ; warning
    @(1540.66 mm, 293.23 mm): Symbol #PWR10133 Pin 1 [Power input, Line]
[endpoint_off_grid]: Symbol pin or wire end off connection grid
    ; warning
    @(1540.66 mm, 295.77 mm): Symbol #PWR10130 Pin 1 [Power input, Line]
[endpoint_off_grid]: Symbol pin or wire end off connection grid
    ; warning
    @(1540.66 mm, 298.31 mm): Symbol #PWR10101 Pin 1 [Power input, Line]
[endpoint_off_grid]: Symbol pin or wire end off connection grid
    ; warning
    @(1540.66 mm, 445.77 mm): Symbol #PWR10110 Pin 1 [Power input, Line]
[endpoint_off_grid]: Symbol pin or wire end off connection grid
    ; warning
    @(1540.66 mm, 600.69 mm): Symbol #PWR10126 Pin 1 [Power input, Line]
[endpoint_off_grid]: Symbol pin or wire end off connection grid
    ; warning
    @(1540.66 mm, 608.31 mm): Symbol #PWR10099 Pin 1 [Power input, Line]
[endpoint_off_grid]: Symbol pin or wire end off connection grid
    ; warning
    @(1540.66 mm, 650.69 mm): Symbol #PWR10141 Pin 1 [Power input, Line]
[endpoint_off_grid]: Symbol pin or wire end off connection grid
    ; warning
    @(1540.66 mm, 658.31 mm): Symbol #PWR10140 Pin 1 [Power input, Line]
[endpoint_off_grid]: Symbol pin or wire end off connection grid
    ; warning
    @(1543.20 mm, 440.69 mm): Symbol J_BAT1 Pin 1 [Pin_1, Passive, Line]
[endpoint_off_grid]: Symbol pin or wire end off connection grid
    ; warning
    @(1546.28 mm, 471.42 mm): Symbol C69 Pin 1 [Passive, Line]
[lib_symbol_mismatch]: Symbol 'AMS1117-3.3' doesn't match copy in library 'Regulator_Linear'
    ; warning
    @(1548.28 mm, 323.23 mm): Symbol U30 [AMS1117-3.3]
[endpoint_off_grid]: Symbol pin or wire end off connection grid
    ; warning
    @(1548.28 mm, 335.77 mm): Symbol #PWR0264 Pin 1 [Power input, Line]
[endpoint_off_grid]: Symbol pin or wire end off connection grid
    ; warning
    @(1548.28 mm, 549.42 mm): Symbol R51 Pin 1 [Passive, Line]
[lib_symbol_mismatch]: Symbol 'AP7361C-33E' doesn't match copy in library 'Regulator_Linear'
    ; warning
    @(1548.28 mm, 603.23 mm): Symbol U20 [AP7361C-33E]
[lib_symbol_mismatch]: Symbol 'AP7361C-33E' doesn't match copy in library 'Regulator_Linear'
    ; warning
    @(1548.28 mm, 653.23 mm): Symbol U21 [AP7361C-33E]
[endpoint_off_grid]: Symbol pin or wire end off connection grid
    ; warning
    @(1554.28 mm, 471.42 mm): Symbol C70 Pin 1 [Passive, Line]
[endpoint_off_grid]: Symbol pin or wire end off connection grid
    ; warning
    @(1562.28 mm, 471.42 mm): Symbol C71 Pin 1 [Passive, Line]
[endpoint_off_grid]: Symbol pin or wire end off connection grid
    ; warning
    @(1565.28 mm, 326.42 mm): Symbol C77 Pin 1 [Passive, Line]
[endpoint_off_grid]: Symbol pin or wire end off connection grid
    ; warning
    @(1565.28 mm, 332.77 mm): Symbol #PWR0265 Pin 1 [Power input, Line]
[endpoint_off_grid]: Symbol pin or wire end off connection grid
    ; warning
    @(1568.60 mm, 293.23 mm): Symbol #PWR10127 Pin 1 [Power input, Line]
[endpoint_off_grid]: Symbol pin or wire end off connection grid
    ; warning
    @(1568.60 mm, 295.77 mm): Symbol #PWR10100 Pin 1 [Power input, Line]
[no_connect_dangling]: Unconnected "no connection" flag
    ; warning
    @(1568.60 mm, 313.55 mm): No Connect
[endpoint_off_grid]: Symbol pin or wire end off connection grid
    ; warning
    @(1570.66 mm, 600.69 mm): Symbol #PWR10134 Pin 1 [Power input, Line]
[endpoint_off_grid]: Symbol pin or wire end off connection grid
    ; warning
    @(1570.66 mm, 608.31 mm): Symbol #PWR10123 Pin 1 [Power input, Line]
[endpoint_off_grid]: Symbol pin or wire end off connection grid
    ; warning
    @(1570.66 mm, 650.69 mm): Symbol #PWR10139 Pin 1 [Power input, Line]
[endpoint_off_grid]: Symbol pin or wire end off connection grid
    ; warning
    @(1570.66 mm, 658.31 mm): Symbol #PWR10129 Pin 1 [Power input, Line]
[endpoint_off_grid]: Symbol pin or wire end off connection grid
    ; warning
    @(1578.28 mm, 549.42 mm): Symbol R52 Pin 1 [Passive, Line]
[endpoint_off_grid]: Symbol pin or wire end off connection grid
    ; warning
    @(1578.28 mm, 599.42 mm): Symbol C55 Pin 1 [Passive, Line]
[endpoint_off_grid]: Symbol pin or wire end off connection grid
    ; warning
    @(1578.28 mm, 649.42 mm): Symbol C57 Pin 1 [Passive, Line]
[endpoint_off_grid]: Symbol pin or wire end off connection grid
    ; warning
    @(1585.90 mm, 555.77 mm): Symbol #PWR10118 Pin 1 [Power input, Line]
[endpoint_off_grid]: Symbol pin or wire end off connection grid
    ; warning
    @(1590.74 mm, 290.69 mm): Symbol #PWR10131 Pin 1 [Power input, Line]
[endpoint_off_grid]: Symbol pin or wire end off connection grid
    ; warning
    @(1590.74 mm, 298.31 mm): Symbol #PWR10121 Pin 1 [Power input, Line]
[endpoint_off_grid]: Symbol pin or wire end off connection grid
    ; warning
    @(1590.74 mm, 305.69 mm): Symbol #PWR10122 Pin 1 [Power input, Line]
[endpoint_off_grid]: Symbol pin or wire end off connection grid
    ; warning
    @(1590.74 mm, 313.31 mm): Symbol #PWR10107 Pin 1 [Power input, Line]
[endpoint_off_grid]: Symbol pin or wire end off connection grid
    ; warning
    @(1593.28 mm, 289.42 mm): Symbol C52 Pin 1 [Passive, Line]
[endpoint_off_grid]: Symbol pin or wire end off connection grid
    ; warning
    @(1593.28 mm, 304.42 mm): Symbol C53 Pin 1 [Passive, Line]
[endpoint_off_grid]: Symbol pin or wire end off connection grid
    ; warning
    @(1595.66 mm, 608.31 mm): Symbol #PWR10106 Pin 1 [Power input, Line]
[endpoint_off_grid]: Symbol pin or wire end off connection grid
    ; warning
    @(1595.66 mm, 658.31 mm): Symbol #PWR10137 Pin 1 [Power input, Line]
[endpoint_off_grid]: Symbol pin or wire end off connection grid
    ; warning
    @(1600.66 mm, 558.31 mm): Symbol #PWR10103 Pin 1 [Power input, Line]
[endpoint_off_grid]: Symbol pin or wire end off connection grid
    ; warning
    @(1603.28 mm, 599.42 mm): Symbol C56 Pin 1 [Passive, Line]
[endpoint_off_grid]: Symbol pin or wire end off connection grid
    ; warning
    @(1603.28 mm, 649.42 mm): Symbol C58 Pin 1 [Passive, Line]
[endpoint_off_grid]: Symbol pin or wire end off connection grid
    ; warning
    @(1608.20 mm, 293.23 mm): Symbol J_ANT1 Pin 1 [Pin_1, Passive, Line]
[endpoint_off_grid]: Symbol pin or wire end off connection grid
    ; warning
    @(1608.20 mm, 313.23 mm): Symbol J_ANT2 Pin 1 [Pin_1, Passive, Line]
[endpoint_off_grid]: Symbol pin or wire end off connection grid
    ; warning
    @(1608.20 mm, 333.23 mm): Symbol J_ANT3 Pin 1 [Pin_1, Passive, Line]
[endpoint_off_grid]: Symbol pin or wire end off connection grid
    ; warning
    @(1608.28 mm, 295.77 mm): Symbol #PWR10108 Pin 1 [Power input, Line]
[endpoint_off_grid]: Symbol pin or wire end off connection grid
    ; warning
    @(1608.28 mm, 315.77 mm): Symbol #PWR10113 Pin 1 [Power input, Line]
[endpoint_off_grid]: Symbol pin or wire end off connection grid
    ; warning
    @(1608.28 mm, 335.77 mm): Symbol #PWR10119 Pin 1 [Power input, Line]
[endpoint_off_grid]: Symbol pin or wire end off connection grid
    ; warning
    @(1608.28 mm, 549.42 mm): Symbol C54 Pin 1 [Passive, Line]
[endpoint_off_grid]: Symbol pin or wire end off connection grid
    ; warning
    @(1638.28 mm, 599.42 mm): Symbol R53 Pin 1 [Passive, Line]
[endpoint_off_grid]: Symbol pin or wire end off connection grid
    ; warning
    @(1668.28 mm, 599.42 mm): Symbol R54 Pin 1 [Passive, Line]
[endpoint_off_grid]: Symbol pin or wire end off connection grid
    ; warning
    @(1675.90 mm, 605.77 mm): Symbol #PWR10117 Pin 1 [Power input, Line]
[endpoint_off_grid]: Symbol pin or wire end off connection grid
    ; warning
    @(1680.66 mm, 318.63 mm): Symbol #PWR10135 Pin 1 [Power input, Line]
[endpoint_off_grid]: Symbol pin or wire end off connection grid
    ; warning
    @(1683.20 mm, 280.53 mm): Symbol J_CAM1 Pin 1 [Pin_1, Passive, Line]
[endpoint_off_grid]: Symbol pin or wire end off connection grid
    ; warning
    @(1690.66 mm, 608.31 mm): Symbol #PWR10112 Pin 1 [Power input, Line]
[endpoint_off_grid]: Symbol pin or wire end off connection grid
    ; warning
    @(1698.28 mm, 599.42 mm): Symbol C59 Pin 1 [Passive, Line]
[endpoint_off_grid]: Symbol pin or wire end off connection grid
    ; warning
    @(1708.60 mm, 318.63 mm): Symbol #PWR10115 Pin 1 [Power input, Line]
[endpoint_off_grid]: Symbol pin or wire end off connection grid
    ; warning
    @(1736.00 mm, 792.70 mm): Symbol #PWR9837 Pin 1 [Power input, Line]
[endpoint_off_grid]: Symbol pin or wire end off connection grid
    ; warning
    @(1736.00 mm, 807.00 mm): Symbol #PWR9840 Pin 1 [Power input, Line]
[endpoint_off_grid]: Symbol pin or wire end off connection grid
    ; warning
    @(1748.00 mm, 790.16 mm): Symbol FB1 Pin 1 [~, Passive, Line]
[lib_symbol_issues]: Symbol 'Ferrite_Bead' not found in symbol library 'Device'
    ; warning
    @(1748.00 mm, 792.70 mm): Symbol FB1 [Ferrite_Bead]
[endpoint_off_grid]: Symbol pin or wire end off connection grid
    ; warning
    @(1748.00 mm, 804.46 mm): Symbol FB2 Pin 1 [~, Passive, Line]
[lib_symbol_issues]: Symbol 'Ferrite_Bead' not found in symbol library 'Device'
    ; warning
    @(1748.00 mm, 807.00 mm): Symbol FB2 [Ferrite_Bead]
[endpoint_off_grid]: Symbol pin or wire end off connection grid
    ; warning
    @(1754.00 mm, 774.92 mm): Symbol #PWR9836 Pin 1 [Power input, Line]
[endpoint_off_grid]: Symbol pin or wire end off connection grid
    ; warning
    @(1760.66 mm, 318.63 mm): Symbol #PWR10143 Pin 1 [Power input, Line]
[endpoint_off_grid]: Symbol pin or wire end off connection grid
    ; warning
    @(1762.22 mm, 762.22 mm): Symbol U32 Pin 1 [HDA_SDI, Input, Line]
[isolated_pin_label]: Label connected to only one pin
    ; warning
    @(1762.22 mm, 774.92 mm): Label 'MIC1_N'
[isolated_pin_label]: Label connected to only one pin
    ; warning
    @(1762.22 mm, 774.92 mm): Label 'MIC1_N'
[no_connect_connected]: A pin with a "no connection" flag is connected
    ; warning
    @(1762.22 mm, 777.46 mm): Symbol U32 Pin 12 [MIC2_P, Input, Line]
    @(1859.84 mm, 782.54 mm): No Connect
[endpoint_off_grid]: Symbol pin or wire end off connection grid
    ; warning
    @(1762.22 mm, 792.70 mm): Symbol #PWR9534 Pin 1 [Power input, Line]
[endpoint_off_grid]: Symbol pin or wire end off connection grid
    ; warning
    @(1762.22 mm, 792.70 mm): Symbol #PWR0273 Pin 1 [Power input, Line]
[endpoint_off_grid]: Symbol pin or wire end off connection grid
    ; warning
    @(1762.22 mm, 795.24 mm): Symbol #PWR4117 Pin 1 [Power input, Line]
[endpoint_off_grid]: Symbol pin or wire end off connection grid
    ; warning
    @(1762.22 mm, 795.24 mm): Symbol #PWR0274 Pin 1 [Power input, Line]
[endpoint_off_grid]: Symbol pin or wire end off connection grid
    ; warning
    @(1762.22 mm, 796.19 mm): Symbol C101 Pin 1 [Passive, Line]
[endpoint_off_grid]: Symbol pin or wire end off connection grid
    ; warning
    @(1762.22 mm, 804.54 mm): Symbol #PWR9838 Pin 1 [Power input, Line]
[endpoint_off_grid]: Symbol pin or wire end off connection grid
    ; warning
    @(1762.22 mm, 810.19 mm): Symbol C103 Pin 1 [Passive, Line]
[endpoint_off_grid]: Symbol pin or wire end off connection grid
    ; warning
    @(1762.22 mm, 818.54 mm): Symbol #PWR9841 Pin 1 [Power input, Line]
[endpoint_off_grid]: Symbol pin or wire end off connection grid
    ; warning
    @(1763.20 mm, 280.53 mm): Symbol J_CAM2 Pin 1 [Pin_1, Passive, Line]
[endpoint_off_grid]: Symbol pin or wire end off connection grid
    ; warning
    @(1769.84 mm, 785.08 mm): Symbol #PWR10044 Pin 1 [Power input, Line]
[endpoint_off_grid]: Symbol pin or wire end off connection grid
    ; warning
    @(1770.00 mm, 796.19 mm): Symbol C102 Pin 1 [Passive, Line]
[endpoint_off_grid]: Symbol pin or wire end off connection grid
    ; warning
    @(1770.00 mm, 804.54 mm): Symbol #PWR9839 Pin 1 [Power input, Line]
[endpoint_off_grid]: Symbol pin or wire end off connection grid
    ; warning
    @(1770.00 mm, 810.19 mm): Symbol C104 Pin 1 [Passive, Line]
[endpoint_off_grid]: Symbol pin or wire end off connection grid
    ; warning
    @(1770.00 mm, 818.54 mm): Symbol #PWR9842 Pin 1 [Power input, Line]
[endpoint_off_grid]: Symbol pin or wire end off connection grid
    ; warning
    @(1770.66 mm, 443.23 mm): Symbol #PWR10124 Pin 1 [Power input, Line]
[endpoint_off_grid]: Symbol pin or wire end off connection grid
    ; warning
    @(1770.66 mm, 445.77 mm): Symbol #PWR10105 Pin 1 [Power input, Line]
[endpoint_off_grid]: Symbol pin or wire end off connection grid
    ; warning
    @(1770.66 mm, 483.23 mm): Symbol #PWR10104 Pin 1 [Power input, Line]
[endpoint_off_grid]: Symbol pin or wire end off connection grid
    ; warning
    @(1770.66 mm, 485.77 mm): Symbol #PWR10136 Pin 1 [Power input, Line]
[endpoint_off_grid]: Symbol pin or wire end off connection grid
    ; warning
    @(1770.66 mm, 523.23 mm): Symbol #PWR10098 Pin 1 [Power input, Line]
[endpoint_off_grid]: Symbol pin or wire end off connection grid
    ; warning
    @(1770.66 mm, 525.77 mm): Symbol #PWR10128 Pin 1 [Power input, Line]
[endpoint_off_grid]: Symbol pin or wire end off connection grid
    ; warning
    @(1773.20 mm, 440.69 mm): Symbol J_FAN3 Pin 1 [Pin_1, Passive, Line]
[endpoint_off_grid]: Symbol pin or wire end off connection grid
    ; warning
    @(1773.20 mm, 480.69 mm): Symbol J_FAN4 Pin 1 [Pin_1, Passive, Line]
[endpoint_off_grid]: Symbol pin or wire end off connection grid
    ; warning
    @(1773.20 mm, 520.69 mm): Symbol J_FAN5 Pin 1 [Pin_1, Passive, Line]
[endpoint_off_grid]: Symbol pin or wire end off connection grid
    ; warning
    @(1775.00 mm, 803.00 mm): Symbol #PWR0275 Pin 1 [Power input, Line]
[endpoint_off_grid]: Symbol pin or wire end off connection grid
    ; warning
    @(1775.00 mm, 804.19 mm): Symbol C94 Pin 1 [Passive, Line]
[endpoint_off_grid]: Symbol pin or wire end off connection grid
    ; warning
    @(1775.00 mm, 815.00 mm): Symbol #PWR0276 Pin 1 [Power input, Line]
[lib_symbol_issues]: The current configuration does not include the symbol library ''
    ; warning
    @(1780.00 mm, 780.00 mm): Symbol U32 [ALC897]
[endpoint_off_grid]: Symbol pin or wire end off connection grid
    ; warning
    @(1785.00 mm, 803.00 mm): Symbol #PWR0277 Pin 1 [Power input, Line]
[endpoint_off_grid]: Symbol pin or wire end off connection grid
    ; warning
    @(1785.00 mm, 804.19 mm): Symbol C95 Pin 1 [Passive, Line]
[endpoint_off_grid]: Symbol pin or wire end off connection grid
    ; warning
    @(1785.00 mm, 815.00 mm): Symbol #PWR0278 Pin 1 [Power input, Line]
[endpoint_off_grid]: Symbol pin or wire end off connection grid
    ; warning
    @(1788.60 mm, 318.63 mm): Symbol #PWR10120 Pin 1 [Power input, Line]
[endpoint_off_grid]: Symbol pin or wire end off connection grid
    ; warning
    @(1797.78 mm, 795.24 mm): Symbol #PWR0279 Pin 1 [Power input, Line]
[endpoint_off_grid]: Symbol pin or wire end off connection grid
    ; warning
    @(1797.78 mm, 795.24 mm): Symbol #PWR09981 Pin 1 [Power input, Line]
[endpoint_off_grid]: Symbol pin or wire end off connection grid
    ; warning
    @(1797.78 mm, 797.78 mm): Symbol #PWR0280 Pin 1 [Power input, Line]
[endpoint_off_grid]: Symbol pin or wire end off connection grid
    ; warning
    @(1797.78 mm, 797.78 mm): Symbol #PWR5549 Pin 1 [Power input, Line]
[endpoint_off_grid]: Symbol pin or wire end off connection grid
    ; warning
    @(1804.19 mm, 770.00 mm): Symbol R90 Pin 1 [Passive, Line]
[endpoint_off_grid]: Symbol pin or wire end off connection grid
    ; warning
    @(1805.78 mm, 771.11 mm): Symbol C96 Pin 1 [Passive, Line]
[endpoint_off_grid]: Symbol pin or wire end off connection grid
    ; warning
    @(1805.78 mm, 782.00 mm): Symbol #PWR0281 Pin 1 [Power input, Line]
[endpoint_off_grid]: Symbol pin or wire end off connection grid
    ; warning
    @(1808.00 mm, 765.24 mm): Symbol #PWR9835 Pin 1 [Power input, Line]
[endpoint_off_grid]: Symbol pin or wire end off connection grid
    ; warning
    @(1808.00 mm, 796.19 mm): Symbol C105 Pin 1 [Passive, Line]
[endpoint_off_grid]: Symbol pin or wire end off connection grid
    ; warning
    @(1808.00 mm, 804.54 mm): Symbol #PWR9843 Pin 1 [Power input, Line]
[endpoint_off_grid]: Symbol pin or wire end off connection grid
    ; warning
    @(1817.19 mm, 764.76 mm): Symbol C99 Pin 1 [Passive, Line]
[endpoint_off_grid]: Symbol pin or wire end off connection grid
    ; warning
    @(1817.19 mm, 767.30 mm): Symbol C100 Pin 1 [Passive, Line]
[endpoint_off_grid]: Symbol pin or wire end off connection grid
    ; warning
    @(1820.00 mm, 795.24 mm): Symbol #PWR9844 Pin 1 [Power input, Line]
[endpoint_off_grid]: Symbol pin or wire end off connection grid
    ; warning
    @(1823.81 mm, 760.95 mm): Symbol C97 Pin 1 [Passive, Line]
[multiple_net_names]: Both HP_L and HP_L_OUT are attached to the same items; HP_L will be used in the netlist
    ; warning
    @(1769.84 mm, 774.92 mm): Label 'HP_L'
    @(1829.50 mm, 764.76 mm): Label 'HP_L_OUT'
[multiple_net_names]: Both HP_R and HP_R_OUT are attached to the same items; HP_R will be used in the netlist
    ; warning
    @(1769.84 mm, 777.46 mm): Label 'HP_R'
    @(1829.50 mm, 767.30 mm): Label 'HP_R_OUT'
[endpoint_off_grid]: Symbol pin or wire end off connection grid
    ; warning
    @(1833.81 mm, 763.49 mm): Symbol C98 Pin 1 [Passive, Line]
[endpoint_off_grid]: Symbol pin or wire end off connection grid
    ; warning
    @(1859.84 mm, 774.92 mm): Symbol J_AUDIO1 Pin 1 [T, Passive, Line]
[endpoint_off_grid]: Symbol pin or wire end off connection grid
    ; warning
    @(1859.84 mm, 785.08 mm): Symbol #PWR0282 Pin 1 [Power input, Line]
[endpoint_off_grid]: Symbol pin or wire end off connection grid
    ; warning
    @(1859.84 mm, 785.08 mm): Symbol #PWR10070 Pin 1 [Power input, Line]
[endpoint_off_grid]: Symbol pin or wire end off connection grid
    ; warning
    @(1859.84 mm, 787.62 mm): Symbol #PWR9834 Pin 1 [Power input, Line]
[endpoint_off_grid]: Symbol pin or wire end off connection grid
    ; warning
    @(1860.66 mm, 300.85 mm): Symbol #PWR10125 Pin 1 [Power input, Line]
[endpoint_off_grid]: Symbol pin or wire end off connection grid
    ; warning
    @(1860.66 mm, 445.77 mm): Symbol #PWR10109 Pin 1 [Power input, Line]
[endpoint_off_grid]: Symbol pin or wire end off connection grid
    ; warning
    @(1860.66 mm, 450.85 mm): Symbol #PWR10132 Pin 1 [Power input, Line]
[endpoint_off_grid]: Symbol pin or wire end off connection grid
    ; warning
    @(1860.66 mm, 453.39 mm): Symbol #PWR10142 Pin 1 [Power input, Line]
[endpoint_off_grid]: Symbol pin or wire end off connection grid
    ; warning
    @(1860.66 mm, 533.23 mm): Symbol #PWR09909 Pin 1 [Power input, Line]
[endpoint_off_grid]: Symbol pin or wire end off connection grid
    ; warning
    @(1860.66 mm, 538.31 mm): Symbol #PWR4276 Pin 1 [Power input, Line]
[endpoint_off_grid]: Symbol pin or wire end off connection grid
    ; warning
    @(1860.66 mm, 583.23 mm): Symbol #PWR10111 Pin 1 [Power input, Line]
[no_connect_dangling]: Unconnected "no connection" flag
    ; warning
    @(1860.66 mm, 585.77 mm): No Connect
[endpoint_off_grid]: Symbol pin or wire end off connection grid
    ; warning
    @(1860.66 mm, 588.31 mm): Symbol #PWR10102 Pin 1 [Power input, Line]
[endpoint_off_grid]: Symbol pin or wire end off connection grid
    ; warning
    @(1863.20 mm, 290.69 mm): Symbol J_MIC1 Pin 1 [Pin_1, Passive, Line]
[endpoint_off_grid]: Symbol pin or wire end off connection grid
    ; warning
    @(1863.20 mm, 438.15 mm): Symbol J_FPANEL1 Pin 1 [Pin_1, Passive, Line]
[endpoint_off_grid]: Symbol pin or wire end off connection grid
    ; warning
    @(1863.20 mm, 530.69 mm): Symbol J_JCMOS1 Pin 1 [Pin_1, Passive, Line]
[endpoint_off_grid]: Symbol pin or wire end off connection grid
    ; warning
    @(1863.20 mm, 580.69 mm): Symbol J_SPEAKER1 Pin 1 [Pin_1, Passive, Line]
[lib_symbol_issues]: The current configuration does not include the symbol library ''
    ; warning
    @(1870.00 mm, 780.00 mm): Symbol J_AUDIO1 [AudioJack_TRRS]
[endpoint_off_grid]: Symbol pin or wire end off connection grid
    ; warning
    @(1888.60 mm, 300.85 mm): Symbol #PWR10116 Pin 1 [Power input, Line]
[endpoint_off_grid]: Symbol pin or wire end off connection grid
    ; warning
    @(1888.60 mm, 445.77 mm): Symbol #PWR10138 Pin 1 [Power input, Line]
[endpoint_off_grid]: Symbol pin or wire end off connection grid
    ; warning
    @(1888.60 mm, 450.85 mm): Symbol #PWR10114 Pin 1 [Power input, Line]
[no_connect_dangling]: Unconnected "no connection" flag
    ; warning
    @(1888.60 mm, 453.39 mm): No Connect
[endpoint_off_grid]: Symbol pin or wire end off connection grid
    ; warning
    @(2000.66 mm, 338.95 mm): Symbol #PWR10063 Pin 1 [Power input, Line]
[multiple_net_names]: Both +3V3 and PCIE_REFCLK_p are attached to the same items; +3V3 will be used in the netlist
    ; warning
    @(1736.00 mm, 792.70 mm): Symbol #PWR9837 Pin 1 [Power input, Line]
    @(2000.66 mm, 338.95 mm): Label 'PCIE_REFCLK_p'
[endpoint_off_grid]: Symbol pin or wire end off connection grid
    ; warning
    @(2000.66 mm, 341.49 mm): Symbol #PWR09998 Pin 1 [Power input, Line]
[endpoint_off_grid]: Symbol pin or wire end off connection grid
    ; warning
    @(2000.66 mm, 463.55 mm): Symbol #PWR09879 Pin 1 [Power input, Line]
[endpoint_off_grid]: Symbol pin or wire end off connection grid
    ; warning
    @(2000.66 mm, 466.09 mm): Symbol #PWR10088 Pin 1 [Power input, Line]
[endpoint_off_grid]: Symbol pin or wire end off connection grid
    ; warning
    @(2000.66 mm, 468.63 mm): Symbol #PWR10075 Pin 1 [Power input, Line]
[endpoint_off_grid]: Symbol pin or wire end off connection grid
    ; warning
    @(2000.66 mm, 615.23 mm): Symbol #PWR0283 Pin 1 [Power input, Line]
[endpoint_off_grid]: Symbol pin or wire end off connection grid
    ; warning
    @(2003.20 mm, 270.37 mm): Symbol J_M2_GPU1 Pin 1 [Pin_1, Passive, Line]
[endpoint_off_grid]: Symbol pin or wire end off connection grid
    ; warning
    @(2003.20 mm, 425.45 mm): Symbol U8 Pin 1 [Pin_1, Passive, Line]
[endpoint_off_grid]: Symbol pin or wire end off connection grid
    ; warning
    @(2003.20 mm, 618.15 mm): Symbol J_TPM1 Pin 1 [Pin_1, Passive, Line]
[endpoint_off_grid]: Symbol pin or wire end off connection grid
    ; warning
    @(2008.28 mm, 614.42 mm): Symbol C66 Pin 1 [Passive, Line]
[endpoint_off_grid]: Symbol pin or wire end off connection grid
    ; warning
    @(2016.28 mm, 614.42 mm): Symbol C67 Pin 1 [Passive, Line]
[endpoint_off_grid]: Symbol pin or wire end off connection grid
    ; warning
    @(2028.60 mm, 338.95 mm): Symbol #PWR09894 Pin 1 [Power input, Line]
[endpoint_off_grid]: Symbol pin or wire end off connection grid
    ; warning
    @(2028.60 mm, 341.49 mm): Symbol #PWR9832 Pin 1 [Power input, Line]
[endpoint_off_grid]: Symbol pin or wire end off connection grid
    ; warning
    @(2028.60 mm, 478.79 mm): Symbol #PWR3959 Pin 1 [Power input, Line]
[no_connect_dangling]: Unconnected "no connection" flag
    ; warning
    @(2028.60 mm, 481.33 mm): No Connect
[endpoint_off_grid]: Symbol pin or wire end off connection grid
    ; warning
    @(2028.60 mm, 623.23 mm): Symbol #PWR9630 Pin 1 [Power input, Line]
[no_connect_dangling]: Unconnected "no connection" flag
    ; warning
    @(2028.60 mm, 625.77 mm): No Connect
[endpoint_off_grid]: Symbol pin or wire end off connection grid
    ; warning
    @(2028.60 mm, 628.31 mm): Symbol #PWR09927 Pin 1 [Power input, Line]
[endpoint_off_grid]: Symbol pin or wire end off connection grid
    ; warning
    @(2028.60 mm, 630.85 mm): Symbol #PWR09882 Pin 1 [Power input, Line]
[endpoint_off_grid]: Symbol pin or wire end off connection grid
    ; warning
    @(2028.60 mm, 633.39 mm): Symbol #PWR4385 Pin 1 [Power input, Line]
[endpoint_off_grid]: Symbol pin or wire end off connection grid
    ; warning
    @(2050.66 mm, 290.69 mm): Symbol #PWR10067 Pin 1 [Power input, Line]
[endpoint_off_grid]: Symbol pin or wire end off connection grid
    ; warning
    @(2050.66 mm, 298.31 mm): Symbol #PWR10068 Pin 1 [Power input, Line]
[endpoint_off_grid]: Symbol pin or wire end off connection grid
    ; warning
    @(2050.66 mm, 305.69 mm): Symbol #PWR10083 Pin 1 [Power input, Line]
[endpoint_off_grid]: Symbol pin or wire end off connection grid
    ; warning
    @(2050.66 mm, 313.31 mm): Symbol #PWR10058 Pin 1 [Power input, Line]
[endpoint_off_grid]: Symbol pin or wire end off connection grid
    ; warning
    @(2050.66 mm, 440.69 mm): Symbol #PWR09906 Pin 1 [Power input, Line]
[endpoint_off_grid]: Symbol pin or wire end off connection grid
    ; warning
    @(2050.66 mm, 448.31 mm): Symbol #PWR09952 Pin 1 [Power input, Line]
[endpoint_off_grid]: Symbol pin or wire end off connection grid
    ; warning
    @(2050.66 mm, 455.69 mm): Symbol #PWR10096 Pin 1 [Power input, Line]
[endpoint_off_grid]: Symbol pin or wire end off connection grid
    ; warning
    @(2050.66 mm, 463.31 mm): Symbol #PWR10041 Pin 1 [Power input, Line]
[endpoint_off_grid]: Symbol pin or wire end off connection grid
    ; warning
    @(2050.66 mm, 470.69 mm): Symbol #PWR09968 Pin 1 [Power input, Line]
[endpoint_off_grid]: Symbol pin or wire end off connection grid
    ; warning
    @(2050.66 mm, 478.31 mm): Symbol #PWR1120 Pin 1 [Power input, Line]
[endpoint_off_grid]: Symbol pin or wire end off connection grid
    ; warning
    @(2050.66 mm, 485.69 mm): Symbol #PWR09926 Pin 1 [Power input, Line]
[endpoint_off_grid]: Symbol pin or wire end off connection grid
    ; warning
    @(2050.66 mm, 493.31 mm): Symbol #PWR09984 Pin 1 [Power input, Line]
[endpoint_off_grid]: Symbol pin or wire end off connection grid
    ; warning
    @(2058.28 mm, 289.42 mm): Symbol C90 Pin 1 [Passive, Line]
[endpoint_off_grid]: Symbol pin or wire end off connection grid
    ; warning
    @(2058.28 mm, 304.42 mm): Symbol C91 Pin 1 [Passive, Line]
[endpoint_off_grid]: Symbol pin or wire end off connection grid
    ; warning
    @(2058.28 mm, 439.42 mm): Symbol C92 Pin 1 [Passive, Line]
[endpoint_off_grid]: Symbol pin or wire end off connection grid
    ; warning
    @(2058.28 mm, 454.42 mm): Symbol C93 Pin 1 [Passive, Line]
[endpoint_off_grid]: Symbol pin or wire end off connection grid
    ; warning
    @(2058.28 mm, 469.42 mm): Symbol C64 Pin 1 [Passive, Line]
[endpoint_off_grid]: Symbol pin or wire end off connection grid
    ; warning
    @(2058.28 mm, 484.42 mm): Symbol C65 Pin 1 [Passive, Line]
[endpoint_off_grid]: Symbol pin or wire end off connection grid
    ; warning
    @(2080.66 mm, 458.47 mm): Symbol #PWR09951 Pin 1 [Power input, Line]
[endpoint_off_grid]: Symbol pin or wire end off connection grid
    ; warning
    @(2080.66 mm, 461.01 mm): Symbol #PWR10090 Pin 1 [Power input, Line]
[endpoint_off_grid]: Symbol pin or wire end off connection grid
    ; warning
    @(2080.66 mm, 498.47 mm): Symbol #PWR10095 Pin 1 [Power input, Line]
[endpoint_off_grid]: Symbol pin or wire end off connection grid
    ; warning
    @(2080.66 mm, 501.01 mm): Symbol #PWR10030 Pin 1 [Power input, Line]
[endpoint_off_grid]: Symbol pin or wire end off connection grid
    ; warning
    @(2083.20 mm, 435.61 mm): Symbol J_ETH1 Pin 1 [Pin_1, Passive, Line]
[endpoint_off_grid]: Symbol pin or wire end off connection grid
    ; warning
    @(2083.20 mm, 475.61 mm): Symbol J_ETH2 Pin 1 [Pin_1, Passive, Line]
[endpoint_off_grid]: Symbol pin or wire end off connection grid
    ; warning
    @(2140.66 mm, 321.17 mm): Symbol #PWR5139 Pin 1 [Power input, Line]
[endpoint_off_grid]: Symbol pin or wire end off connection grid
    ; warning
    @(2143.20 mm, 285.61 mm): Symbol J_DP_OUT1 Pin 1 [Pin_1, Passive, Line]
[endpoint_off_grid]: Symbol pin or wire end off connection grid
    ; warning
    @(2240.66 mm, 290.69 mm): Symbol #PWR10052 Pin 1 [~, Power input, Line]
[lib_symbol_issues]: Symbol '+5VSB' not found in symbol library 'power'
    ; warning
    @(2240.66 mm, 290.69 mm): Symbol #PWR10052 [+5VSB]
[endpoint_off_grid]: Symbol pin or wire end off connection grid
    ; warning
    @(2240.66 mm, 298.31 mm): Symbol #PWR1503 Pin 1 [Power input, Line]
[endpoint_off_grid]: Symbol pin or wire end off connection grid
    ; warning
    @(2240.66 mm, 318.31 mm): Symbol #PWR10031 Pin 1 [Power input, Line]
[endpoint_off_grid]: Symbol pin or wire end off connection grid
    ; warning
    @(2240.66 mm, 338.31 mm): Symbol #PWR1448 Pin 1 [Power input, Line]
[endpoint_off_grid]: Symbol pin or wire end off connection grid
    ; warning
    @(2240.66 mm, 358.31 mm): Symbol #PWR09970 Pin 1 [Power input, Line]
[endpoint_off_grid]: Symbol pin or wire end off connection grid
    ; warning
    @(2240.66 mm, 378.31 mm): Symbol #PWR09895 Pin 1 [Power input, Line]
[endpoint_off_grid]: Symbol pin or wire end off connection grid
    ; warning
    @(2240.66 mm, 440.69 mm): Symbol #PWR10051 Pin 1 [Power input, Line]
[multiple_net_names]: Both J_FAN3_PWM and POST_SER are attached to the same items; J_FAN3_PWM will be used in the netlist
    ; warning
    @(1478.28 mm, 323.23 mm): Label 'J_FAN3_PWM'
    @(2240.66 mm, 443.23 mm): Label 'POST_SER'
[multiple_net_names]: Both J_FAN3_TACH and POST_SRCLK are attached to the same items; J_FAN3_TACH will be used in the netlist
    ; warning
    @(1478.28 mm, 325.77 mm): Label 'J_FAN3_TACH'
    @(2240.66 mm, 445.77 mm): Label 'POST_SRCLK'
[endpoint_off_grid]: Symbol pin or wire end off connection grid
    ; warning
    @(2240.66 mm, 463.55 mm): Symbol #PWR10003 Pin 1 [Power input, Line]
[endpoint_off_grid]: Symbol pin or wire end off connection grid
    ; warning
    @(2240.66 mm, 478.23 mm): Symbol #PWR09947 Pin 1 [Power input, Line]
[endpoint_off_grid]: Symbol pin or wire end off connection grid
    ; warning
    @(2244.47 mm, 293.23 mm): Symbol D1 Pin 1 [K, Passive, Line]
[endpoint_off_grid]: Symbol pin or wire end off connection grid
    ; warning
    @(2244.47 mm, 313.23 mm): Symbol D2 Pin 1 [K, Passive, Line]
[endpoint_off_grid]: Symbol pin or wire end off connection grid
    ; warning
    @(2244.47 mm, 333.23 mm): Symbol D3 Pin 1 [K, Passive, Line]
[endpoint_off_grid]: Symbol pin or wire end off connection grid
    ; warning
    @(2244.47 mm, 353.23 mm): Symbol D4 Pin 1 [K, Passive, Line]
[endpoint_off_grid]: Symbol pin or wire end off connection grid
    ; warning
    @(2244.47 mm, 373.23 mm): Symbol D5 Pin 1 [K, Passive, Line]
[endpoint_off_grid]: Symbol pin or wire end off connection grid
    ; warning
    @(2258.44 mm, 435.61 mm): Symbol U22 Pin 1 [QB, Tri-state, Line]
[endpoint_off_grid]: Symbol pin or wire end off connection grid
    ; warning
    @(2268.28 mm, 289.42 mm): Symbol R60 Pin 1 [Passive, Line]
[endpoint_off_grid]: Symbol pin or wire end off connection grid
    ; warning
    @(2268.28 mm, 309.42 mm): Symbol R61 Pin 1 [Passive, Line]
[endpoint_off_grid]: Symbol pin or wire end off connection grid
    ; warning
    @(2268.28 mm, 329.42 mm): Symbol R62 Pin 1 [Passive, Line]
[endpoint_off_grid]: Symbol pin or wire end off connection grid
    ; warning
    @(2268.28 mm, 349.42 mm): Symbol R63 Pin 1 [Passive, Line]
[endpoint_off_grid]: Symbol pin or wire end off connection grid
    ; warning
    @(2268.28 mm, 369.42 mm): Symbol R80 Pin 1 [Passive, Line]
[endpoint_off_grid]: Symbol pin or wire end off connection grid
    ; warning
    @(2278.28 mm, 339.42 mm): Symbol R81 Pin 1 [Passive, Line]
[endpoint_off_grid]: Symbol pin or wire end off connection grid
    ; warning
    @(2278.28 mm, 354.42 mm): Symbol R82 Pin 1 [Passive, Line]
[endpoint_off_grid]: Symbol pin or wire end off connection grid
    ; warning
    @(2285.90 mm, 348.31 mm): Symbol #PWR10093 Pin 1 [Power input, Line]
[endpoint_off_grid]: Symbol pin or wire end off connection grid
    ; warning
    @(2285.90 mm, 363.31 mm): Symbol #PWR09945 Pin 1 [Power input, Line]
[endpoint_off_grid]: Symbol pin or wire end off connection grid
    ; warning
    @(2288.28 mm, 439.42 mm): Symbol R64 Pin 1 [Passive, Line]
[endpoint_off_grid]: Symbol pin or wire end off connection grid
    ; warning
    @(2288.28 mm, 441.96 mm): Symbol R65 Pin 1 [Passive, Line]
[endpoint_off_grid]: Symbol pin or wire end off connection grid
    ; warning
    @(2288.28 mm, 444.50 mm): Symbol R66 Pin 1 [Passive, Line]
[endpoint_off_grid]: Symbol pin or wire end off connection grid
    ; warning
    @(2288.28 mm, 447.04 mm): Symbol R67 Pin 1 [Passive, Line]
[endpoint_off_grid]: Symbol pin or wire end off connection grid
    ; warning
    @(2288.28 mm, 449.58 mm): Symbol R68 Pin 1 [Passive, Line]
[endpoint_off_grid]: Symbol pin or wire end off connection grid
    ; warning
    @(2288.28 mm, 452.12 mm): Symbol R69 Pin 1 [Passive, Line]
[endpoint_off_grid]: Symbol pin or wire end off connection grid
    ; warning
    @(2288.28 mm, 454.66 mm): Symbol R70 Pin 1 [Passive, Line]
[endpoint_off_grid]: Symbol pin or wire end off connection grid
    ; warning
    @(2288.28 mm, 457.20 mm): Symbol R71 Pin 1 [Passive, Line]
[endpoint_off_grid]: Symbol pin or wire end off connection grid
    ; warning
    @(2300.66 mm, 398.31 mm): Symbol #PWR10028 Pin 1 [Power input, Line]
[endpoint_off_grid]: Symbol pin or wire end off connection grid
    ; warning
    @(2300.66 mm, 418.31 mm): Symbol #PWR10053 Pin 1 [Power input, Line]
[endpoint_off_grid]: Symbol pin or wire end off connection grid
    ; warning
    @(2300.66 mm, 440.69 mm): Symbol #PWR09896 Pin 1 [Power input, Line]
[endpoint_off_grid]: Symbol pin or wire end off connection grid
    ; warning
    @(2300.66 mm, 463.55 mm): Symbol #PWR09922 Pin 1 [Power input, Line]
[endpoint_off_grid]: Symbol pin or wire end off connection grid
    ; warning
    @(2308.28 mm, 389.42 mm): Symbol C60 Pin 1 [Passive, Line]
[endpoint_off_grid]: Symbol pin or wire end off connection grid
    ; warning
    @(2308.28 mm, 409.42 mm): Symbol C62 Pin 1 [Passive, Line]
[endpoint_off_grid]: Symbol pin or wire end off connection grid
    ; warning
    @(2318.44 mm, 435.61 mm): Symbol U23 Pin 1 [QB, Tri-state, Line]
[endpoint_off_grid]: Symbol pin or wire end off connection grid
    ; warning
    @(2320.66 mm, 398.31 mm): Symbol #PWR09969 Pin 1 [Power input, Line]
[endpoint_off_grid]: Symbol pin or wire end off connection grid
    ; warning
    @(2320.66 mm, 418.31 mm): Symbol #PWR09965 Pin 1 [Power input, Line]
[endpoint_off_grid]: Symbol pin or wire end off connection grid
    ; warning
    @(2328.28 mm, 389.42 mm): Symbol C61 Pin 1 [Passive, Line]
[endpoint_off_grid]: Symbol pin or wire end off connection grid
    ; warning
    @(2328.28 mm, 409.42 mm): Symbol C63 Pin 1 [Passive, Line]
[no_connect_dangling]: Unconnected "no connection" flag
    ; warning
    @(2328.60 mm, 463.55 mm): No Connect
[endpoint_off_grid]: Symbol pin or wire end off connection grid
    ; warning
    @(2348.28 mm, 439.42 mm): Symbol R72 Pin 1 [Passive, Line]
[endpoint_off_grid]: Symbol pin or wire end off connection grid
    ; warning
    @(2348.28 mm, 441.96 mm): Symbol R73 Pin 1 [Passive, Line]
[endpoint_off_grid]: Symbol pin or wire end off connection grid
    ; warning
    @(2348.28 mm, 444.50 mm): Symbol R74 Pin 1 [Passive, Line]
[endpoint_off_grid]: Symbol pin or wire end off connection grid
    ; warning
    @(2348.28 mm, 447.04 mm): Symbol R75 Pin 1 [Passive, Line]
[endpoint_off_grid]: Symbol pin or wire end off connection grid
    ; warning
    @(2348.28 mm, 449.58 mm): Symbol R76 Pin 1 [Passive, Line]
[endpoint_off_grid]: Symbol pin or wire end off connection grid
    ; warning
    @(2348.28 mm, 452.12 mm): Symbol R77 Pin 1 [Passive, Line]
[endpoint_off_grid]: Symbol pin or wire end off connection grid
    ; warning
    @(2348.28 mm, 454.66 mm): Symbol R78 Pin 1 [Passive, Line]
[endpoint_off_grid]: Symbol pin or wire end off connection grid
    ; warning
    @(2348.28 mm, 457.20 mm): Symbol R79 Pin 1 [Passive, Line]
[endpoint_off_grid]: Symbol pin or wire end off connection grid
    ; warning
    @(2370.66 mm, 463.55 mm): Symbol #PWR3107 Pin 1 [Power input, Line]
[endpoint_off_grid]: Symbol pin or wire end off connection grid
    ; warning
    @(2370.66 mm, 473.71 mm): Symbol #PWR10094 Pin 1 [Power input, Line]
[endpoint_off_grid]: Symbol pin or wire end off connection grid
    ; warning
    @(2373.20 mm, 433.07 mm): Symbol J_POST_D0 Pin 1 [Pin_1, Passive, Line]
[endpoint_off_grid]: Symbol pin or wire end off connection grid
    ; warning
    @(2400.66 mm, 463.55 mm): Symbol #PWR09991 Pin 1 [Power input, Line]
[endpoint_off_grid]: Symbol pin or wire end off connection grid
    ; warning
    @(2400.66 mm, 473.71 mm): Symbol #PWR09975 Pin 1 [Power input, Line]
[endpoint_off_grid]: Symbol pin or wire end off connection grid
    ; warning
    @(2403.20 mm, 433.07 mm): Symbol J_POST_D1 Pin 1 [Pin_1, Passive, Line]

 ** ERC messages: 4424  Errors 3070  Warnings 1354

 ** Ignored checks:
    - Global label only appears once in the schematic
    - Four connection points are joined together
    - SPICE model issue
    - Assigned footprint doesn't match footprint filters
